{
"type": "FeatureCollection",
"name": "service_by_route",
"crs": { "type": "name", "properties": { "name": "urn:ogc:def:crs:OGC:1.3:CRS84" } },
"features": [
{ "type": "Feature", "properties": { "full_id": "n4736052792", "osm_id": "4736052792", "name": "Bar Cavour", "service_type": "food_drink", "service_subtype": "bar", "route_id": "torino_nascosta_centro", "route_title": "Torino Nascosta nel Centro", "segment_id": "torino_nascosta_centro_01", "segment_index": 1, "from_artwork_id": "testa-michelangelo", "to_artwork_id": "statua-emanuele-filiberto", "from_title": "Testa rovesciata del David", "to_title": "Monumento a Emanuele Filiberto (Caval ëd Bronz)", "profile": "foot-walking", "distance_m": 235.9, "duration_min": 2.83, "notes": "Segmento generato automaticamente con ORS tra due tappe consecutive." }, "geometry": { "type": "Point", "coordinates": [ 7.6849443, 45.0695715 ] } },
{ "type": "Feature", "properties": { "full_id": "n5719659722", "osm_id": "5719659722", "name": "The Loft", "service_type": "food_drink", "service_subtype": "bar", "route_id": "torino_nascosta_centro", "route_title": "Torino Nascosta nel Centro", "segment_id": "torino_nascosta_centro_01", "segment_index": 1, "from_artwork_id": "testa-michelangelo", "to_artwork_id": "statua-emanuele-filiberto", "from_title": "Testa rovesciata del David", "to_title": "Monumento a Emanuele Filiberto (Caval ëd Bronz)", "profile": "foot-walking", "distance_m": 235.9, "duration_min": 2.83, "notes": "Segmento generato automaticamente con ORS tra due tappe consecutive." }, "geometry": { "type": "Point", "coordinates": [ 7.686415, 45.0680891 ] } },
{ "type": "Feature", "properties": { "full_id": "n1599012282", "osm_id": "1599012282", "name": "Strattà", "service_type": "food_drink", "service_subtype": "cafe", "route_id": "torino_nascosta_centro", "route_title": "Torino Nascosta nel Centro", "segment_id": "torino_nascosta_centro_01", "segment_index": 1, "from_artwork_id": "testa-michelangelo", "to_artwork_id": "statua-emanuele-filiberto", "from_title": "Testa rovesciata del David", "to_title": "Monumento a Emanuele Filiberto (Caval ëd Bronz)", "profile": "foot-walking", "distance_m": 235.9, "duration_min": 2.83, "notes": "Segmento generato automaticamente con ORS tra due tappe consecutive." }, "geometry": { "type": "Point", "coordinates": [ 7.6829804, 45.0674347 ] } },
{ "type": "Feature", "properties": { "full_id": "n2018127841", "osm_id": "2018127841", "name": "Caffè Torino", "service_type": "food_drink", "service_subtype": "cafe", "route_id": "torino_nascosta_centro", "route_title": "Torino Nascosta nel Centro", "segment_id": "torino_nascosta_centro_01", "segment_index": 1, "from_artwork_id": "testa-michelangelo", "to_artwork_id": "statua-emanuele-filiberto", "from_title": "Testa rovesciata del David", "to_title": "Monumento a Emanuele Filiberto (Caval ëd Bronz)", "profile": "foot-walking", "distance_m": 235.9, "duration_min": 2.83, "notes": "Segmento generato automaticamente con ORS tra due tappe consecutive." }, "geometry": { "type": "Point", "coordinates": [ 7.6817924, 45.067533599999983 ] } },
{ "type": "Feature", "properties": { "full_id": "n2026209249", "osm_id": "2026209249", "name": "Pepino", "service_type": "food_drink", "service_subtype": "cafe", "route_id": "torino_nascosta_centro", "route_title": "Torino Nascosta nel Centro", "segment_id": "torino_nascosta_centro_01", "segment_index": 1, "from_artwork_id": "testa-michelangelo", "to_artwork_id": "statua-emanuele-filiberto", "from_title": "Testa rovesciata del David", "to_title": "Monumento a Emanuele Filiberto (Caval ëd Bronz)", "profile": "foot-walking", "distance_m": 235.9, "duration_min": 2.83, "notes": "Segmento generato automaticamente con ORS tra due tappe consecutive." }, "geometry": { "type": "Point", "coordinates": [ 7.6845851, 45.0690975 ] } },
{ "type": "Feature", "properties": { "full_id": "n3113566633", "osm_id": "3113566633", "name": "Farmacia del Cambio", "service_type": "food_drink", "service_subtype": "cafe", "route_id": "torino_nascosta_centro", "route_title": "Torino Nascosta nel Centro", "segment_id": "torino_nascosta_centro_01", "segment_index": 1, "from_artwork_id": "testa-michelangelo", "to_artwork_id": "statua-emanuele-filiberto", "from_title": "Testa rovesciata del David", "to_title": "Monumento a Emanuele Filiberto (Caval ëd Bronz)", "profile": "foot-walking", "distance_m": 235.9, "duration_min": 2.83, "notes": "Segmento generato automaticamente con ORS tra due tappe consecutive." }, "geometry": { "type": "Point", "coordinates": [ 7.6849442, 45.0695933 ] } },
{ "type": "Feature", "properties": { "full_id": "n3329639493", "osm_id": "3329639493", "name": "Caffè San Carlo", "service_type": "food_drink", "service_subtype": "cafe", "route_id": "torino_nascosta_centro", "route_title": "Torino Nascosta nel Centro", "segment_id": "torino_nascosta_centro_01", "segment_index": 1, "from_artwork_id": "testa-michelangelo", "to_artwork_id": "statua-emanuele-filiberto", "from_title": "Testa rovesciata del David", "to_title": "Monumento a Emanuele Filiberto (Caval ëd Bronz)", "profile": "foot-walking", "distance_m": 235.9, "duration_min": 2.83, "notes": "Segmento generato automaticamente con ORS tra due tappe consecutive." }, "geometry": { "type": "Point", "coordinates": [ 7.6824451, 45.0684756 ] } },
{ "type": "Feature", "properties": { "full_id": "n4736058642", "osm_id": "4736058642", "name": "Caffè Mokita", "service_type": "food_drink", "service_subtype": "cafe", "route_id": "torino_nascosta_centro", "route_title": "Torino Nascosta nel Centro", "segment_id": "torino_nascosta_centro_01", "segment_index": 1, "from_artwork_id": "testa-michelangelo", "to_artwork_id": "statua-emanuele-filiberto", "from_title": "Testa rovesciata del David", "to_title": "Monumento a Emanuele Filiberto (Caval ëd Bronz)", "profile": "foot-walking", "distance_m": 235.9, "duration_min": 2.83, "notes": "Segmento generato automaticamente con ORS tra due tappe consecutive." }, "geometry": { "type": "Point", "coordinates": [ 7.6826974, 45.06698 ] } },
{ "type": "Feature", "properties": { "full_id": "n5113659218", "osm_id": "5113659218", "name": "cln", "service_type": "food_drink", "service_subtype": "cafe", "route_id": "torino_nascosta_centro", "route_title": "Torino Nascosta nel Centro", "segment_id": "torino_nascosta_centro_01", "segment_index": 1, "from_artwork_id": "testa-michelangelo", "to_artwork_id": "statua-emanuele-filiberto", "from_title": "Testa rovesciata del David", "to_title": "Monumento a Emanuele Filiberto (Caval ëd Bronz)", "profile": "foot-walking", "distance_m": 235.9, "duration_min": 2.83, "notes": "Segmento generato automaticamente con ORS tra due tappe consecutive." }, "geometry": { "type": "Point", "coordinates": [ 7.6825862, 45.06677 ] } },
{ "type": "Feature", "properties": { "full_id": "n5113659448", "osm_id": "5113659448", "name": "Neuv Caval'd Brôns", "service_type": "food_drink", "service_subtype": "cafe", "route_id": "torino_nascosta_centro", "route_title": "Torino Nascosta nel Centro", "segment_id": "torino_nascosta_centro_01", "segment_index": 1, "from_artwork_id": "testa-michelangelo", "to_artwork_id": "statua-emanuele-filiberto", "from_title": "Testa rovesciata del David", "to_title": "Monumento a Emanuele Filiberto (Caval ëd Bronz)", "profile": "foot-walking", "distance_m": 235.9, "duration_min": 2.83, "notes": "Segmento generato automaticamente con ORS tra due tappe consecutive." }, "geometry": { "type": "Point", "coordinates": [ 7.6833782, 45.0678684 ] } },
{ "type": "Feature", "properties": { "full_id": "n5117626914", "osm_id": "5117626914", "name": "Caffè Risorgimento", "service_type": "food_drink", "service_subtype": "cafe", "route_id": "torino_nascosta_centro", "route_title": "Torino Nascosta nel Centro", "segment_id": "torino_nascosta_centro_01", "segment_index": 1, "from_artwork_id": "testa-michelangelo", "to_artwork_id": "statua-emanuele-filiberto", "from_title": "Testa rovesciata del David", "to_title": "Monumento a Emanuele Filiberto (Caval ëd Bronz)", "profile": "foot-walking", "distance_m": 235.9, "duration_min": 2.83, "notes": "Segmento generato automaticamente con ORS tra due tappe consecutive." }, "geometry": { "type": "Point", "coordinates": [ 7.686071, 45.0681197 ] } },
{ "type": "Feature", "properties": { "full_id": "n5121453862", "osm_id": "5121453862", "name": "Deep space lounge", "service_type": "food_drink", "service_subtype": "cafe", "route_id": "torino_nascosta_centro", "route_title": "Torino Nascosta nel Centro", "segment_id": "torino_nascosta_centro_01", "segment_index": 1, "from_artwork_id": "testa-michelangelo", "to_artwork_id": "statua-emanuele-filiberto", "from_title": "Testa rovesciata del David", "to_title": "Monumento a Emanuele Filiberto (Caval ëd Bronz)", "profile": "foot-walking", "distance_m": 235.9, "duration_min": 2.83, "notes": "Segmento generato automaticamente con ORS tra due tappe consecutive." }, "geometry": { "type": "Point", "coordinates": [ 7.6823924, 45.0697661 ] } },
{ "type": "Feature", "properties": { "full_id": "n5155823122", "osm_id": "5155823122", "name": "L Caval D Brons Ristorante Malabar", "service_type": "food_drink", "service_subtype": "cafe", "route_id": "torino_nascosta_centro", "route_title": "Torino Nascosta nel Centro", "segment_id": "torino_nascosta_centro_01", "segment_index": 1, "from_artwork_id": "testa-michelangelo", "to_artwork_id": "statua-emanuele-filiberto", "from_title": "Testa rovesciata del David", "to_title": "Monumento a Emanuele Filiberto (Caval ëd Bronz)", "profile": "foot-walking", "distance_m": 235.9, "duration_min": 2.83, "notes": "Segmento generato automaticamente con ORS tra due tappe consecutive." }, "geometry": { "type": "Point", "coordinates": [ 7.6833738, 45.068007 ] } },
{ "type": "Feature", "properties": { "full_id": "n5416460421", "osm_id": "5416460421", "name": "Costadoro Coffee Lab Diamante", "service_type": "food_drink", "service_subtype": "cafe", "route_id": "torino_nascosta_centro", "route_title": "Torino Nascosta nel Centro", "segment_id": "torino_nascosta_centro_01", "segment_index": 1, "from_artwork_id": "testa-michelangelo", "to_artwork_id": "statua-emanuele-filiberto", "from_title": "Testa rovesciata del David", "to_title": "Monumento a Emanuele Filiberto (Caval ëd Bronz)", "profile": "foot-walking", "distance_m": 235.9, "duration_min": 2.83, "notes": "Segmento generato automaticamente con ORS tra due tappe consecutive." }, "geometry": { "type": "Point", "coordinates": [ 7.6825223, 45.066108 ] } },
{ "type": "Feature", "properties": { "full_id": "n5493352633", "osm_id": "5493352633", "name": "Happiness", "service_type": "food_drink", "service_subtype": "cafe", "route_id": "torino_nascosta_centro", "route_title": "Torino Nascosta nel Centro", "segment_id": "torino_nascosta_centro_01", "segment_index": 1, "from_artwork_id": "testa-michelangelo", "to_artwork_id": "statua-emanuele-filiberto", "from_title": "Testa rovesciata del David", "to_title": "Monumento a Emanuele Filiberto (Caval ëd Bronz)", "profile": "foot-walking", "distance_m": 235.9, "duration_min": 2.83, "notes": "Segmento generato automaticamente con ORS tra due tappe consecutive." }, "geometry": { "type": "Point", "coordinates": [ 7.6847314, 45.066507799999989 ] } },
{ "type": "Feature", "properties": { "full_id": "n11328855589", "osm_id": "11328855589", "name": "Bar Stampa", "service_type": "food_drink", "service_subtype": "cafe", "route_id": "torino_nascosta_centro", "route_title": "Torino Nascosta nel Centro", "segment_id": "torino_nascosta_centro_01", "segment_index": 1, "from_artwork_id": "testa-michelangelo", "to_artwork_id": "statua-emanuele-filiberto", "from_title": "Testa rovesciata del David", "to_title": "Monumento a Emanuele Filiberto (Caval ëd Bronz)", "profile": "foot-walking", "distance_m": 235.9, "duration_min": 2.83, "notes": "Segmento generato automaticamente con ORS tra due tappe consecutive." }, "geometry": { "type": "Point", "coordinates": [ 7.6833762, 45.069388100000012 ] } },
{ "type": "Feature", "properties": { "full_id": "n11346897170", "osm_id": "11346897170", "name": "Luxery caffe Baki", "service_type": "food_drink", "service_subtype": "cafe", "route_id": "torino_nascosta_centro", "route_title": "Torino Nascosta nel Centro", "segment_id": "torino_nascosta_centro_01", "segment_index": 1, "from_artwork_id": "testa-michelangelo", "to_artwork_id": "statua-emanuele-filiberto", "from_title": "Testa rovesciata del David", "to_title": "Monumento a Emanuele Filiberto (Caval ëd Bronz)", "profile": "foot-walking", "distance_m": 235.9, "duration_min": 2.83, "notes": "Segmento generato automaticamente con ORS tra due tappe consecutive." }, "geometry": { "type": "Point", "coordinates": [ 7.6832209, 45.0698347 ] } },
{ "type": "Feature", "properties": { "full_id": "n12530236695", "osm_id": "12530236695", "name": "Obicà", "service_type": "food_drink", "service_subtype": "cafe", "route_id": "torino_nascosta_centro", "route_title": "Torino Nascosta nel Centro", "segment_id": "torino_nascosta_centro_01", "segment_index": 1, "from_artwork_id": "testa-michelangelo", "to_artwork_id": "statua-emanuele-filiberto", "from_title": "Testa rovesciata del David", "to_title": "Monumento a Emanuele Filiberto (Caval ëd Bronz)", "profile": "foot-walking", "distance_m": 235.9, "duration_min": 2.83, "notes": "Segmento generato automaticamente con ORS tra due tappe consecutive." }, "geometry": { "type": "Point", "coordinates": [ 7.6830277, 45.066098899999986 ] } },
{ "type": "Feature", "properties": { "full_id": "n12971427542", "osm_id": "12971427542", "name": "Caffetteria XX Settembre", "service_type": "food_drink", "service_subtype": "cafe", "route_id": "torino_nascosta_centro", "route_title": "Torino Nascosta nel Centro", "segment_id": "torino_nascosta_centro_01", "segment_index": 1, "from_artwork_id": "testa-michelangelo", "to_artwork_id": "statua-emanuele-filiberto", "from_title": "Testa rovesciata del David", "to_title": "Monumento a Emanuele Filiberto (Caval ëd Bronz)", "profile": "foot-walking", "distance_m": 235.9, "duration_min": 2.83, "notes": "Segmento generato automaticamente con ORS tra due tappe consecutive." }, "geometry": { "type": "Point", "coordinates": [ 7.6818533, 45.0692764 ] } },
{ "type": "Feature", "properties": { "full_id": "n13340475045", "osm_id": "13340475045", "name": "Al vej bicerin", "service_type": "food_drink", "service_subtype": "cafe", "route_id": "torino_nascosta_centro", "route_title": "Torino Nascosta nel Centro", "segment_id": "torino_nascosta_centro_01", "segment_index": 1, "from_artwork_id": "testa-michelangelo", "to_artwork_id": "statua-emanuele-filiberto", "from_title": "Testa rovesciata del David", "to_title": "Monumento a Emanuele Filiberto (Caval ëd Bronz)", "profile": "foot-walking", "distance_m": 235.9, "duration_min": 2.83, "notes": "Segmento generato automaticamente con ORS tra due tappe consecutive." }, "geometry": { "type": "Point", "coordinates": [ 7.6847795, 45.0661925 ] } },
{ "type": "Feature", "properties": { "full_id": "n4444034456", "osm_id": "4444034456", "name": "Gran Sicily", "service_type": "food_drink", "service_subtype": "ice_cream", "route_id": "torino_nascosta_centro", "route_title": "Torino Nascosta nel Centro", "segment_id": "torino_nascosta_centro_01", "segment_index": 1, "from_artwork_id": "testa-michelangelo", "to_artwork_id": "statua-emanuele-filiberto", "from_title": "Testa rovesciata del David", "to_title": "Monumento a Emanuele Filiberto (Caval ëd Bronz)", "profile": "foot-walking", "distance_m": 235.9, "duration_min": 2.83, "notes": "Segmento generato automaticamente con ORS tra due tappe consecutive." }, "geometry": { "type": "Point", "coordinates": [ 7.6833607, 45.0665719 ] } },
{ "type": "Feature", "properties": { "full_id": "n5110808462", "osm_id": "5110808462", "name": "Alberto Marchetti", "service_type": "food_drink", "service_subtype": "ice_cream", "route_id": "torino_nascosta_centro", "route_title": "Torino Nascosta nel Centro", "segment_id": "torino_nascosta_centro_01", "segment_index": 1, "from_artwork_id": "testa-michelangelo", "to_artwork_id": "statua-emanuele-filiberto", "from_title": "Testa rovesciata del David", "to_title": "Monumento a Emanuele Filiberto (Caval ëd Bronz)", "profile": "foot-walking", "distance_m": 235.9, "duration_min": 2.83, "notes": "Segmento generato automaticamente con ORS tra due tappe consecutive." }, "geometry": { "type": "Point", "coordinates": [ 7.6811092, 45.0666135 ] } },
{ "type": "Feature", "properties": { "full_id": "n5117627169", "osm_id": "5117627169", "name": "La romana dal 1947", "service_type": "food_drink", "service_subtype": "ice_cream", "route_id": "torino_nascosta_centro", "route_title": "Torino Nascosta nel Centro", "segment_id": "torino_nascosta_centro_01", "segment_index": 1, "from_artwork_id": "testa-michelangelo", "to_artwork_id": "statua-emanuele-filiberto", "from_title": "Testa rovesciata del David", "to_title": "Monumento a Emanuele Filiberto (Caval ëd Bronz)", "profile": "foot-walking", "distance_m": 235.9, "duration_min": 2.83, "notes": "Segmento generato automaticamente con ORS tra due tappe consecutive." }, "geometry": { "type": "Point", "coordinates": [ 7.6822289, 45.0687405 ] } },
{ "type": "Feature", "properties": { "full_id": "n10811134364", "osm_id": "10811134364", "name": "Gelateria Peter Pan", "service_type": "food_drink", "service_subtype": "ice_cream", "route_id": "torino_nascosta_centro", "route_title": "Torino Nascosta nel Centro", "segment_id": "torino_nascosta_centro_01", "segment_index": 1, "from_artwork_id": "testa-michelangelo", "to_artwork_id": "statua-emanuele-filiberto", "from_title": "Testa rovesciata del David", "to_title": "Monumento a Emanuele Filiberto (Caval ëd Bronz)", "profile": "foot-walking", "distance_m": 235.9, "duration_min": 2.83, "notes": "Segmento generato automaticamente con ORS tra due tappe consecutive." }, "geometry": { "type": "Point", "coordinates": [ 7.6818982, 45.0696553 ] } },
{ "type": "Feature", "properties": { "full_id": "n11820095968", "osm_id": "11820095968", "name": "Biraghi", "service_type": "food_drink", "service_subtype": "ice_cream", "route_id": "torino_nascosta_centro", "route_title": "Torino Nascosta nel Centro", "segment_id": "torino_nascosta_centro_01", "segment_index": 1, "from_artwork_id": "testa-michelangelo", "to_artwork_id": "statua-emanuele-filiberto", "from_title": "Testa rovesciata del David", "to_title": "Monumento a Emanuele Filiberto (Caval ëd Bronz)", "profile": "foot-walking", "distance_m": 235.9, "duration_min": 2.83, "notes": "Segmento generato automaticamente con ORS tra due tappe consecutive." }, "geometry": { "type": "Point", "coordinates": [ 7.6819299, 45.0677247 ] } },
{ "type": "Feature", "properties": { "full_id": "n1198867402", "osm_id": "1198867402", "name": "Bertola", "service_type": "transport", "service_subtype": "bus_stop", "route_id": "torino_nascosta_centro", "route_title": "Torino Nascosta nel Centro", "segment_id": "torino_nascosta_centro_01", "segment_index": 1, "from_artwork_id": "testa-michelangelo", "to_artwork_id": "statua-emanuele-filiberto", "from_title": "Testa rovesciata del David", "to_title": "Monumento a Emanuele Filiberto (Caval ëd Bronz)", "profile": "foot-walking", "distance_m": 235.9, "duration_min": 2.83, "notes": "Segmento generato automaticamente con ORS tra due tappe consecutive." }, "geometry": { "type": "Point", "coordinates": [ 7.682115, 45.0694568 ] } },
{ "type": "Feature", "properties": { "full_id": "n1262197246", "osm_id": "1262197246", "name": "Bertola Capolinea", "service_type": "transport", "service_subtype": "bus_stop", "route_id": "torino_nascosta_centro", "route_title": "Torino Nascosta nel Centro", "segment_id": "torino_nascosta_centro_01", "segment_index": 1, "from_artwork_id": "testa-michelangelo", "to_artwork_id": "statua-emanuele-filiberto", "from_title": "Testa rovesciata del David", "to_title": "Monumento a Emanuele Filiberto (Caval ëd Bronz)", "profile": "foot-walking", "distance_m": 235.9, "duration_min": 2.83, "notes": "Segmento generato automaticamente con ORS tra due tappe consecutive." }, "geometry": { "type": "Point", "coordinates": [ 7.6819626, 45.0692868 ] } },
{ "type": "Feature", "properties": { "full_id": "n1262199837", "osm_id": "1262199837", "name": "Bertola Capolinea", "service_type": "transport", "service_subtype": "bus_stop", "route_id": "torino_nascosta_centro", "route_title": "Torino Nascosta nel Centro", "segment_id": "torino_nascosta_centro_01", "segment_index": 1, "from_artwork_id": "testa-michelangelo", "to_artwork_id": "statua-emanuele-filiberto", "from_title": "Testa rovesciata del David", "to_title": "Monumento a Emanuele Filiberto (Caval ëd Bronz)", "profile": "foot-walking", "distance_m": 235.9, "duration_min": 2.83, "notes": "Segmento generato automaticamente con ORS tra due tappe consecutive." }, "geometry": { "type": "Point", "coordinates": [ 7.6818623, 45.069801899999987 ] } },
{ "type": "Feature", "properties": { "full_id": "n1262209446", "osm_id": "1262209446", "name": "Roma", "service_type": "transport", "service_subtype": "bus_stop", "route_id": "torino_nascosta_centro", "route_title": "Torino Nascosta nel Centro", "segment_id": "torino_nascosta_centro_01", "segment_index": 1, "from_artwork_id": "testa-michelangelo", "to_artwork_id": "statua-emanuele-filiberto", "from_title": "Testa rovesciata del David", "to_title": "Monumento a Emanuele Filiberto (Caval ëd Bronz)", "profile": "foot-walking", "distance_m": 235.9, "duration_min": 2.83, "notes": "Segmento generato automaticamente con ORS tra due tappe consecutive." }, "geometry": { "type": "Point", "coordinates": [ 7.6836535, 45.0681219 ] } },
{ "type": "Feature", "properties": { "full_id": "n1491228856", "osm_id": "1491228856", "name": "XX Settembre", "service_type": "transport", "service_subtype": "bus_stop", "route_id": "torino_nascosta_centro", "route_title": "Torino Nascosta nel Centro", "segment_id": "torino_nascosta_centro_01", "segment_index": 1, "from_artwork_id": "testa-michelangelo", "to_artwork_id": "statua-emanuele-filiberto", "from_title": "Testa rovesciata del David", "to_title": "Monumento a Emanuele Filiberto (Caval ëd Bronz)", "profile": "foot-walking", "distance_m": 235.9, "duration_min": 2.83, "notes": "Segmento generato automaticamente con ORS tra due tappe consecutive." }, "geometry": { "type": "Point", "coordinates": [ 7.6811625, 45.0689924 ] } },
{ "type": "Feature", "properties": { "full_id": "n941491545", "osm_id": "941491545", "name": "Bertola", "service_type": "transport", "service_subtype": "tram_stop", "route_id": "torino_nascosta_centro", "route_title": "Torino Nascosta nel Centro", "segment_id": "torino_nascosta_centro_01", "segment_index": 1, "from_artwork_id": "testa-michelangelo", "to_artwork_id": "statua-emanuele-filiberto", "from_title": "Testa rovesciata del David", "to_title": "Monumento a Emanuele Filiberto (Caval ëd Bronz)", "profile": "foot-walking", "distance_m": 235.9, "duration_min": 2.83, "notes": "Segmento generato automaticamente con ORS tra due tappe consecutive." }, "geometry": { "type": "Point", "coordinates": [ 7.6821508, 45.0694161 ] } },
{ "type": "Feature", "properties": { "full_id": "n3051586234", "osm_id": "3051586234", "name": "Caffe delle Scienze", "service_type": "food_drink", "service_subtype": "bar", "route_id": "torino_nascosta_centro", "route_title": "Torino Nascosta nel Centro", "segment_id": "torino_nascosta_centro_02", "segment_index": 2, "from_artwork_id": "statua-emanuele-filiberto", "to_artwork_id": "dito-colombo", "from_title": "Monumento a Emanuele Filiberto (Caval ëd Bronz)", "to_title": "Il Dito di Colombo", "profile": "foot-walking", "distance_m": 774.6, "duration_min": 9.295, "notes": "Segmento generato automaticamente con ORS tra due tappe consecutive." }, "geometry": { "type": "Point", "coordinates": [ 7.6855724, 45.0699298 ] } },
{ "type": "Feature", "properties": { "full_id": "n4736052792", "osm_id": "4736052792", "name": "Bar Cavour", "service_type": "food_drink", "service_subtype": "bar", "route_id": "torino_nascosta_centro", "route_title": "Torino Nascosta nel Centro", "segment_id": "torino_nascosta_centro_02", "segment_index": 2, "from_artwork_id": "statua-emanuele-filiberto", "to_artwork_id": "dito-colombo", "from_title": "Monumento a Emanuele Filiberto (Caval ëd Bronz)", "to_title": "Il Dito di Colombo", "profile": "foot-walking", "distance_m": 774.6, "duration_min": 9.295, "notes": "Segmento generato automaticamente con ORS tra due tappe consecutive." }, "geometry": { "type": "Point", "coordinates": [ 7.6849443, 45.0695715 ] } },
{ "type": "Feature", "properties": { "full_id": "n5719659722", "osm_id": "5719659722", "name": "The Loft", "service_type": "food_drink", "service_subtype": "bar", "route_id": "torino_nascosta_centro", "route_title": "Torino Nascosta nel Centro", "segment_id": "torino_nascosta_centro_02", "segment_index": 2, "from_artwork_id": "statua-emanuele-filiberto", "to_artwork_id": "dito-colombo", "from_title": "Monumento a Emanuele Filiberto (Caval ëd Bronz)", "to_title": "Il Dito di Colombo", "profile": "foot-walking", "distance_m": 774.6, "duration_min": 9.295, "notes": "Segmento generato automaticamente con ORS tra due tappe consecutive." }, "geometry": { "type": "Point", "coordinates": [ 7.686415, 45.0680891 ] } },
{ "type": "Feature", "properties": { "full_id": "n320937721", "osm_id": "320937721", "name": "Caffetteria Carlo Alberto", "service_type": "food_drink", "service_subtype": "cafe", "route_id": "torino_nascosta_centro", "route_title": "Torino Nascosta nel Centro", "segment_id": "torino_nascosta_centro_02", "segment_index": 2, "from_artwork_id": "statua-emanuele-filiberto", "to_artwork_id": "dito-colombo", "from_title": "Monumento a Emanuele Filiberto (Caval ëd Bronz)", "to_title": "Il Dito di Colombo", "profile": "foot-walking", "distance_m": 774.6, "duration_min": 9.295, "notes": "Segmento generato automaticamente con ORS tra due tappe consecutive." }, "geometry": { "type": "Point", "coordinates": [ 7.6870089, 45.0689192 ] } },
{ "type": "Feature", "properties": { "full_id": "n1487933346", "osm_id": "1487933346", "name": "Caffè Baratti e Milano", "service_type": "food_drink", "service_subtype": "cafe", "route_id": "torino_nascosta_centro", "route_title": "Torino Nascosta nel Centro", "segment_id": "torino_nascosta_centro_02", "segment_index": 2, "from_artwork_id": "statua-emanuele-filiberto", "to_artwork_id": "dito-colombo", "from_title": "Monumento a Emanuele Filiberto (Caval ëd Bronz)", "to_title": "Il Dito di Colombo", "profile": "foot-walking", "distance_m": 774.6, "duration_min": 9.295, "notes": "Segmento generato automaticamente con ORS tra due tappe consecutive." }, "geometry": { "type": "Point", "coordinates": [ 7.6866058, 45.0697211 ] } },
{ "type": "Feature", "properties": { "full_id": "n1599012282", "osm_id": "1599012282", "name": "Strattà", "service_type": "food_drink", "service_subtype": "cafe", "route_id": "torino_nascosta_centro", "route_title": "Torino Nascosta nel Centro", "segment_id": "torino_nascosta_centro_02", "segment_index": 2, "from_artwork_id": "statua-emanuele-filiberto", "to_artwork_id": "dito-colombo", "from_title": "Monumento a Emanuele Filiberto (Caval ëd Bronz)", "to_title": "Il Dito di Colombo", "profile": "foot-walking", "distance_m": 774.6, "duration_min": 9.295, "notes": "Segmento generato automaticamente con ORS tra due tappe consecutive." }, "geometry": { "type": "Point", "coordinates": [ 7.6829804, 45.0674347 ] } },
{ "type": "Feature", "properties": { "full_id": "n2018127841", "osm_id": "2018127841", "name": "Caffè Torino", "service_type": "food_drink", "service_subtype": "cafe", "route_id": "torino_nascosta_centro", "route_title": "Torino Nascosta nel Centro", "segment_id": "torino_nascosta_centro_02", "segment_index": 2, "from_artwork_id": "statua-emanuele-filiberto", "to_artwork_id": "dito-colombo", "from_title": "Monumento a Emanuele Filiberto (Caval ëd Bronz)", "to_title": "Il Dito di Colombo", "profile": "foot-walking", "distance_m": 774.6, "duration_min": 9.295, "notes": "Segmento generato automaticamente con ORS tra due tappe consecutive." }, "geometry": { "type": "Point", "coordinates": [ 7.6817924, 45.067533599999983 ] } },
{ "type": "Feature", "properties": { "full_id": "n2026209249", "osm_id": "2026209249", "name": "Pepino", "service_type": "food_drink", "service_subtype": "cafe", "route_id": "torino_nascosta_centro", "route_title": "Torino Nascosta nel Centro", "segment_id": "torino_nascosta_centro_02", "segment_index": 2, "from_artwork_id": "statua-emanuele-filiberto", "to_artwork_id": "dito-colombo", "from_title": "Monumento a Emanuele Filiberto (Caval ëd Bronz)", "to_title": "Il Dito di Colombo", "profile": "foot-walking", "distance_m": 774.6, "duration_min": 9.295, "notes": "Segmento generato automaticamente con ORS tra due tappe consecutive." }, "geometry": { "type": "Point", "coordinates": [ 7.6845851, 45.0690975 ] } },
{ "type": "Feature", "properties": { "full_id": "n2068316260", "osm_id": "2068316260", "name": "Cafe Savoia", "service_type": "food_drink", "service_subtype": "cafe", "route_id": "torino_nascosta_centro", "route_title": "Torino Nascosta nel Centro", "segment_id": "torino_nascosta_centro_02", "segment_index": 2, "from_artwork_id": "statua-emanuele-filiberto", "to_artwork_id": "dito-colombo", "from_title": "Monumento a Emanuele Filiberto (Caval ëd Bronz)", "to_title": "Il Dito di Colombo", "profile": "foot-walking", "distance_m": 774.6, "duration_min": 9.295, "notes": "Segmento generato automaticamente con ORS tra due tappe consecutive." }, "geometry": { "type": "Point", "coordinates": [ 7.6842708, 45.0714108 ] } },
{ "type": "Feature", "properties": { "full_id": "n2068324878", "osm_id": "2068324878", "name": "Caffetteria Cristal", "service_type": "food_drink", "service_subtype": "cafe", "route_id": "torino_nascosta_centro", "route_title": "Torino Nascosta nel Centro", "segment_id": "torino_nascosta_centro_02", "segment_index": 2, "from_artwork_id": "statua-emanuele-filiberto", "to_artwork_id": "dito-colombo", "from_title": "Monumento a Emanuele Filiberto (Caval ëd Bronz)", "to_title": "Il Dito di Colombo", "profile": "foot-walking", "distance_m": 774.6, "duration_min": 9.295, "notes": "Segmento generato automaticamente con ORS tra due tappe consecutive." }, "geometry": { "type": "Point", "coordinates": [ 7.6829921, 45.0701746 ] } },
{ "type": "Feature", "properties": { "full_id": "n3113566633", "osm_id": "3113566633", "name": "Farmacia del Cambio", "service_type": "food_drink", "service_subtype": "cafe", "route_id": "torino_nascosta_centro", "route_title": "Torino Nascosta nel Centro", "segment_id": "torino_nascosta_centro_02", "segment_index": 2, "from_artwork_id": "statua-emanuele-filiberto", "to_artwork_id": "dito-colombo", "from_title": "Monumento a Emanuele Filiberto (Caval ëd Bronz)", "to_title": "Il Dito di Colombo", "profile": "foot-walking", "distance_m": 774.6, "duration_min": 9.295, "notes": "Segmento generato automaticamente con ORS tra due tappe consecutive." }, "geometry": { "type": "Point", "coordinates": [ 7.6849442, 45.0695933 ] } },
{ "type": "Feature", "properties": { "full_id": "n3329639493", "osm_id": "3329639493", "name": "Caffè San Carlo", "service_type": "food_drink", "service_subtype": "cafe", "route_id": "torino_nascosta_centro", "route_title": "Torino Nascosta nel Centro", "segment_id": "torino_nascosta_centro_02", "segment_index": 2, "from_artwork_id": "statua-emanuele-filiberto", "to_artwork_id": "dito-colombo", "from_title": "Monumento a Emanuele Filiberto (Caval ëd Bronz)", "to_title": "Il Dito di Colombo", "profile": "foot-walking", "distance_m": 774.6, "duration_min": 9.295, "notes": "Segmento generato automaticamente con ORS tra due tappe consecutive." }, "geometry": { "type": "Point", "coordinates": [ 7.6824451, 45.0684756 ] } },
{ "type": "Feature", "properties": { "full_id": "n3363437031", "osm_id": "3363437031", "name": "Caffè Gelateria Fiorio", "service_type": "food_drink", "service_subtype": "cafe", "route_id": "torino_nascosta_centro", "route_title": "Torino Nascosta nel Centro", "segment_id": "torino_nascosta_centro_02", "segment_index": 2, "from_artwork_id": "statua-emanuele-filiberto", "to_artwork_id": "dito-colombo", "from_title": "Monumento a Emanuele Filiberto (Caval ëd Bronz)", "to_title": "Il Dito di Colombo", "profile": "foot-walking", "distance_m": 774.6, "duration_min": 9.295, "notes": "Segmento generato automaticamente con ORS tra due tappe consecutive." }, "geometry": { "type": "Point", "coordinates": [ 7.6881141, 45.0694059 ] } },
{ "type": "Feature", "properties": { "full_id": "n3774212366", "osm_id": "3774212366", "name": "Fiorio", "service_type": "food_drink", "service_subtype": "cafe", "route_id": "torino_nascosta_centro", "route_title": "Torino Nascosta nel Centro", "segment_id": "torino_nascosta_centro_02", "segment_index": 2, "from_artwork_id": "statua-emanuele-filiberto", "to_artwork_id": "dito-colombo", "from_title": "Monumento a Emanuele Filiberto (Caval ëd Bronz)", "to_title": "Il Dito di Colombo", "profile": "foot-walking", "distance_m": 774.6, "duration_min": 9.295, "notes": "Segmento generato automaticamente con ORS tra due tappe consecutive." }, "geometry": { "type": "Point", "coordinates": [ 7.6844204, 45.0713398 ] } },
{ "type": "Feature", "properties": { "full_id": "n3898754185", "osm_id": "3898754185", "name": "Natura", "service_type": "food_drink", "service_subtype": "cafe", "route_id": "torino_nascosta_centro", "route_title": "Torino Nascosta nel Centro", "segment_id": "torino_nascosta_centro_02", "segment_index": 2, "from_artwork_id": "statua-emanuele-filiberto", "to_artwork_id": "dito-colombo", "from_title": "Monumento a Emanuele Filiberto (Caval ëd Bronz)", "to_title": "Il Dito di Colombo", "profile": "foot-walking", "distance_m": 774.6, "duration_min": 9.295, "notes": "Segmento generato automaticamente con ORS tra due tappe consecutive." }, "geometry": { "type": "Point", "coordinates": [ 7.6873112, 45.0698573 ] } },
{ "type": "Feature", "properties": { "full_id": "n4736058642", "osm_id": "4736058642", "name": "Caffè Mokita", "service_type": "food_drink", "service_subtype": "cafe", "route_id": "torino_nascosta_centro", "route_title": "Torino Nascosta nel Centro", "segment_id": "torino_nascosta_centro_02", "segment_index": 2, "from_artwork_id": "statua-emanuele-filiberto", "to_artwork_id": "dito-colombo", "from_title": "Monumento a Emanuele Filiberto (Caval ëd Bronz)", "to_title": "Il Dito di Colombo", "profile": "foot-walking", "distance_m": 774.6, "duration_min": 9.295, "notes": "Segmento generato automaticamente con ORS tra due tappe consecutive." }, "geometry": { "type": "Point", "coordinates": [ 7.6826974, 45.06698 ] } },
{ "type": "Feature", "properties": { "full_id": "n4736058970", "osm_id": "4736058970", "name": "Caffè Mulassano", "service_type": "food_drink", "service_subtype": "cafe", "route_id": "torino_nascosta_centro", "route_title": "Torino Nascosta nel Centro", "segment_id": "torino_nascosta_centro_02", "segment_index": 2, "from_artwork_id": "statua-emanuele-filiberto", "to_artwork_id": "dito-colombo", "from_title": "Monumento a Emanuele Filiberto (Caval ëd Bronz)", "to_title": "Il Dito di Colombo", "profile": "foot-walking", "distance_m": 774.6, "duration_min": 9.295, "notes": "Segmento generato automaticamente con ORS tra due tappe consecutive." }, "geometry": { "type": "Point", "coordinates": [ 7.6868085, 45.0698461 ] } },
{ "type": "Feature", "properties": { "full_id": "n5113659218", "osm_id": "5113659218", "name": "cln", "service_type": "food_drink", "service_subtype": "cafe", "route_id": "torino_nascosta_centro", "route_title": "Torino Nascosta nel Centro", "segment_id": "torino_nascosta_centro_02", "segment_index": 2, "from_artwork_id": "statua-emanuele-filiberto", "to_artwork_id": "dito-colombo", "from_title": "Monumento a Emanuele Filiberto (Caval ëd Bronz)", "to_title": "Il Dito di Colombo", "profile": "foot-walking", "distance_m": 774.6, "duration_min": 9.295, "notes": "Segmento generato automaticamente con ORS tra due tappe consecutive." }, "geometry": { "type": "Point", "coordinates": [ 7.6825862, 45.06677 ] } },
{ "type": "Feature", "properties": { "full_id": "n5113659448", "osm_id": "5113659448", "name": "Neuv Caval'd Brôns", "service_type": "food_drink", "service_subtype": "cafe", "route_id": "torino_nascosta_centro", "route_title": "Torino Nascosta nel Centro", "segment_id": "torino_nascosta_centro_02", "segment_index": 2, "from_artwork_id": "statua-emanuele-filiberto", "to_artwork_id": "dito-colombo", "from_title": "Monumento a Emanuele Filiberto (Caval ëd Bronz)", "to_title": "Il Dito di Colombo", "profile": "foot-walking", "distance_m": 774.6, "duration_min": 9.295, "notes": "Segmento generato automaticamente con ORS tra due tappe consecutive." }, "geometry": { "type": "Point", "coordinates": [ 7.6833782, 45.0678684 ] } },
{ "type": "Feature", "properties": { "full_id": "n5113659516", "osm_id": "5113659516", "name": "cafe bar universita", "service_type": "food_drink", "service_subtype": "cafe", "route_id": "torino_nascosta_centro", "route_title": "Torino Nascosta nel Centro", "segment_id": "torino_nascosta_centro_02", "segment_index": 2, "from_artwork_id": "statua-emanuele-filiberto", "to_artwork_id": "dito-colombo", "from_title": "Monumento a Emanuele Filiberto (Caval ëd Bronz)", "to_title": "Il Dito di Colombo", "profile": "foot-walking", "distance_m": 774.6, "duration_min": 9.295, "notes": "Segmento generato automaticamente con ORS tra due tappe consecutive." }, "geometry": { "type": "Point", "coordinates": [ 7.6877854, 45.069549 ] } },
{ "type": "Feature", "properties": { "full_id": "n5117626883", "osm_id": "5117626883", "name": "Caffè Roberto", "service_type": "food_drink", "service_subtype": "cafe", "route_id": "torino_nascosta_centro", "route_title": "Torino Nascosta nel Centro", "segment_id": "torino_nascosta_centro_02", "segment_index": 2, "from_artwork_id": "statua-emanuele-filiberto", "to_artwork_id": "dito-colombo", "from_title": "Monumento a Emanuele Filiberto (Caval ëd Bronz)", "to_title": "Il Dito di Colombo", "profile": "foot-walking", "distance_m": 774.6, "duration_min": 9.295, "notes": "Segmento generato automaticamente con ORS tra due tappe consecutive." }, "geometry": { "type": "Point", "coordinates": [ 7.6876447, 45.070017 ] } },
{ "type": "Feature", "properties": { "full_id": "n5117626914", "osm_id": "5117626914", "name": "Caffè Risorgimento", "service_type": "food_drink", "service_subtype": "cafe", "route_id": "torino_nascosta_centro", "route_title": "Torino Nascosta nel Centro", "segment_id": "torino_nascosta_centro_02", "segment_index": 2, "from_artwork_id": "statua-emanuele-filiberto", "to_artwork_id": "dito-colombo", "from_title": "Monumento a Emanuele Filiberto (Caval ëd Bronz)", "to_title": "Il Dito di Colombo", "profile": "foot-walking", "distance_m": 774.6, "duration_min": 9.295, "notes": "Segmento generato automaticamente con ORS tra due tappe consecutive." }, "geometry": { "type": "Point", "coordinates": [ 7.686071, 45.0681197 ] } },
{ "type": "Feature", "properties": { "full_id": "n5121453862", "osm_id": "5121453862", "name": "Deep space lounge", "service_type": "food_drink", "service_subtype": "cafe", "route_id": "torino_nascosta_centro", "route_title": "Torino Nascosta nel Centro", "segment_id": "torino_nascosta_centro_02", "segment_index": 2, "from_artwork_id": "statua-emanuele-filiberto", "to_artwork_id": "dito-colombo", "from_title": "Monumento a Emanuele Filiberto (Caval ëd Bronz)", "to_title": "Il Dito di Colombo", "profile": "foot-walking", "distance_m": 774.6, "duration_min": 9.295, "notes": "Segmento generato automaticamente con ORS tra due tappe consecutive." }, "geometry": { "type": "Point", "coordinates": [ 7.6823924, 45.0697661 ] } },
{ "type": "Feature", "properties": { "full_id": "n5155823122", "osm_id": "5155823122", "name": "L Caval D Brons Ristorante Malabar", "service_type": "food_drink", "service_subtype": "cafe", "route_id": "torino_nascosta_centro", "route_title": "Torino Nascosta nel Centro", "segment_id": "torino_nascosta_centro_02", "segment_index": 2, "from_artwork_id": "statua-emanuele-filiberto", "to_artwork_id": "dito-colombo", "from_title": "Monumento a Emanuele Filiberto (Caval ëd Bronz)", "to_title": "Il Dito di Colombo", "profile": "foot-walking", "distance_m": 774.6, "duration_min": 9.295, "notes": "Segmento generato automaticamente con ORS tra due tappe consecutive." }, "geometry": { "type": "Point", "coordinates": [ 7.6833738, 45.068007 ] } },
{ "type": "Feature", "properties": { "full_id": "n5416460421", "osm_id": "5416460421", "name": "Costadoro Coffee Lab Diamante", "service_type": "food_drink", "service_subtype": "cafe", "route_id": "torino_nascosta_centro", "route_title": "Torino Nascosta nel Centro", "segment_id": "torino_nascosta_centro_02", "segment_index": 2, "from_artwork_id": "statua-emanuele-filiberto", "to_artwork_id": "dito-colombo", "from_title": "Monumento a Emanuele Filiberto (Caval ëd Bronz)", "to_title": "Il Dito di Colombo", "profile": "foot-walking", "distance_m": 774.6, "duration_min": 9.295, "notes": "Segmento generato automaticamente con ORS tra due tappe consecutive." }, "geometry": { "type": "Point", "coordinates": [ 7.6825223, 45.066108 ] } },
{ "type": "Feature", "properties": { "full_id": "n5493352633", "osm_id": "5493352633", "name": "Happiness", "service_type": "food_drink", "service_subtype": "cafe", "route_id": "torino_nascosta_centro", "route_title": "Torino Nascosta nel Centro", "segment_id": "torino_nascosta_centro_02", "segment_index": 2, "from_artwork_id": "statua-emanuele-filiberto", "to_artwork_id": "dito-colombo", "from_title": "Monumento a Emanuele Filiberto (Caval ëd Bronz)", "to_title": "Il Dito di Colombo", "profile": "foot-walking", "distance_m": 774.6, "duration_min": 9.295, "notes": "Segmento generato automaticamente con ORS tra due tappe consecutive." }, "geometry": { "type": "Point", "coordinates": [ 7.6847314, 45.066507799999989 ] } },
{ "type": "Feature", "properties": { "full_id": "n5941325187", "osm_id": "5941325187", "name": "Caffè Regio", "service_type": "food_drink", "service_subtype": "cafe", "route_id": "torino_nascosta_centro", "route_title": "Torino Nascosta nel Centro", "segment_id": "torino_nascosta_centro_02", "segment_index": 2, "from_artwork_id": "statua-emanuele-filiberto", "to_artwork_id": "dito-colombo", "from_title": "Monumento a Emanuele Filiberto (Caval ëd Bronz)", "to_title": "Il Dito di Colombo", "profile": "foot-walking", "distance_m": 774.6, "duration_min": 9.295, "notes": "Segmento generato automaticamente con ORS tra due tappe consecutive." }, "geometry": { "type": "Point", "coordinates": [ 7.6875001, 45.0701076 ] } },
{ "type": "Feature", "properties": { "full_id": "n11078624682", "osm_id": "11078624682", "name": "D.A.F.", "service_type": "food_drink", "service_subtype": "cafe", "route_id": "torino_nascosta_centro", "route_title": "Torino Nascosta nel Centro", "segment_id": "torino_nascosta_centro_02", "segment_index": 2, "from_artwork_id": "statua-emanuele-filiberto", "to_artwork_id": "dito-colombo", "from_title": "Monumento a Emanuele Filiberto (Caval ëd Bronz)", "to_title": "Il Dito di Colombo", "profile": "foot-walking", "distance_m": 774.6, "duration_min": 9.295, "notes": "Segmento generato automaticamente con ORS tra due tappe consecutive." }, "geometry": { "type": "Point", "coordinates": [ 7.6836704, 45.070951099999988 ] } },
{ "type": "Feature", "properties": { "full_id": "n11328855589", "osm_id": "11328855589", "name": "Bar Stampa", "service_type": "food_drink", "service_subtype": "cafe", "route_id": "torino_nascosta_centro", "route_title": "Torino Nascosta nel Centro", "segment_id": "torino_nascosta_centro_02", "segment_index": 2, "from_artwork_id": "statua-emanuele-filiberto", "to_artwork_id": "dito-colombo", "from_title": "Monumento a Emanuele Filiberto (Caval ëd Bronz)", "to_title": "Il Dito di Colombo", "profile": "foot-walking", "distance_m": 774.6, "duration_min": 9.295, "notes": "Segmento generato automaticamente con ORS tra due tappe consecutive." }, "geometry": { "type": "Point", "coordinates": [ 7.6833762, 45.069388100000012 ] } },
{ "type": "Feature", "properties": { "full_id": "n11346897170", "osm_id": "11346897170", "name": "Luxery caffe Baki", "service_type": "food_drink", "service_subtype": "cafe", "route_id": "torino_nascosta_centro", "route_title": "Torino Nascosta nel Centro", "segment_id": "torino_nascosta_centro_02", "segment_index": 2, "from_artwork_id": "statua-emanuele-filiberto", "to_artwork_id": "dito-colombo", "from_title": "Monumento a Emanuele Filiberto (Caval ëd Bronz)", "to_title": "Il Dito di Colombo", "profile": "foot-walking", "distance_m": 774.6, "duration_min": 9.295, "notes": "Segmento generato automaticamente con ORS tra due tappe consecutive." }, "geometry": { "type": "Point", "coordinates": [ 7.6832209, 45.0698347 ] } },
{ "type": "Feature", "properties": { "full_id": "n12165781942", "osm_id": "12165781942", "name": "Caffé Roberto", "service_type": "food_drink", "service_subtype": "cafe", "route_id": "torino_nascosta_centro", "route_title": "Torino Nascosta nel Centro", "segment_id": "torino_nascosta_centro_02", "segment_index": 2, "from_artwork_id": "statua-emanuele-filiberto", "to_artwork_id": "dito-colombo", "from_title": "Monumento a Emanuele Filiberto (Caval ëd Bronz)", "to_title": "Il Dito di Colombo", "profile": "foot-walking", "distance_m": 774.6, "duration_min": 9.295, "notes": "Segmento generato automaticamente con ORS tra due tappe consecutive." }, "geometry": { "type": "Point", "coordinates": [ 7.6876276, 45.0701605 ] } },
{ "type": "Feature", "properties": { "full_id": "n12530236695", "osm_id": "12530236695", "name": "Obicà", "service_type": "food_drink", "service_subtype": "cafe", "route_id": "torino_nascosta_centro", "route_title": "Torino Nascosta nel Centro", "segment_id": "torino_nascosta_centro_02", "segment_index": 2, "from_artwork_id": "statua-emanuele-filiberto", "to_artwork_id": "dito-colombo", "from_title": "Monumento a Emanuele Filiberto (Caval ëd Bronz)", "to_title": "Il Dito di Colombo", "profile": "foot-walking", "distance_m": 774.6, "duration_min": 9.295, "notes": "Segmento generato automaticamente con ORS tra due tappe consecutive." }, "geometry": { "type": "Point", "coordinates": [ 7.6830277, 45.066098899999986 ] } },
{ "type": "Feature", "properties": { "full_id": "n12971427542", "osm_id": "12971427542", "name": "Caffetteria XX Settembre", "service_type": "food_drink", "service_subtype": "cafe", "route_id": "torino_nascosta_centro", "route_title": "Torino Nascosta nel Centro", "segment_id": "torino_nascosta_centro_02", "segment_index": 2, "from_artwork_id": "statua-emanuele-filiberto", "to_artwork_id": "dito-colombo", "from_title": "Monumento a Emanuele Filiberto (Caval ëd Bronz)", "to_title": "Il Dito di Colombo", "profile": "foot-walking", "distance_m": 774.6, "duration_min": 9.295, "notes": "Segmento generato automaticamente con ORS tra due tappe consecutive." }, "geometry": { "type": "Point", "coordinates": [ 7.6818533, 45.0692764 ] } },
{ "type": "Feature", "properties": { "full_id": "n13340544602", "osm_id": "13340544602", "name": "Barney's", "service_type": "food_drink", "service_subtype": "cafe", "route_id": "torino_nascosta_centro", "route_title": "Torino Nascosta nel Centro", "segment_id": "torino_nascosta_centro_02", "segment_index": 2, "from_artwork_id": "statua-emanuele-filiberto", "to_artwork_id": "dito-colombo", "from_title": "Monumento a Emanuele Filiberto (Caval ëd Bronz)", "to_title": "Il Dito di Colombo", "profile": "foot-walking", "distance_m": 774.6, "duration_min": 9.295, "notes": "Segmento generato automaticamente con ORS tra due tappe consecutive." }, "geometry": { "type": "Point", "coordinates": [ 7.6879468, 45.0686329 ] } },
{ "type": "Feature", "properties": { "full_id": "n2066108535", "osm_id": "2066108535", "name": "Grom", "service_type": "food_drink", "service_subtype": "ice_cream", "route_id": "torino_nascosta_centro", "route_title": "Torino Nascosta nel Centro", "segment_id": "torino_nascosta_centro_02", "segment_index": 2, "from_artwork_id": "statua-emanuele-filiberto", "to_artwork_id": "dito-colombo", "from_title": "Monumento a Emanuele Filiberto (Caval ëd Bronz)", "to_title": "Il Dito di Colombo", "profile": "foot-walking", "distance_m": 774.6, "duration_min": 9.295, "notes": "Segmento generato automaticamente con ORS tra due tappe consecutive." }, "geometry": { "type": "Point", "coordinates": [ 7.6854243, 45.0697549 ] } },
{ "type": "Feature", "properties": { "full_id": "n4444034456", "osm_id": "4444034456", "name": "Gran Sicily", "service_type": "food_drink", "service_subtype": "ice_cream", "route_id": "torino_nascosta_centro", "route_title": "Torino Nascosta nel Centro", "segment_id": "torino_nascosta_centro_02", "segment_index": 2, "from_artwork_id": "statua-emanuele-filiberto", "to_artwork_id": "dito-colombo", "from_title": "Monumento a Emanuele Filiberto (Caval ëd Bronz)", "to_title": "Il Dito di Colombo", "profile": "foot-walking", "distance_m": 774.6, "duration_min": 9.295, "notes": "Segmento generato automaticamente con ORS tra due tappe consecutive." }, "geometry": { "type": "Point", "coordinates": [ 7.6833607, 45.0665719 ] } },
{ "type": "Feature", "properties": { "full_id": "n4736058939", "osm_id": "4736058939", "name": "Menodiciotto", "service_type": "food_drink", "service_subtype": "ice_cream", "route_id": "torino_nascosta_centro", "route_title": "Torino Nascosta nel Centro", "segment_id": "torino_nascosta_centro_02", "segment_index": 2, "from_artwork_id": "statua-emanuele-filiberto", "to_artwork_id": "dito-colombo", "from_title": "Monumento a Emanuele Filiberto (Caval ëd Bronz)", "to_title": "Il Dito di Colombo", "profile": "foot-walking", "distance_m": 774.6, "duration_min": 9.295, "notes": "Segmento generato automaticamente con ORS tra due tappe consecutive." }, "geometry": { "type": "Point", "coordinates": [ 7.6856669, 45.070122 ] } },
{ "type": "Feature", "properties": { "full_id": "n5110808462", "osm_id": "5110808462", "name": "Alberto Marchetti", "service_type": "food_drink", "service_subtype": "ice_cream", "route_id": "torino_nascosta_centro", "route_title": "Torino Nascosta nel Centro", "segment_id": "torino_nascosta_centro_02", "segment_index": 2, "from_artwork_id": "statua-emanuele-filiberto", "to_artwork_id": "dito-colombo", "from_title": "Monumento a Emanuele Filiberto (Caval ëd Bronz)", "to_title": "Il Dito di Colombo", "profile": "foot-walking", "distance_m": 774.6, "duration_min": 9.295, "notes": "Segmento generato automaticamente con ORS tra due tappe consecutive." }, "geometry": { "type": "Point", "coordinates": [ 7.6811092, 45.0666135 ] } },
{ "type": "Feature", "properties": { "full_id": "n5117627169", "osm_id": "5117627169", "name": "La romana dal 1947", "service_type": "food_drink", "service_subtype": "ice_cream", "route_id": "torino_nascosta_centro", "route_title": "Torino Nascosta nel Centro", "segment_id": "torino_nascosta_centro_02", "segment_index": 2, "from_artwork_id": "statua-emanuele-filiberto", "to_artwork_id": "dito-colombo", "from_title": "Monumento a Emanuele Filiberto (Caval ëd Bronz)", "to_title": "Il Dito di Colombo", "profile": "foot-walking", "distance_m": 774.6, "duration_min": 9.295, "notes": "Segmento generato automaticamente con ORS tra due tappe consecutive." }, "geometry": { "type": "Point", "coordinates": [ 7.6822289, 45.0687405 ] } },
{ "type": "Feature", "properties": { "full_id": "n5772775526", "osm_id": "5772775526", "name": "+ di un gelato", "service_type": "food_drink", "service_subtype": "ice_cream", "route_id": "torino_nascosta_centro", "route_title": "Torino Nascosta nel Centro", "segment_id": "torino_nascosta_centro_02", "segment_index": 2, "from_artwork_id": "statua-emanuele-filiberto", "to_artwork_id": "dito-colombo", "from_title": "Monumento a Emanuele Filiberto (Caval ëd Bronz)", "to_title": "Il Dito di Colombo", "profile": "foot-walking", "distance_m": 774.6, "duration_min": 9.295, "notes": "Segmento generato automaticamente con ORS tra due tappe consecutive." }, "geometry": { "type": "Point", "coordinates": [ 7.6856271, 45.0694617 ] } },
{ "type": "Feature", "properties": { "full_id": "n10811134364", "osm_id": "10811134364", "name": "Gelateria Peter Pan", "service_type": "food_drink", "service_subtype": "ice_cream", "route_id": "torino_nascosta_centro", "route_title": "Torino Nascosta nel Centro", "segment_id": "torino_nascosta_centro_02", "segment_index": 2, "from_artwork_id": "statua-emanuele-filiberto", "to_artwork_id": "dito-colombo", "from_title": "Monumento a Emanuele Filiberto (Caval ëd Bronz)", "to_title": "Il Dito di Colombo", "profile": "foot-walking", "distance_m": 774.6, "duration_min": 9.295, "notes": "Segmento generato automaticamente con ORS tra due tappe consecutive." }, "geometry": { "type": "Point", "coordinates": [ 7.6818982, 45.0696553 ] } },
{ "type": "Feature", "properties": { "full_id": "n11820095968", "osm_id": "11820095968", "name": "Biraghi", "service_type": "food_drink", "service_subtype": "ice_cream", "route_id": "torino_nascosta_centro", "route_title": "Torino Nascosta nel Centro", "segment_id": "torino_nascosta_centro_02", "segment_index": 2, "from_artwork_id": "statua-emanuele-filiberto", "to_artwork_id": "dito-colombo", "from_title": "Monumento a Emanuele Filiberto (Caval ëd Bronz)", "to_title": "Il Dito di Colombo", "profile": "foot-walking", "distance_m": 774.6, "duration_min": 9.295, "notes": "Segmento generato automaticamente con ORS tra due tappe consecutive." }, "geometry": { "type": "Point", "coordinates": [ 7.6819299, 45.0677247 ] } },
{ "type": "Feature", "properties": { "full_id": "n1198867402", "osm_id": "1198867402", "name": "Bertola", "service_type": "transport", "service_subtype": "bus_stop", "route_id": "torino_nascosta_centro", "route_title": "Torino Nascosta nel Centro", "segment_id": "torino_nascosta_centro_02", "segment_index": 2, "from_artwork_id": "statua-emanuele-filiberto", "to_artwork_id": "dito-colombo", "from_title": "Monumento a Emanuele Filiberto (Caval ëd Bronz)", "to_title": "Il Dito di Colombo", "profile": "foot-walking", "distance_m": 774.6, "duration_min": 9.295, "notes": "Segmento generato automaticamente con ORS tra due tappe consecutive." }, "geometry": { "type": "Point", "coordinates": [ 7.682115, 45.0694568 ] } },
{ "type": "Feature", "properties": { "full_id": "n1262190131", "osm_id": "1262190131", "name": "Castello", "service_type": "transport", "service_subtype": "bus_stop", "route_id": "torino_nascosta_centro", "route_title": "Torino Nascosta nel Centro", "segment_id": "torino_nascosta_centro_02", "segment_index": 2, "from_artwork_id": "statua-emanuele-filiberto", "to_artwork_id": "dito-colombo", "from_title": "Monumento a Emanuele Filiberto (Caval ëd Bronz)", "to_title": "Il Dito di Colombo", "profile": "foot-walking", "distance_m": 774.6, "duration_min": 9.295, "notes": "Segmento generato automaticamente con ORS tra due tappe consecutive." }, "geometry": { "type": "Point", "coordinates": [ 7.6853713, 45.0703952 ] } },
{ "type": "Feature", "properties": { "full_id": "n1262197246", "osm_id": "1262197246", "name": "Bertola Capolinea", "service_type": "transport", "service_subtype": "bus_stop", "route_id": "torino_nascosta_centro", "route_title": "Torino Nascosta nel Centro", "segment_id": "torino_nascosta_centro_02", "segment_index": 2, "from_artwork_id": "statua-emanuele-filiberto", "to_artwork_id": "dito-colombo", "from_title": "Monumento a Emanuele Filiberto (Caval ëd Bronz)", "to_title": "Il Dito di Colombo", "profile": "foot-walking", "distance_m": 774.6, "duration_min": 9.295, "notes": "Segmento generato automaticamente con ORS tra due tappe consecutive." }, "geometry": { "type": "Point", "coordinates": [ 7.6819626, 45.0692868 ] } },
{ "type": "Feature", "properties": { "full_id": "n1262199837", "osm_id": "1262199837", "name": "Bertola Capolinea", "service_type": "transport", "service_subtype": "bus_stop", "route_id": "torino_nascosta_centro", "route_title": "Torino Nascosta nel Centro", "segment_id": "torino_nascosta_centro_02", "segment_index": 2, "from_artwork_id": "statua-emanuele-filiberto", "to_artwork_id": "dito-colombo", "from_title": "Monumento a Emanuele Filiberto (Caval ëd Bronz)", "to_title": "Il Dito di Colombo", "profile": "foot-walking", "distance_m": 774.6, "duration_min": 9.295, "notes": "Segmento generato automaticamente con ORS tra due tappe consecutive." }, "geometry": { "type": "Point", "coordinates": [ 7.6818623, 45.069801899999987 ] } },
{ "type": "Feature", "properties": { "full_id": "n1262207476", "osm_id": "1262207476", "name": "Castello", "service_type": "transport", "service_subtype": "bus_stop", "route_id": "torino_nascosta_centro", "route_title": "Torino Nascosta nel Centro", "segment_id": "torino_nascosta_centro_02", "segment_index": 2, "from_artwork_id": "statua-emanuele-filiberto", "to_artwork_id": "dito-colombo", "from_title": "Monumento a Emanuele Filiberto (Caval ëd Bronz)", "to_title": "Il Dito di Colombo", "profile": "foot-walking", "distance_m": 774.6, "duration_min": 9.295, "notes": "Segmento generato automaticamente con ORS tra due tappe consecutive." }, "geometry": { "type": "Point", "coordinates": [ 7.6849471, 45.0706322 ] } },
{ "type": "Feature", "properties": { "full_id": "n1262209446", "osm_id": "1262209446", "name": "Roma", "service_type": "transport", "service_subtype": "bus_stop", "route_id": "torino_nascosta_centro", "route_title": "Torino Nascosta nel Centro", "segment_id": "torino_nascosta_centro_02", "segment_index": 2, "from_artwork_id": "statua-emanuele-filiberto", "to_artwork_id": "dito-colombo", "from_title": "Monumento a Emanuele Filiberto (Caval ëd Bronz)", "to_title": "Il Dito di Colombo", "profile": "foot-walking", "distance_m": 774.6, "duration_min": 9.295, "notes": "Segmento generato automaticamente con ORS tra due tappe consecutive." }, "geometry": { "type": "Point", "coordinates": [ 7.6836535, 45.0681219 ] } },
{ "type": "Feature", "properties": { "full_id": "n1491228854", "osm_id": "1491228854", "name": "Piazza Castello", "service_type": "transport", "service_subtype": "bus_stop", "route_id": "torino_nascosta_centro", "route_title": "Torino Nascosta nel Centro", "segment_id": "torino_nascosta_centro_02", "segment_index": 2, "from_artwork_id": "statua-emanuele-filiberto", "to_artwork_id": "dito-colombo", "from_title": "Monumento a Emanuele Filiberto (Caval ëd Bronz)", "to_title": "Il Dito di Colombo", "profile": "foot-walking", "distance_m": 774.6, "duration_min": 9.295, "notes": "Segmento generato automaticamente con ORS tra due tappe consecutive." }, "geometry": { "type": "Point", "coordinates": [ 7.6865906, 45.0700846 ] } },
{ "type": "Feature", "properties": { "full_id": "n1491228856", "osm_id": "1491228856", "name": "XX Settembre", "service_type": "transport", "service_subtype": "bus_stop", "route_id": "torino_nascosta_centro", "route_title": "Torino Nascosta nel Centro", "segment_id": "torino_nascosta_centro_02", "segment_index": 2, "from_artwork_id": "statua-emanuele-filiberto", "to_artwork_id": "dito-colombo", "from_title": "Monumento a Emanuele Filiberto (Caval ëd Bronz)", "to_title": "Il Dito di Colombo", "profile": "foot-walking", "distance_m": 774.6, "duration_min": 9.295, "notes": "Segmento generato automaticamente con ORS tra due tappe consecutive." }, "geometry": { "type": "Point", "coordinates": [ 7.6811625, 45.0689924 ] } },
{ "type": "Feature", "properties": { "full_id": "n11657164483", "osm_id": "11657164483", "name": "Castello Est Capolinea", "service_type": "transport", "service_subtype": "bus_stop", "route_id": "torino_nascosta_centro", "route_title": "Torino Nascosta nel Centro", "segment_id": "torino_nascosta_centro_02", "segment_index": 2, "from_artwork_id": "statua-emanuele-filiberto", "to_artwork_id": "dito-colombo", "from_title": "Monumento a Emanuele Filiberto (Caval ëd Bronz)", "to_title": "Il Dito di Colombo", "profile": "foot-walking", "distance_m": 774.6, "duration_min": 9.295, "notes": "Segmento generato automaticamente con ORS tra due tappe consecutive." }, "geometry": { "type": "Point", "coordinates": [ 7.6870212, 45.0708299 ] } },
{ "type": "Feature", "properties": { "full_id": "n11657164484", "osm_id": "11657164484", "name": "Castello Capolinea", "service_type": "transport", "service_subtype": "bus_stop", "route_id": "torino_nascosta_centro", "route_title": "Torino Nascosta nel Centro", "segment_id": "torino_nascosta_centro_02", "segment_index": 2, "from_artwork_id": "statua-emanuele-filiberto", "to_artwork_id": "dito-colombo", "from_title": "Monumento a Emanuele Filiberto (Caval ëd Bronz)", "to_title": "Il Dito di Colombo", "profile": "foot-walking", "distance_m": 774.6, "duration_min": 9.295, "notes": "Segmento generato automaticamente con ORS tra due tappe consecutive." }, "geometry": { "type": "Point", "coordinates": [ 7.6868105, 45.0707193 ] } },
{ "type": "Feature", "properties": { "full_id": "n941491545", "osm_id": "941491545", "name": "Bertola", "service_type": "transport", "service_subtype": "tram_stop", "route_id": "torino_nascosta_centro", "route_title": "Torino Nascosta nel Centro", "segment_id": "torino_nascosta_centro_02", "segment_index": 2, "from_artwork_id": "statua-emanuele-filiberto", "to_artwork_id": "dito-colombo", "from_title": "Monumento a Emanuele Filiberto (Caval ëd Bronz)", "to_title": "Il Dito di Colombo", "profile": "foot-walking", "distance_m": 774.6, "duration_min": 9.295, "notes": "Segmento generato automaticamente con ORS tra due tappe consecutive." }, "geometry": { "type": "Point", "coordinates": [ 7.6821508, 45.0694161 ] } },
{ "type": "Feature", "properties": { "full_id": "n943330768", "osm_id": "943330768", "name": "Castello", "service_type": "transport", "service_subtype": "tram_stop", "route_id": "torino_nascosta_centro", "route_title": "Torino Nascosta nel Centro", "segment_id": "torino_nascosta_centro_02", "segment_index": 2, "from_artwork_id": "statua-emanuele-filiberto", "to_artwork_id": "dito-colombo", "from_title": "Monumento a Emanuele Filiberto (Caval ëd Bronz)", "to_title": "Il Dito di Colombo", "profile": "foot-walking", "distance_m": 774.6, "duration_min": 9.295, "notes": "Segmento generato automaticamente con ORS tra due tappe consecutive." }, "geometry": { "type": "Point", "coordinates": [ 7.6853867, 45.0704138 ] } },
{ "type": "Feature", "properties": { "full_id": "n1229263851", "osm_id": "1229263851", "name": "Castello Capolinea", "service_type": "transport", "service_subtype": "tram_stop", "route_id": "torino_nascosta_centro", "route_title": "Torino Nascosta nel Centro", "segment_id": "torino_nascosta_centro_02", "segment_index": 2, "from_artwork_id": "statua-emanuele-filiberto", "to_artwork_id": "dito-colombo", "from_title": "Monumento a Emanuele Filiberto (Caval ëd Bronz)", "to_title": "Il Dito di Colombo", "profile": "foot-walking", "distance_m": 774.6, "duration_min": 9.295, "notes": "Segmento generato automaticamente con ORS tra due tappe consecutive." }, "geometry": { "type": "Point", "coordinates": [ 7.6868499, 45.0707242 ] } },
{ "type": "Feature", "properties": { "full_id": "n1370347434", "osm_id": "1370347434", "name": "Castello", "service_type": "transport", "service_subtype": "tram_stop", "route_id": "torino_nascosta_centro", "route_title": "Torino Nascosta nel Centro", "segment_id": "torino_nascosta_centro_02", "segment_index": 2, "from_artwork_id": "statua-emanuele-filiberto", "to_artwork_id": "dito-colombo", "from_title": "Monumento a Emanuele Filiberto (Caval ëd Bronz)", "to_title": "Il Dito di Colombo", "profile": "foot-walking", "distance_m": 774.6, "duration_min": 9.295, "notes": "Segmento generato automaticamente con ORS tra due tappe consecutive." }, "geometry": { "type": "Point", "coordinates": [ 7.6849195, 45.0706137 ] } },
{ "type": "Feature", "properties": { "full_id": "n1370347438", "osm_id": "1370347438", "name": "Castello Est Capolinea", "service_type": "transport", "service_subtype": "tram_stop", "route_id": "torino_nascosta_centro", "route_title": "Torino Nascosta nel Centro", "segment_id": "torino_nascosta_centro_02", "segment_index": 2, "from_artwork_id": "statua-emanuele-filiberto", "to_artwork_id": "dito-colombo", "from_title": "Monumento a Emanuele Filiberto (Caval ëd Bronz)", "to_title": "Il Dito di Colombo", "profile": "foot-walking", "distance_m": 774.6, "duration_min": 9.295, "notes": "Segmento generato automaticamente con ORS tra due tappe consecutive." }, "geometry": { "type": "Point", "coordinates": [ 7.6869898, 45.0708538 ] } },
{ "type": "Feature", "properties": { "full_id": "n2018175888", "osm_id": "2018175888", "name": "Caffetteria degli Angeli", "service_type": "food_drink", "service_subtype": "bar", "route_id": "torino_nascosta_centro", "route_title": "Torino Nascosta nel Centro", "segment_id": "torino_nascosta_centro_03", "segment_index": 3, "from_artwork_id": "dito-colombo", "to_artwork_id": "palazzo-piercing", "from_title": "Il Dito di Colombo", "to_title": "Baci Urbani (Palazzo con il Piercing)", "profile": "foot-walking", "distance_m": 825.1, "duration_min": 9.9, "notes": "Segmento generato automaticamente con ORS tra due tappe consecutive." }, "geometry": { "type": "Point", "coordinates": [ 7.6844502, 45.0728711 ] } },
{ "type": "Feature", "properties": { "full_id": "n2018175892", "osm_id": "2018175892", "name": "Duomo", "service_type": "food_drink", "service_subtype": "bar", "route_id": "torino_nascosta_centro", "route_title": "Torino Nascosta nel Centro", "segment_id": "torino_nascosta_centro_03", "segment_index": 3, "from_artwork_id": "dito-colombo", "to_artwork_id": "palazzo-piercing", "from_title": "Il Dito di Colombo", "to_title": "Baci Urbani (Palazzo con il Piercing)", "profile": "foot-walking", "distance_m": 825.1, "duration_min": 9.9, "notes": "Segmento generato automaticamente con ORS tra due tappe consecutive." }, "geometry": { "type": "Point", "coordinates": [ 7.6839762, 45.0724362 ] } },
{ "type": "Feature", "properties": { "full_id": "n2018175901", "osm_id": "2018175901", "name": null, "service_type": "food_drink", "service_subtype": "bar", "route_id": "torino_nascosta_centro", "route_title": "Torino Nascosta nel Centro", "segment_id": "torino_nascosta_centro_03", "segment_index": 3, "from_artwork_id": "dito-colombo", "to_artwork_id": "palazzo-piercing", "from_title": "Il Dito di Colombo", "to_title": "Baci Urbani (Palazzo con il Piercing)", "profile": "foot-walking", "distance_m": 825.1, "duration_min": 9.9, "notes": "Segmento generato automaticamente con ORS tra due tappe consecutive." }, "geometry": { "type": "Point", "coordinates": [ 7.6831045, 45.0711364 ] } },
{ "type": "Feature", "properties": { "full_id": "n2068288947", "osm_id": "2068288947", "name": "Bar Francia", "service_type": "food_drink", "service_subtype": "bar", "route_id": "torino_nascosta_centro", "route_title": "Torino Nascosta nel Centro", "segment_id": "torino_nascosta_centro_03", "segment_index": 3, "from_artwork_id": "dito-colombo", "to_artwork_id": "palazzo-piercing", "from_title": "Il Dito di Colombo", "to_title": "Baci Urbani (Palazzo con il Piercing)", "profile": "foot-walking", "distance_m": 825.1, "duration_min": 9.9, "notes": "Segmento generato automaticamente con ORS tra due tappe consecutive." }, "geometry": { "type": "Point", "coordinates": [ 7.6838406, 45.0715756 ] } },
{ "type": "Feature", "properties": { "full_id": "n3051586234", "osm_id": "3051586234", "name": "Caffe delle Scienze", "service_type": "food_drink", "service_subtype": "bar", "route_id": "torino_nascosta_centro", "route_title": "Torino Nascosta nel Centro", "segment_id": "torino_nascosta_centro_03", "segment_index": 3, "from_artwork_id": "dito-colombo", "to_artwork_id": "palazzo-piercing", "from_title": "Il Dito di Colombo", "to_title": "Baci Urbani (Palazzo con il Piercing)", "profile": "foot-walking", "distance_m": 825.1, "duration_min": 9.9, "notes": "Segmento generato automaticamente con ORS tra due tappe consecutive." }, "geometry": { "type": "Point", "coordinates": [ 7.6855724, 45.0699298 ] } },
{ "type": "Feature", "properties": { "full_id": "n4443922515", "osm_id": "4443922515", "name": null, "service_type": "food_drink", "service_subtype": "bar", "route_id": "torino_nascosta_centro", "route_title": "Torino Nascosta nel Centro", "segment_id": "torino_nascosta_centro_03", "segment_index": 3, "from_artwork_id": "dito-colombo", "to_artwork_id": "palazzo-piercing", "from_title": "Il Dito di Colombo", "to_title": "Baci Urbani (Palazzo con il Piercing)", "profile": "foot-walking", "distance_m": 825.1, "duration_min": 9.9, "notes": "Segmento generato automaticamente con ORS tra due tappe consecutive." }, "geometry": { "type": "Point", "coordinates": [ 7.6830678, 45.073682200000015 ] } },
{ "type": "Feature", "properties": { "full_id": "n4444014760", "osm_id": "4444014760", "name": "Bar Antica Piazza delle Erbe", "service_type": "food_drink", "service_subtype": "bar", "route_id": "torino_nascosta_centro", "route_title": "Torino Nascosta nel Centro", "segment_id": "torino_nascosta_centro_03", "segment_index": 3, "from_artwork_id": "dito-colombo", "to_artwork_id": "palazzo-piercing", "from_title": "Il Dito di Colombo", "to_title": "Baci Urbani (Palazzo con il Piercing)", "profile": "foot-walking", "distance_m": 825.1, "duration_min": 9.9, "notes": "Segmento generato automaticamente con ORS tra due tappe consecutive." }, "geometry": { "type": "Point", "coordinates": [ 7.6839889, 45.0721498 ] } },
{ "type": "Feature", "properties": { "full_id": "n4736052792", "osm_id": "4736052792", "name": "Bar Cavour", "service_type": "food_drink", "service_subtype": "bar", "route_id": "torino_nascosta_centro", "route_title": "Torino Nascosta nel Centro", "segment_id": "torino_nascosta_centro_03", "segment_index": 3, "from_artwork_id": "dito-colombo", "to_artwork_id": "palazzo-piercing", "from_title": "Il Dito di Colombo", "to_title": "Baci Urbani (Palazzo con il Piercing)", "profile": "foot-walking", "distance_m": 825.1, "duration_min": 9.9, "notes": "Segmento generato automaticamente con ORS tra due tappe consecutive." }, "geometry": { "type": "Point", "coordinates": [ 7.6849443, 45.0695715 ] } },
{ "type": "Feature", "properties": { "full_id": "n5117626917", "osm_id": "5117626917", "name": "La Sosta", "service_type": "food_drink", "service_subtype": "bar", "route_id": "torino_nascosta_centro", "route_title": "Torino Nascosta nel Centro", "segment_id": "torino_nascosta_centro_03", "segment_index": 3, "from_artwork_id": "dito-colombo", "to_artwork_id": "palazzo-piercing", "from_title": "Il Dito di Colombo", "to_title": "Baci Urbani (Palazzo con il Piercing)", "profile": "foot-walking", "distance_m": 825.1, "duration_min": 9.9, "notes": "Segmento generato automaticamente con ORS tra due tappe consecutive." }, "geometry": { "type": "Point", "coordinates": [ 7.6813171, 45.0726102 ] } },
{ "type": "Feature", "properties": { "full_id": "n5428422639", "osm_id": "5428422639", "name": "Forno Ricca", "service_type": "food_drink", "service_subtype": "bar", "route_id": "torino_nascosta_centro", "route_title": "Torino Nascosta nel Centro", "segment_id": "torino_nascosta_centro_03", "segment_index": 3, "from_artwork_id": "dito-colombo", "to_artwork_id": "palazzo-piercing", "from_title": "Il Dito di Colombo", "to_title": "Baci Urbani (Palazzo con il Piercing)", "profile": "foot-walking", "distance_m": 825.1, "duration_min": 9.9, "notes": "Segmento generato automaticamente con ORS tra due tappe consecutive." }, "geometry": { "type": "Point", "coordinates": [ 7.683328, 45.0734925 ] } },
{ "type": "Feature", "properties": { "full_id": "n5719659722", "osm_id": "5719659722", "name": "The Loft", "service_type": "food_drink", "service_subtype": "bar", "route_id": "torino_nascosta_centro", "route_title": "Torino Nascosta nel Centro", "segment_id": "torino_nascosta_centro_03", "segment_index": 3, "from_artwork_id": "dito-colombo", "to_artwork_id": "palazzo-piercing", "from_title": "Il Dito di Colombo", "to_title": "Baci Urbani (Palazzo con il Piercing)", "profile": "foot-walking", "distance_m": 825.1, "duration_min": 9.9, "notes": "Segmento generato automaticamente con ORS tra due tappe consecutive." }, "geometry": { "type": "Point", "coordinates": [ 7.686415, 45.0680891 ] } },
{ "type": "Feature", "properties": { "full_id": "n320937721", "osm_id": "320937721", "name": "Caffetteria Carlo Alberto", "service_type": "food_drink", "service_subtype": "cafe", "route_id": "torino_nascosta_centro", "route_title": "Torino Nascosta nel Centro", "segment_id": "torino_nascosta_centro_03", "segment_index": 3, "from_artwork_id": "dito-colombo", "to_artwork_id": "palazzo-piercing", "from_title": "Il Dito di Colombo", "to_title": "Baci Urbani (Palazzo con il Piercing)", "profile": "foot-walking", "distance_m": 825.1, "duration_min": 9.9, "notes": "Segmento generato automaticamente con ORS tra due tappe consecutive." }, "geometry": { "type": "Point", "coordinates": [ 7.6870089, 45.0689192 ] } },
{ "type": "Feature", "properties": { "full_id": "n1487933346", "osm_id": "1487933346", "name": "Caffè Baratti e Milano", "service_type": "food_drink", "service_subtype": "cafe", "route_id": "torino_nascosta_centro", "route_title": "Torino Nascosta nel Centro", "segment_id": "torino_nascosta_centro_03", "segment_index": 3, "from_artwork_id": "dito-colombo", "to_artwork_id": "palazzo-piercing", "from_title": "Il Dito di Colombo", "to_title": "Baci Urbani (Palazzo con il Piercing)", "profile": "foot-walking", "distance_m": 825.1, "duration_min": 9.9, "notes": "Segmento generato automaticamente con ORS tra due tappe consecutive." }, "geometry": { "type": "Point", "coordinates": [ 7.6866058, 45.0697211 ] } },
{ "type": "Feature", "properties": { "full_id": "n2018175897", "osm_id": "2018175897", "name": "Cafè Perotti", "service_type": "food_drink", "service_subtype": "cafe", "route_id": "torino_nascosta_centro", "route_title": "Torino Nascosta nel Centro", "segment_id": "torino_nascosta_centro_03", "segment_index": 3, "from_artwork_id": "dito-colombo", "to_artwork_id": "palazzo-piercing", "from_title": "Il Dito di Colombo", "to_title": "Baci Urbani (Palazzo con il Piercing)", "profile": "foot-walking", "distance_m": 825.1, "duration_min": 9.9, "notes": "Segmento generato automaticamente con ORS tra due tappe consecutive." }, "geometry": { "type": "Point", "coordinates": [ 7.6832776, 45.0710671 ] } },
{ "type": "Feature", "properties": { "full_id": "n2026209249", "osm_id": "2026209249", "name": "Pepino", "service_type": "food_drink", "service_subtype": "cafe", "route_id": "torino_nascosta_centro", "route_title": "Torino Nascosta nel Centro", "segment_id": "torino_nascosta_centro_03", "segment_index": 3, "from_artwork_id": "dito-colombo", "to_artwork_id": "palazzo-piercing", "from_title": "Il Dito di Colombo", "to_title": "Baci Urbani (Palazzo con il Piercing)", "profile": "foot-walking", "distance_m": 825.1, "duration_min": 9.9, "notes": "Segmento generato automaticamente con ORS tra due tappe consecutive." }, "geometry": { "type": "Point", "coordinates": [ 7.6845851, 45.0690975 ] } },
{ "type": "Feature", "properties": { "full_id": "n2068316260", "osm_id": "2068316260", "name": "Cafe Savoia", "service_type": "food_drink", "service_subtype": "cafe", "route_id": "torino_nascosta_centro", "route_title": "Torino Nascosta nel Centro", "segment_id": "torino_nascosta_centro_03", "segment_index": 3, "from_artwork_id": "dito-colombo", "to_artwork_id": "palazzo-piercing", "from_title": "Il Dito di Colombo", "to_title": "Baci Urbani (Palazzo con il Piercing)", "profile": "foot-walking", "distance_m": 825.1, "duration_min": 9.9, "notes": "Segmento generato automaticamente con ORS tra due tappe consecutive." }, "geometry": { "type": "Point", "coordinates": [ 7.6842708, 45.0714108 ] } },
{ "type": "Feature", "properties": { "full_id": "n2068324878", "osm_id": "2068324878", "name": "Caffetteria Cristal", "service_type": "food_drink", "service_subtype": "cafe", "route_id": "torino_nascosta_centro", "route_title": "Torino Nascosta nel Centro", "segment_id": "torino_nascosta_centro_03", "segment_index": 3, "from_artwork_id": "dito-colombo", "to_artwork_id": "palazzo-piercing", "from_title": "Il Dito di Colombo", "to_title": "Baci Urbani (Palazzo con il Piercing)", "profile": "foot-walking", "distance_m": 825.1, "duration_min": 9.9, "notes": "Segmento generato automaticamente con ORS tra due tappe consecutive." }, "geometry": { "type": "Point", "coordinates": [ 7.6829921, 45.0701746 ] } },
{ "type": "Feature", "properties": { "full_id": "n2068375174", "osm_id": "2068375174", "name": "Torrefazione Beccuti", "service_type": "food_drink", "service_subtype": "cafe", "route_id": "torino_nascosta_centro", "route_title": "Torino Nascosta nel Centro", "segment_id": "torino_nascosta_centro_03", "segment_index": 3, "from_artwork_id": "dito-colombo", "to_artwork_id": "palazzo-piercing", "from_title": "Il Dito di Colombo", "to_title": "Baci Urbani (Palazzo con il Piercing)", "profile": "foot-walking", "distance_m": 825.1, "duration_min": 9.9, "notes": "Segmento generato automaticamente con ORS tra due tappe consecutive." }, "geometry": { "type": "Point", "coordinates": [ 7.6814662, 45.0706754 ] } },
{ "type": "Feature", "properties": { "full_id": "n3113566633", "osm_id": "3113566633", "name": "Farmacia del Cambio", "service_type": "food_drink", "service_subtype": "cafe", "route_id": "torino_nascosta_centro", "route_title": "Torino Nascosta nel Centro", "segment_id": "torino_nascosta_centro_03", "segment_index": 3, "from_artwork_id": "dito-colombo", "to_artwork_id": "palazzo-piercing", "from_title": "Il Dito di Colombo", "to_title": "Baci Urbani (Palazzo con il Piercing)", "profile": "foot-walking", "distance_m": 825.1, "duration_min": 9.9, "notes": "Segmento generato automaticamente con ORS tra due tappe consecutive." }, "geometry": { "type": "Point", "coordinates": [ 7.6849442, 45.0695933 ] } },
{ "type": "Feature", "properties": { "full_id": "n3363437031", "osm_id": "3363437031", "name": "Caffè Gelateria Fiorio", "service_type": "food_drink", "service_subtype": "cafe", "route_id": "torino_nascosta_centro", "route_title": "Torino Nascosta nel Centro", "segment_id": "torino_nascosta_centro_03", "segment_index": 3, "from_artwork_id": "dito-colombo", "to_artwork_id": "palazzo-piercing", "from_title": "Il Dito di Colombo", "to_title": "Baci Urbani (Palazzo con il Piercing)", "profile": "foot-walking", "distance_m": 825.1, "duration_min": 9.9, "notes": "Segmento generato automaticamente con ORS tra due tappe consecutive." }, "geometry": { "type": "Point", "coordinates": [ 7.6881141, 45.0694059 ] } },
{ "type": "Feature", "properties": { "full_id": "n3363464693", "osm_id": "3363464693", "name": "caffetteria Palazzo di Città", "service_type": "food_drink", "service_subtype": "cafe", "route_id": "torino_nascosta_centro", "route_title": "Torino Nascosta nel Centro", "segment_id": "torino_nascosta_centro_03", "segment_index": 3, "from_artwork_id": "dito-colombo", "to_artwork_id": "palazzo-piercing", "from_title": "Il Dito di Colombo", "to_title": "Baci Urbani (Palazzo con il Piercing)", "profile": "foot-walking", "distance_m": 825.1, "duration_min": 9.9, "notes": "Segmento generato automaticamente con ORS tra due tappe consecutive." }, "geometry": { "type": "Point", "coordinates": [ 7.6813062, 45.0728134 ] } },
{ "type": "Feature", "properties": { "full_id": "n3774212366", "osm_id": "3774212366", "name": "Fiorio", "service_type": "food_drink", "service_subtype": "cafe", "route_id": "torino_nascosta_centro", "route_title": "Torino Nascosta nel Centro", "segment_id": "torino_nascosta_centro_03", "segment_index": 3, "from_artwork_id": "dito-colombo", "to_artwork_id": "palazzo-piercing", "from_title": "Il Dito di Colombo", "to_title": "Baci Urbani (Palazzo con il Piercing)", "profile": "foot-walking", "distance_m": 825.1, "duration_min": 9.9, "notes": "Segmento generato automaticamente con ORS tra due tappe consecutive." }, "geometry": { "type": "Point", "coordinates": [ 7.6844204, 45.0713398 ] } },
{ "type": "Feature", "properties": { "full_id": "n3898754185", "osm_id": "3898754185", "name": "Natura", "service_type": "food_drink", "service_subtype": "cafe", "route_id": "torino_nascosta_centro", "route_title": "Torino Nascosta nel Centro", "segment_id": "torino_nascosta_centro_03", "segment_index": 3, "from_artwork_id": "dito-colombo", "to_artwork_id": "palazzo-piercing", "from_title": "Il Dito di Colombo", "to_title": "Baci Urbani (Palazzo con il Piercing)", "profile": "foot-walking", "distance_m": 825.1, "duration_min": 9.9, "notes": "Segmento generato automaticamente con ORS tra due tappe consecutive." }, "geometry": { "type": "Point", "coordinates": [ 7.6873112, 45.0698573 ] } },
{ "type": "Feature", "properties": { "full_id": "n4736058970", "osm_id": "4736058970", "name": "Caffè Mulassano", "service_type": "food_drink", "service_subtype": "cafe", "route_id": "torino_nascosta_centro", "route_title": "Torino Nascosta nel Centro", "segment_id": "torino_nascosta_centro_03", "segment_index": 3, "from_artwork_id": "dito-colombo", "to_artwork_id": "palazzo-piercing", "from_title": "Il Dito di Colombo", "to_title": "Baci Urbani (Palazzo con il Piercing)", "profile": "foot-walking", "distance_m": 825.1, "duration_min": 9.9, "notes": "Segmento generato automaticamente con ORS tra due tappe consecutive." }, "geometry": { "type": "Point", "coordinates": [ 7.6868085, 45.0698461 ] } },
{ "type": "Feature", "properties": { "full_id": "n4736079147", "osm_id": "4736079147", "name": "New Prosit", "service_type": "food_drink", "service_subtype": "cafe", "route_id": "torino_nascosta_centro", "route_title": "Torino Nascosta nel Centro", "segment_id": "torino_nascosta_centro_03", "segment_index": 3, "from_artwork_id": "dito-colombo", "to_artwork_id": "palazzo-piercing", "from_title": "Il Dito di Colombo", "to_title": "Baci Urbani (Palazzo con il Piercing)", "profile": "foot-walking", "distance_m": 825.1, "duration_min": 9.9, "notes": "Segmento generato automaticamente con ORS tra due tappe consecutive." }, "geometry": { "type": "Point", "coordinates": [ 7.6830106, 45.0733361 ] } },
{ "type": "Feature", "properties": { "full_id": "n4736081802", "osm_id": "4736081802", "name": "The Tea", "service_type": "food_drink", "service_subtype": "cafe", "route_id": "torino_nascosta_centro", "route_title": "Torino Nascosta nel Centro", "segment_id": "torino_nascosta_centro_03", "segment_index": 3, "from_artwork_id": "dito-colombo", "to_artwork_id": "palazzo-piercing", "from_title": "Il Dito di Colombo", "to_title": "Baci Urbani (Palazzo con il Piercing)", "profile": "foot-walking", "distance_m": 825.1, "duration_min": 9.9, "notes": "Segmento generato automaticamente con ORS tra due tappe consecutive." }, "geometry": { "type": "Point", "coordinates": [ 7.6812818, 45.073606599999984 ] } },
{ "type": "Feature", "properties": { "full_id": "n4736083839", "osm_id": "4736083839", "name": "Pankè", "service_type": "food_drink", "service_subtype": "cafe", "route_id": "torino_nascosta_centro", "route_title": "Torino Nascosta nel Centro", "segment_id": "torino_nascosta_centro_03", "segment_index": 3, "from_artwork_id": "dito-colombo", "to_artwork_id": "palazzo-piercing", "from_title": "Il Dito di Colombo", "to_title": "Baci Urbani (Palazzo con il Piercing)", "profile": "foot-walking", "distance_m": 825.1, "duration_min": 9.9, "notes": "Segmento generato automaticamente con ORS tra due tappe consecutive." }, "geometry": { "type": "Point", "coordinates": [ 7.6815852, 45.072705 ] } },
{ "type": "Feature", "properties": { "full_id": "n5113659516", "osm_id": "5113659516", "name": "cafe bar universita", "service_type": "food_drink", "service_subtype": "cafe", "route_id": "torino_nascosta_centro", "route_title": "Torino Nascosta nel Centro", "segment_id": "torino_nascosta_centro_03", "segment_index": 3, "from_artwork_id": "dito-colombo", "to_artwork_id": "palazzo-piercing", "from_title": "Il Dito di Colombo", "to_title": "Baci Urbani (Palazzo con il Piercing)", "profile": "foot-walking", "distance_m": 825.1, "duration_min": 9.9, "notes": "Segmento generato automaticamente con ORS tra due tappe consecutive." }, "geometry": { "type": "Point", "coordinates": [ 7.6877854, 45.069549 ] } },
{ "type": "Feature", "properties": { "full_id": "n5117626883", "osm_id": "5117626883", "name": "Caffè Roberto", "service_type": "food_drink", "service_subtype": "cafe", "route_id": "torino_nascosta_centro", "route_title": "Torino Nascosta nel Centro", "segment_id": "torino_nascosta_centro_03", "segment_index": 3, "from_artwork_id": "dito-colombo", "to_artwork_id": "palazzo-piercing", "from_title": "Il Dito di Colombo", "to_title": "Baci Urbani (Palazzo con il Piercing)", "profile": "foot-walking", "distance_m": 825.1, "duration_min": 9.9, "notes": "Segmento generato automaticamente con ORS tra due tappe consecutive." }, "geometry": { "type": "Point", "coordinates": [ 7.6876447, 45.070017 ] } },
{ "type": "Feature", "properties": { "full_id": "n5117626914", "osm_id": "5117626914", "name": "Caffè Risorgimento", "service_type": "food_drink", "service_subtype": "cafe", "route_id": "torino_nascosta_centro", "route_title": "Torino Nascosta nel Centro", "segment_id": "torino_nascosta_centro_03", "segment_index": 3, "from_artwork_id": "dito-colombo", "to_artwork_id": "palazzo-piercing", "from_title": "Il Dito di Colombo", "to_title": "Baci Urbani (Palazzo con il Piercing)", "profile": "foot-walking", "distance_m": 825.1, "duration_min": 9.9, "notes": "Segmento generato automaticamente con ORS tra due tappe consecutive." }, "geometry": { "type": "Point", "coordinates": [ 7.686071, 45.0681197 ] } },
{ "type": "Feature", "properties": { "full_id": "n5121453862", "osm_id": "5121453862", "name": "Deep space lounge", "service_type": "food_drink", "service_subtype": "cafe", "route_id": "torino_nascosta_centro", "route_title": "Torino Nascosta nel Centro", "segment_id": "torino_nascosta_centro_03", "segment_index": 3, "from_artwork_id": "dito-colombo", "to_artwork_id": "palazzo-piercing", "from_title": "Il Dito di Colombo", "to_title": "Baci Urbani (Palazzo con il Piercing)", "profile": "foot-walking", "distance_m": 825.1, "duration_min": 9.9, "notes": "Segmento generato automaticamente con ORS tra due tappe consecutive." }, "geometry": { "type": "Point", "coordinates": [ 7.6823924, 45.0697661 ] } },
{ "type": "Feature", "properties": { "full_id": "n5941325187", "osm_id": "5941325187", "name": "Caffè Regio", "service_type": "food_drink", "service_subtype": "cafe", "route_id": "torino_nascosta_centro", "route_title": "Torino Nascosta nel Centro", "segment_id": "torino_nascosta_centro_03", "segment_index": 3, "from_artwork_id": "dito-colombo", "to_artwork_id": "palazzo-piercing", "from_title": "Il Dito di Colombo", "to_title": "Baci Urbani (Palazzo con il Piercing)", "profile": "foot-walking", "distance_m": 825.1, "duration_min": 9.9, "notes": "Segmento generato automaticamente con ORS tra due tappe consecutive." }, "geometry": { "type": "Point", "coordinates": [ 7.6875001, 45.0701076 ] } },
{ "type": "Feature", "properties": { "full_id": "n5998205156", "osm_id": "5998205156", "name": "TLALOC", "service_type": "food_drink", "service_subtype": "cafe", "route_id": "torino_nascosta_centro", "route_title": "Torino Nascosta nel Centro", "segment_id": "torino_nascosta_centro_03", "segment_index": 3, "from_artwork_id": "dito-colombo", "to_artwork_id": "palazzo-piercing", "from_title": "Il Dito di Colombo", "to_title": "Baci Urbani (Palazzo con il Piercing)", "profile": "foot-walking", "distance_m": 825.1, "duration_min": 9.9, "notes": "Segmento generato automaticamente con ORS tra due tappe consecutive." }, "geometry": { "type": "Point", "coordinates": [ 7.6823688, 45.0727764 ] } },
{ "type": "Feature", "properties": { "full_id": "n5998205157", "osm_id": "5998205157", "name": "Il nostro cioccolato", "service_type": "food_drink", "service_subtype": "cafe", "route_id": "torino_nascosta_centro", "route_title": "Torino Nascosta nel Centro", "segment_id": "torino_nascosta_centro_03", "segment_index": 3, "from_artwork_id": "dito-colombo", "to_artwork_id": "palazzo-piercing", "from_title": "Il Dito di Colombo", "to_title": "Baci Urbani (Palazzo con il Piercing)", "profile": "foot-walking", "distance_m": 825.1, "duration_min": 9.9, "notes": "Segmento generato automaticamente con ORS tra due tappe consecutive." }, "geometry": { "type": "Point", "coordinates": [ 7.682464, 45.0727461 ] } },
{ "type": "Feature", "properties": { "full_id": "n5998252948", "osm_id": "5998252948", "name": "12oz", "service_type": "food_drink", "service_subtype": "cafe", "route_id": "torino_nascosta_centro", "route_title": "Torino Nascosta nel Centro", "segment_id": "torino_nascosta_centro_03", "segment_index": 3, "from_artwork_id": "dito-colombo", "to_artwork_id": "palazzo-piercing", "from_title": "Il Dito di Colombo", "to_title": "Baci Urbani (Palazzo con il Piercing)", "profile": "foot-walking", "distance_m": 825.1, "duration_min": 9.9, "notes": "Segmento generato automaticamente con ORS tra due tappe consecutive." }, "geometry": { "type": "Point", "coordinates": [ 7.6820983, 45.0722931 ] } },
{ "type": "Feature", "properties": { "full_id": "n6960480385", "osm_id": "6960480385", "name": "Minimarket", "service_type": "food_drink", "service_subtype": "cafe", "route_id": "torino_nascosta_centro", "route_title": "Torino Nascosta nel Centro", "segment_id": "torino_nascosta_centro_03", "segment_index": 3, "from_artwork_id": "dito-colombo", "to_artwork_id": "palazzo-piercing", "from_title": "Il Dito di Colombo", "to_title": "Baci Urbani (Palazzo con il Piercing)", "profile": "foot-walking", "distance_m": 825.1, "duration_min": 9.9, "notes": "Segmento generato automaticamente con ORS tra due tappe consecutive." }, "geometry": { "type": "Point", "coordinates": [ 7.6840672, 45.0723034 ] } },
{ "type": "Feature", "properties": { "full_id": "n7023660665", "osm_id": "7023660665", "name": "Caffetteria Novecento", "service_type": "food_drink", "service_subtype": "cafe", "route_id": "torino_nascosta_centro", "route_title": "Torino Nascosta nel Centro", "segment_id": "torino_nascosta_centro_03", "segment_index": 3, "from_artwork_id": "dito-colombo", "to_artwork_id": "palazzo-piercing", "from_title": "Il Dito di Colombo", "to_title": "Baci Urbani (Palazzo con il Piercing)", "profile": "foot-walking", "distance_m": 825.1, "duration_min": 9.9, "notes": "Segmento generato automaticamente con ORS tra due tappe consecutive." }, "geometry": { "type": "Point", "coordinates": [ 7.680222, 45.0715689 ] } },
{ "type": "Feature", "properties": { "full_id": "n10803879306", "osm_id": "10803879306", "name": "Ziccat", "service_type": "food_drink", "service_subtype": "cafe", "route_id": "torino_nascosta_centro", "route_title": "Torino Nascosta nel Centro", "segment_id": "torino_nascosta_centro_03", "segment_index": 3, "from_artwork_id": "dito-colombo", "to_artwork_id": "palazzo-piercing", "from_title": "Il Dito di Colombo", "to_title": "Baci Urbani (Palazzo con il Piercing)", "profile": "foot-walking", "distance_m": 825.1, "duration_min": 9.9, "notes": "Segmento generato automaticamente con ORS tra due tappe consecutive." }, "geometry": { "type": "Point", "coordinates": [ 7.6831105, 45.0707844 ] } },
{ "type": "Feature", "properties": { "full_id": "n10827139268", "osm_id": "10827139268", "name": "Bar Antica piazza delle erbe", "service_type": "food_drink", "service_subtype": "cafe", "route_id": "torino_nascosta_centro", "route_title": "Torino Nascosta nel Centro", "segment_id": "torino_nascosta_centro_03", "segment_index": 3, "from_artwork_id": "dito-colombo", "to_artwork_id": "palazzo-piercing", "from_title": "Il Dito di Colombo", "to_title": "Baci Urbani (Palazzo con il Piercing)", "profile": "foot-walking", "distance_m": 825.1, "duration_min": 9.9, "notes": "Segmento generato automaticamente con ORS tra due tappe consecutive." }, "geometry": { "type": "Point", "coordinates": [ 7.6818, 45.0730879 ] } },
{ "type": "Feature", "properties": { "full_id": "n10951612316", "osm_id": "10951612316", "name": "Caffè Pietro Micca", "service_type": "food_drink", "service_subtype": "cafe", "route_id": "torino_nascosta_centro", "route_title": "Torino Nascosta nel Centro", "segment_id": "torino_nascosta_centro_03", "segment_index": 3, "from_artwork_id": "dito-colombo", "to_artwork_id": "palazzo-piercing", "from_title": "Il Dito di Colombo", "to_title": "Baci Urbani (Palazzo con il Piercing)", "profile": "foot-walking", "distance_m": 825.1, "duration_min": 9.9, "notes": "Segmento generato automaticamente con ORS tra due tappe consecutive." }, "geometry": { "type": "Point", "coordinates": [ 7.6826506, 45.0707723 ] } },
{ "type": "Feature", "properties": { "full_id": "n11061384926", "osm_id": "11061384926", "name": "Oro puro", "service_type": "food_drink", "service_subtype": "cafe", "route_id": "torino_nascosta_centro", "route_title": "Torino Nascosta nel Centro", "segment_id": "torino_nascosta_centro_03", "segment_index": 3, "from_artwork_id": "dito-colombo", "to_artwork_id": "palazzo-piercing", "from_title": "Il Dito di Colombo", "to_title": "Baci Urbani (Palazzo con il Piercing)", "profile": "foot-walking", "distance_m": 825.1, "duration_min": 9.9, "notes": "Segmento generato automaticamente con ORS tra due tappe consecutive." }, "geometry": { "type": "Point", "coordinates": [ 7.6835753, 45.0718437 ] } },
{ "type": "Feature", "properties": { "full_id": "n11078624682", "osm_id": "11078624682", "name": "D.A.F.", "service_type": "food_drink", "service_subtype": "cafe", "route_id": "torino_nascosta_centro", "route_title": "Torino Nascosta nel Centro", "segment_id": "torino_nascosta_centro_03", "segment_index": 3, "from_artwork_id": "dito-colombo", "to_artwork_id": "palazzo-piercing", "from_title": "Il Dito di Colombo", "to_title": "Baci Urbani (Palazzo con il Piercing)", "profile": "foot-walking", "distance_m": 825.1, "duration_min": 9.9, "notes": "Segmento generato automaticamente con ORS tra due tappe consecutive." }, "geometry": { "type": "Point", "coordinates": [ 7.6836704, 45.070951099999988 ] } },
{ "type": "Feature", "properties": { "full_id": "n11328855589", "osm_id": "11328855589", "name": "Bar Stampa", "service_type": "food_drink", "service_subtype": "cafe", "route_id": "torino_nascosta_centro", "route_title": "Torino Nascosta nel Centro", "segment_id": "torino_nascosta_centro_03", "segment_index": 3, "from_artwork_id": "dito-colombo", "to_artwork_id": "palazzo-piercing", "from_title": "Il Dito di Colombo", "to_title": "Baci Urbani (Palazzo con il Piercing)", "profile": "foot-walking", "distance_m": 825.1, "duration_min": 9.9, "notes": "Segmento generato automaticamente con ORS tra due tappe consecutive." }, "geometry": { "type": "Point", "coordinates": [ 7.6833762, 45.069388100000012 ] } },
{ "type": "Feature", "properties": { "full_id": "n11346897170", "osm_id": "11346897170", "name": "Luxery caffe Baki", "service_type": "food_drink", "service_subtype": "cafe", "route_id": "torino_nascosta_centro", "route_title": "Torino Nascosta nel Centro", "segment_id": "torino_nascosta_centro_03", "segment_index": 3, "from_artwork_id": "dito-colombo", "to_artwork_id": "palazzo-piercing", "from_title": "Il Dito di Colombo", "to_title": "Baci Urbani (Palazzo con il Piercing)", "profile": "foot-walking", "distance_m": 825.1, "duration_min": 9.9, "notes": "Segmento generato automaticamente con ORS tra due tappe consecutive." }, "geometry": { "type": "Point", "coordinates": [ 7.6832209, 45.0698347 ] } },
{ "type": "Feature", "properties": { "full_id": "n11502659927", "osm_id": "11502659927", "name": "ST", "service_type": "food_drink", "service_subtype": "cafe", "route_id": "torino_nascosta_centro", "route_title": "Torino Nascosta nel Centro", "segment_id": "torino_nascosta_centro_03", "segment_index": 3, "from_artwork_id": "dito-colombo", "to_artwork_id": "palazzo-piercing", "from_title": "Il Dito di Colombo", "to_title": "Baci Urbani (Palazzo con il Piercing)", "profile": "foot-walking", "distance_m": 825.1, "duration_min": 9.9, "notes": "Segmento generato automaticamente con ORS tra due tappe consecutive." }, "geometry": { "type": "Point", "coordinates": [ 7.6814082, 45.071647 ] } },
{ "type": "Feature", "properties": { "full_id": "n12165781942", "osm_id": "12165781942", "name": "Caffé Roberto", "service_type": "food_drink", "service_subtype": "cafe", "route_id": "torino_nascosta_centro", "route_title": "Torino Nascosta nel Centro", "segment_id": "torino_nascosta_centro_03", "segment_index": 3, "from_artwork_id": "dito-colombo", "to_artwork_id": "palazzo-piercing", "from_title": "Il Dito di Colombo", "to_title": "Baci Urbani (Palazzo con il Piercing)", "profile": "foot-walking", "distance_m": 825.1, "duration_min": 9.9, "notes": "Segmento generato automaticamente con ORS tra due tappe consecutive." }, "geometry": { "type": "Point", "coordinates": [ 7.6876276, 45.0701605 ] } },
{ "type": "Feature", "properties": { "full_id": "n12423081673", "osm_id": "12423081673", "name": "Caffetteria da Mario", "service_type": "food_drink", "service_subtype": "cafe", "route_id": "torino_nascosta_centro", "route_title": "Torino Nascosta nel Centro", "segment_id": "torino_nascosta_centro_03", "segment_index": 3, "from_artwork_id": "dito-colombo", "to_artwork_id": "palazzo-piercing", "from_title": "Il Dito di Colombo", "to_title": "Baci Urbani (Palazzo con il Piercing)", "profile": "foot-walking", "distance_m": 825.1, "duration_min": 9.9, "notes": "Segmento generato automaticamente con ORS tra due tappe consecutive." }, "geometry": { "type": "Point", "coordinates": [ 7.6817783, 45.074077 ] } },
{ "type": "Feature", "properties": { "full_id": "n13340544602", "osm_id": "13340544602", "name": "Barney's", "service_type": "food_drink", "service_subtype": "cafe", "route_id": "torino_nascosta_centro", "route_title": "Torino Nascosta nel Centro", "segment_id": "torino_nascosta_centro_03", "segment_index": 3, "from_artwork_id": "dito-colombo", "to_artwork_id": "palazzo-piercing", "from_title": "Il Dito di Colombo", "to_title": "Baci Urbani (Palazzo con il Piercing)", "profile": "foot-walking", "distance_m": 825.1, "duration_min": 9.9, "notes": "Segmento generato automaticamente con ORS tra due tappe consecutive." }, "geometry": { "type": "Point", "coordinates": [ 7.6879468, 45.0686329 ] } },
{ "type": "Feature", "properties": { "full_id": "n13446464504", "osm_id": "13446464504", "name": "Caffè dei Guardinfanti", "service_type": "food_drink", "service_subtype": "cafe", "route_id": "torino_nascosta_centro", "route_title": "Torino Nascosta nel Centro", "segment_id": "torino_nascosta_centro_03", "segment_index": 3, "from_artwork_id": "dito-colombo", "to_artwork_id": "palazzo-piercing", "from_title": "Il Dito di Colombo", "to_title": "Baci Urbani (Palazzo con il Piercing)", "profile": "foot-walking", "distance_m": 825.1, "duration_min": 9.9, "notes": "Segmento generato automaticamente con ORS tra due tappe consecutive." }, "geometry": { "type": "Point", "coordinates": [ 7.6812032, 45.0717451 ] } },
{ "type": "Feature", "properties": { "full_id": "n2066108535", "osm_id": "2066108535", "name": "Grom", "service_type": "food_drink", "service_subtype": "ice_cream", "route_id": "torino_nascosta_centro", "route_title": "Torino Nascosta nel Centro", "segment_id": "torino_nascosta_centro_03", "segment_index": 3, "from_artwork_id": "dito-colombo", "to_artwork_id": "palazzo-piercing", "from_title": "Il Dito di Colombo", "to_title": "Baci Urbani (Palazzo con il Piercing)", "profile": "foot-walking", "distance_m": 825.1, "duration_min": 9.9, "notes": "Segmento generato automaticamente con ORS tra due tappe consecutive." }, "geometry": { "type": "Point", "coordinates": [ 7.6854243, 45.0697549 ] } },
{ "type": "Feature", "properties": { "full_id": "n2786124665", "osm_id": "2786124665", "name": "Più di un gelato", "service_type": "food_drink", "service_subtype": "ice_cream", "route_id": "torino_nascosta_centro", "route_title": "Torino Nascosta nel Centro", "segment_id": "torino_nascosta_centro_03", "segment_index": 3, "from_artwork_id": "dito-colombo", "to_artwork_id": "palazzo-piercing", "from_title": "Il Dito di Colombo", "to_title": "Baci Urbani (Palazzo con il Piercing)", "profile": "foot-walking", "distance_m": 825.1, "duration_min": 9.9, "notes": "Segmento generato automaticamente con ORS tra due tappe consecutive." }, "geometry": { "type": "Point", "coordinates": [ 7.6821905, 45.071534599999985 ] } },
{ "type": "Feature", "properties": { "full_id": "n4736058939", "osm_id": "4736058939", "name": "Menodiciotto", "service_type": "food_drink", "service_subtype": "ice_cream", "route_id": "torino_nascosta_centro", "route_title": "Torino Nascosta nel Centro", "segment_id": "torino_nascosta_centro_03", "segment_index": 3, "from_artwork_id": "dito-colombo", "to_artwork_id": "palazzo-piercing", "from_title": "Il Dito di Colombo", "to_title": "Baci Urbani (Palazzo con il Piercing)", "profile": "foot-walking", "distance_m": 825.1, "duration_min": 9.9, "notes": "Segmento generato automaticamente con ORS tra due tappe consecutive." }, "geometry": { "type": "Point", "coordinates": [ 7.6856669, 45.070122 ] } },
{ "type": "Feature", "properties": { "full_id": "n4836095522", "osm_id": "4836095522", "name": "Gelateria Vanilla", "service_type": "food_drink", "service_subtype": "ice_cream", "route_id": "torino_nascosta_centro", "route_title": "Torino Nascosta nel Centro", "segment_id": "torino_nascosta_centro_03", "segment_index": 3, "from_artwork_id": "dito-colombo", "to_artwork_id": "palazzo-piercing", "from_title": "Il Dito di Colombo", "to_title": "Baci Urbani (Palazzo con il Piercing)", "profile": "foot-walking", "distance_m": 825.1, "duration_min": 9.9, "notes": "Segmento generato automaticamente con ORS tra due tappe consecutive." }, "geometry": { "type": "Point", "coordinates": [ 7.6843549, 45.0720345 ] } },
{ "type": "Feature", "properties": { "full_id": "n5772775526", "osm_id": "5772775526", "name": "+ di un gelato", "service_type": "food_drink", "service_subtype": "ice_cream", "route_id": "torino_nascosta_centro", "route_title": "Torino Nascosta nel Centro", "segment_id": "torino_nascosta_centro_03", "segment_index": 3, "from_artwork_id": "dito-colombo", "to_artwork_id": "palazzo-piercing", "from_title": "Il Dito di Colombo", "to_title": "Baci Urbani (Palazzo con il Piercing)", "profile": "foot-walking", "distance_m": 825.1, "duration_min": 9.9, "notes": "Segmento generato automaticamente con ORS tra due tappe consecutive." }, "geometry": { "type": "Point", "coordinates": [ 7.6856271, 45.0694617 ] } },
{ "type": "Feature", "properties": { "full_id": "n10811134364", "osm_id": "10811134364", "name": "Gelateria Peter Pan", "service_type": "food_drink", "service_subtype": "ice_cream", "route_id": "torino_nascosta_centro", "route_title": "Torino Nascosta nel Centro", "segment_id": "torino_nascosta_centro_03", "segment_index": 3, "from_artwork_id": "dito-colombo", "to_artwork_id": "palazzo-piercing", "from_title": "Il Dito di Colombo", "to_title": "Baci Urbani (Palazzo con il Piercing)", "profile": "foot-walking", "distance_m": 825.1, "duration_min": 9.9, "notes": "Segmento generato automaticamente con ORS tra due tappe consecutive." }, "geometry": { "type": "Point", "coordinates": [ 7.6818982, 45.0696553 ] } },
{ "type": "Feature", "properties": { "full_id": "n10944305291", "osm_id": "10944305291", "name": "SanTo", "service_type": "food_drink", "service_subtype": "ice_cream", "route_id": "torino_nascosta_centro", "route_title": "Torino Nascosta nel Centro", "segment_id": "torino_nascosta_centro_03", "segment_index": 3, "from_artwork_id": "dito-colombo", "to_artwork_id": "palazzo-piercing", "from_title": "Il Dito di Colombo", "to_title": "Baci Urbani (Palazzo con il Piercing)", "profile": "foot-walking", "distance_m": 825.1, "duration_min": 9.9, "notes": "Segmento generato automaticamente con ORS tra due tappe consecutive." }, "geometry": { "type": "Point", "coordinates": [ 7.6816573, 45.0708153 ] } },
{ "type": "Feature", "properties": { "full_id": "n13075169872", "osm_id": "13075169872", "name": "Grom", "service_type": "food_drink", "service_subtype": "ice_cream", "route_id": "torino_nascosta_centro", "route_title": "Torino Nascosta nel Centro", "segment_id": "torino_nascosta_centro_03", "segment_index": 3, "from_artwork_id": "dito-colombo", "to_artwork_id": "palazzo-piercing", "from_title": "Il Dito di Colombo", "to_title": "Baci Urbani (Palazzo con il Piercing)", "profile": "foot-walking", "distance_m": 825.1, "duration_min": 9.9, "notes": "Segmento generato automaticamente con ORS tra due tappe consecutive." }, "geometry": { "type": "Point", "coordinates": [ 7.6823385, 45.0720901 ] } },
{ "type": "Feature", "properties": { "full_id": "n1198867402", "osm_id": "1198867402", "name": "Bertola", "service_type": "transport", "service_subtype": "bus_stop", "route_id": "torino_nascosta_centro", "route_title": "Torino Nascosta nel Centro", "segment_id": "torino_nascosta_centro_03", "segment_index": 3, "from_artwork_id": "dito-colombo", "to_artwork_id": "palazzo-piercing", "from_title": "Il Dito di Colombo", "to_title": "Baci Urbani (Palazzo con il Piercing)", "profile": "foot-walking", "distance_m": 825.1, "duration_min": 9.9, "notes": "Segmento generato automaticamente con ORS tra due tappe consecutive." }, "geometry": { "type": "Point", "coordinates": [ 7.682115, 45.0694568 ] } },
{ "type": "Feature", "properties": { "full_id": "n1198867537", "osm_id": "1198867537", "name": "Corte d'Appello", "service_type": "transport", "service_subtype": "bus_stop", "route_id": "torino_nascosta_centro", "route_title": "Torino Nascosta nel Centro", "segment_id": "torino_nascosta_centro_03", "segment_index": 3, "from_artwork_id": "dito-colombo", "to_artwork_id": "palazzo-piercing", "from_title": "Il Dito di Colombo", "to_title": "Baci Urbani (Palazzo con il Piercing)", "profile": "foot-walking", "distance_m": 825.1, "duration_min": 9.9, "notes": "Segmento generato automaticamente con ORS tra due tappe consecutive." }, "geometry": { "type": "Point", "coordinates": [ 7.6816014, 45.073721 ] } },
{ "type": "Feature", "properties": { "full_id": "n1198867556", "osm_id": "1198867556", "name": "Garibaldi", "service_type": "transport", "service_subtype": "bus_stop", "route_id": "torino_nascosta_centro", "route_title": "Torino Nascosta nel Centro", "segment_id": "torino_nascosta_centro_03", "segment_index": 3, "from_artwork_id": "dito-colombo", "to_artwork_id": "palazzo-piercing", "from_title": "Il Dito di Colombo", "to_title": "Baci Urbani (Palazzo con il Piercing)", "profile": "foot-walking", "distance_m": 825.1, "duration_min": 9.9, "notes": "Segmento generato automaticamente con ORS tra due tappe consecutive." }, "geometry": { "type": "Point", "coordinates": [ 7.6837258, 45.0718764 ] } },
{ "type": "Feature", "properties": { "full_id": "n1262188506", "osm_id": "1262188506", "name": "Bertola Capolinea", "service_type": "transport", "service_subtype": "bus_stop", "route_id": "torino_nascosta_centro", "route_title": "Torino Nascosta nel Centro", "segment_id": "torino_nascosta_centro_03", "segment_index": 3, "from_artwork_id": "dito-colombo", "to_artwork_id": "palazzo-piercing", "from_title": "Il Dito di Colombo", "to_title": "Baci Urbani (Palazzo con il Piercing)", "profile": "foot-walking", "distance_m": 825.1, "duration_min": 9.9, "notes": "Segmento generato automaticamente con ORS tra due tappe consecutive." }, "geometry": { "type": "Point", "coordinates": [ 7.6814445, 45.0699533 ] } },
{ "type": "Feature", "properties": { "full_id": "n1262190131", "osm_id": "1262190131", "name": "Castello", "service_type": "transport", "service_subtype": "bus_stop", "route_id": "torino_nascosta_centro", "route_title": "Torino Nascosta nel Centro", "segment_id": "torino_nascosta_centro_03", "segment_index": 3, "from_artwork_id": "dito-colombo", "to_artwork_id": "palazzo-piercing", "from_title": "Il Dito di Colombo", "to_title": "Baci Urbani (Palazzo con il Piercing)", "profile": "foot-walking", "distance_m": 825.1, "duration_min": 9.9, "notes": "Segmento generato automaticamente con ORS tra due tappe consecutive." }, "geometry": { "type": "Point", "coordinates": [ 7.6853713, 45.0703952 ] } },
{ "type": "Feature", "properties": { "full_id": "n1262197678", "osm_id": "1262197678", "name": "Bertola", "service_type": "transport", "service_subtype": "bus_stop", "route_id": "torino_nascosta_centro", "route_title": "Torino Nascosta nel Centro", "segment_id": "torino_nascosta_centro_03", "segment_index": 3, "from_artwork_id": "dito-colombo", "to_artwork_id": "palazzo-piercing", "from_title": "Il Dito di Colombo", "to_title": "Baci Urbani (Palazzo con il Piercing)", "profile": "foot-walking", "distance_m": 825.1, "duration_min": 9.9, "notes": "Segmento generato automaticamente con ORS tra due tappe consecutive." }, "geometry": { "type": "Point", "coordinates": [ 7.6813986, 45.0705169 ] } },
{ "type": "Feature", "properties": { "full_id": "n1262199837", "osm_id": "1262199837", "name": "Bertola Capolinea", "service_type": "transport", "service_subtype": "bus_stop", "route_id": "torino_nascosta_centro", "route_title": "Torino Nascosta nel Centro", "segment_id": "torino_nascosta_centro_03", "segment_index": 3, "from_artwork_id": "dito-colombo", "to_artwork_id": "palazzo-piercing", "from_title": "Il Dito di Colombo", "to_title": "Baci Urbani (Palazzo con il Piercing)", "profile": "foot-walking", "distance_m": 825.1, "duration_min": 9.9, "notes": "Segmento generato automaticamente con ORS tra due tappe consecutive." }, "geometry": { "type": "Point", "coordinates": [ 7.6818623, 45.069801899999987 ] } },
{ "type": "Feature", "properties": { "full_id": "n1262207476", "osm_id": "1262207476", "name": "Castello", "service_type": "transport", "service_subtype": "bus_stop", "route_id": "torino_nascosta_centro", "route_title": "Torino Nascosta nel Centro", "segment_id": "torino_nascosta_centro_03", "segment_index": 3, "from_artwork_id": "dito-colombo", "to_artwork_id": "palazzo-piercing", "from_title": "Il Dito di Colombo", "to_title": "Baci Urbani (Palazzo con il Piercing)", "profile": "foot-walking", "distance_m": 825.1, "duration_min": 9.9, "notes": "Segmento generato automaticamente con ORS tra due tappe consecutive." }, "geometry": { "type": "Point", "coordinates": [ 7.6849471, 45.0706322 ] } },
{ "type": "Feature", "properties": { "full_id": "n1262208216", "osm_id": "1262208216", "name": "Milano", "service_type": "transport", "service_subtype": "bus_stop", "route_id": "torino_nascosta_centro", "route_title": "Torino Nascosta nel Centro", "segment_id": "torino_nascosta_centro_03", "segment_index": 3, "from_artwork_id": "dito-colombo", "to_artwork_id": "palazzo-piercing", "from_title": "Il Dito di Colombo", "to_title": "Baci Urbani (Palazzo con il Piercing)", "profile": "foot-walking", "distance_m": 825.1, "duration_min": 9.9, "notes": "Segmento generato automaticamente con ORS tra due tappe consecutive." }, "geometry": { "type": "Point", "coordinates": [ 7.6816321, 45.0735306 ] } },
{ "type": "Feature", "properties": { "full_id": "n1262209581", "osm_id": "1262209581", "name": "Bertola Capolinea", "service_type": "transport", "service_subtype": "bus_stop", "route_id": "torino_nascosta_centro", "route_title": "Torino Nascosta nel Centro", "segment_id": "torino_nascosta_centro_03", "segment_index": 3, "from_artwork_id": "dito-colombo", "to_artwork_id": "palazzo-piercing", "from_title": "Il Dito di Colombo", "to_title": "Baci Urbani (Palazzo con il Piercing)", "profile": "foot-walking", "distance_m": 825.1, "duration_min": 9.9, "notes": "Segmento generato automaticamente con ORS tra due tappe consecutive." }, "geometry": { "type": "Point", "coordinates": [ 7.6816003, 45.069892 ] } },
{ "type": "Feature", "properties": { "full_id": "n1491228854", "osm_id": "1491228854", "name": "Piazza Castello", "service_type": "transport", "service_subtype": "bus_stop", "route_id": "torino_nascosta_centro", "route_title": "Torino Nascosta nel Centro", "segment_id": "torino_nascosta_centro_03", "segment_index": 3, "from_artwork_id": "dito-colombo", "to_artwork_id": "palazzo-piercing", "from_title": "Il Dito di Colombo", "to_title": "Baci Urbani (Palazzo con il Piercing)", "profile": "foot-walking", "distance_m": 825.1, "duration_min": 9.9, "notes": "Segmento generato automaticamente con ORS tra due tappe consecutive." }, "geometry": { "type": "Point", "coordinates": [ 7.6865906, 45.0700846 ] } },
{ "type": "Feature", "properties": { "full_id": "n11657164483", "osm_id": "11657164483", "name": "Castello Est Capolinea", "service_type": "transport", "service_subtype": "bus_stop", "route_id": "torino_nascosta_centro", "route_title": "Torino Nascosta nel Centro", "segment_id": "torino_nascosta_centro_03", "segment_index": 3, "from_artwork_id": "dito-colombo", "to_artwork_id": "palazzo-piercing", "from_title": "Il Dito di Colombo", "to_title": "Baci Urbani (Palazzo con il Piercing)", "profile": "foot-walking", "distance_m": 825.1, "duration_min": 9.9, "notes": "Segmento generato automaticamente con ORS tra due tappe consecutive." }, "geometry": { "type": "Point", "coordinates": [ 7.6870212, 45.0708299 ] } },
{ "type": "Feature", "properties": { "full_id": "n11657164484", "osm_id": "11657164484", "name": "Castello Capolinea", "service_type": "transport", "service_subtype": "bus_stop", "route_id": "torino_nascosta_centro", "route_title": "Torino Nascosta nel Centro", "segment_id": "torino_nascosta_centro_03", "segment_index": 3, "from_artwork_id": "dito-colombo", "to_artwork_id": "palazzo-piercing", "from_title": "Il Dito di Colombo", "to_title": "Baci Urbani (Palazzo con il Piercing)", "profile": "foot-walking", "distance_m": 825.1, "duration_min": 9.9, "notes": "Segmento generato automaticamente con ORS tra due tappe consecutive." }, "geometry": { "type": "Point", "coordinates": [ 7.6868105, 45.0707193 ] } },
{ "type": "Feature", "properties": { "full_id": "n941491471", "osm_id": "941491471", "name": "Corte d'Appello", "service_type": "transport", "service_subtype": "tram_stop", "route_id": "torino_nascosta_centro", "route_title": "Torino Nascosta nel Centro", "segment_id": "torino_nascosta_centro_03", "segment_index": 3, "from_artwork_id": "dito-colombo", "to_artwork_id": "palazzo-piercing", "from_title": "Il Dito di Colombo", "to_title": "Baci Urbani (Palazzo con il Piercing)", "profile": "foot-walking", "distance_m": 825.1, "duration_min": 9.9, "notes": "Segmento generato automaticamente con ORS tra due tappe consecutive." }, "geometry": { "type": "Point", "coordinates": [ 7.6816175, 45.0737194 ] } },
{ "type": "Feature", "properties": { "full_id": "n941491545", "osm_id": "941491545", "name": "Bertola", "service_type": "transport", "service_subtype": "tram_stop", "route_id": "torino_nascosta_centro", "route_title": "Torino Nascosta nel Centro", "segment_id": "torino_nascosta_centro_03", "segment_index": 3, "from_artwork_id": "dito-colombo", "to_artwork_id": "palazzo-piercing", "from_title": "Il Dito di Colombo", "to_title": "Baci Urbani (Palazzo con il Piercing)", "profile": "foot-walking", "distance_m": 825.1, "duration_min": 9.9, "notes": "Segmento generato automaticamente con ORS tra due tappe consecutive." }, "geometry": { "type": "Point", "coordinates": [ 7.6821508, 45.0694161 ] } },
{ "type": "Feature", "properties": { "full_id": "n943330768", "osm_id": "943330768", "name": "Castello", "service_type": "transport", "service_subtype": "tram_stop", "route_id": "torino_nascosta_centro", "route_title": "Torino Nascosta nel Centro", "segment_id": "torino_nascosta_centro_03", "segment_index": 3, "from_artwork_id": "dito-colombo", "to_artwork_id": "palazzo-piercing", "from_title": "Il Dito di Colombo", "to_title": "Baci Urbani (Palazzo con il Piercing)", "profile": "foot-walking", "distance_m": 825.1, "duration_min": 9.9, "notes": "Segmento generato automaticamente con ORS tra due tappe consecutive." }, "geometry": { "type": "Point", "coordinates": [ 7.6853867, 45.0704138 ] } },
{ "type": "Feature", "properties": { "full_id": "n1167320980", "osm_id": "1167320980", "name": "Garibaldi", "service_type": "transport", "service_subtype": "tram_stop", "route_id": "torino_nascosta_centro", "route_title": "Torino Nascosta nel Centro", "segment_id": "torino_nascosta_centro_03", "segment_index": 3, "from_artwork_id": "dito-colombo", "to_artwork_id": "palazzo-piercing", "from_title": "Il Dito di Colombo", "to_title": "Baci Urbani (Palazzo con il Piercing)", "profile": "foot-walking", "distance_m": 825.1, "duration_min": 9.9, "notes": "Segmento generato automaticamente con ORS tra due tappe consecutive." }, "geometry": { "type": "Point", "coordinates": [ 7.6837141, 45.0718796 ] } },
{ "type": "Feature", "properties": { "full_id": "n1229263851", "osm_id": "1229263851", "name": "Castello Capolinea", "service_type": "transport", "service_subtype": "tram_stop", "route_id": "torino_nascosta_centro", "route_title": "Torino Nascosta nel Centro", "segment_id": "torino_nascosta_centro_03", "segment_index": 3, "from_artwork_id": "dito-colombo", "to_artwork_id": "palazzo-piercing", "from_title": "Il Dito di Colombo", "to_title": "Baci Urbani (Palazzo con il Piercing)", "profile": "foot-walking", "distance_m": 825.1, "duration_min": 9.9, "notes": "Segmento generato automaticamente con ORS tra due tappe consecutive." }, "geometry": { "type": "Point", "coordinates": [ 7.6868499, 45.0707242 ] } },
{ "type": "Feature", "properties": { "full_id": "n1370347434", "osm_id": "1370347434", "name": "Castello", "service_type": "transport", "service_subtype": "tram_stop", "route_id": "torino_nascosta_centro", "route_title": "Torino Nascosta nel Centro", "segment_id": "torino_nascosta_centro_03", "segment_index": 3, "from_artwork_id": "dito-colombo", "to_artwork_id": "palazzo-piercing", "from_title": "Il Dito di Colombo", "to_title": "Baci Urbani (Palazzo con il Piercing)", "profile": "foot-walking", "distance_m": 825.1, "duration_min": 9.9, "notes": "Segmento generato automaticamente con ORS tra due tappe consecutive." }, "geometry": { "type": "Point", "coordinates": [ 7.6849195, 45.0706137 ] } },
{ "type": "Feature", "properties": { "full_id": "n1370347438", "osm_id": "1370347438", "name": "Castello Est Capolinea", "service_type": "transport", "service_subtype": "tram_stop", "route_id": "torino_nascosta_centro", "route_title": "Torino Nascosta nel Centro", "segment_id": "torino_nascosta_centro_03", "segment_index": 3, "from_artwork_id": "dito-colombo", "to_artwork_id": "palazzo-piercing", "from_title": "Il Dito di Colombo", "to_title": "Baci Urbani (Palazzo con il Piercing)", "profile": "foot-walking", "distance_m": 825.1, "duration_min": 9.9, "notes": "Segmento generato automaticamente con ORS tra due tappe consecutive." }, "geometry": { "type": "Point", "coordinates": [ 7.6869898, 45.0708538 ] } },
{ "type": "Feature", "properties": { "full_id": "n1624209624", "osm_id": "1624209624", "name": "Bertola", "service_type": "transport", "service_subtype": "tram_stop", "route_id": "torino_nascosta_centro", "route_title": "Torino Nascosta nel Centro", "segment_id": "torino_nascosta_centro_03", "segment_index": 3, "from_artwork_id": "dito-colombo", "to_artwork_id": "palazzo-piercing", "from_title": "Il Dito di Colombo", "to_title": "Baci Urbani (Palazzo con il Piercing)", "profile": "foot-walking", "distance_m": 825.1, "duration_min": 9.9, "notes": "Segmento generato automaticamente con ORS tra due tappe consecutive." }, "geometry": { "type": "Point", "coordinates": [ 7.6813947, 45.0705563 ] } },
{ "type": "Feature", "properties": { "full_id": "n2018175888", "osm_id": "2018175888", "name": "Caffetteria degli Angeli", "service_type": "food_drink", "service_subtype": "bar", "route_id": "torino_nascosta_centro", "route_title": "Torino Nascosta nel Centro", "segment_id": "torino_nascosta_centro_04", "segment_index": 4, "from_artwork_id": "palazzo-piercing", "to_artwork_id": "toro-muro", "from_title": "Baci Urbani (Palazzo con il Piercing)", "to_title": "T'ORO - Il Toro che esce dal muro", "profile": "foot-walking", "distance_m": 570.2, "duration_min": 6.8433333333333337, "notes": "Segmento generato automaticamente con ORS tra due tappe consecutive." }, "geometry": { "type": "Point", "coordinates": [ 7.6844502, 45.0728711 ] } },
{ "type": "Feature", "properties": { "full_id": "n2018175892", "osm_id": "2018175892", "name": "Duomo", "service_type": "food_drink", "service_subtype": "bar", "route_id": "torino_nascosta_centro", "route_title": "Torino Nascosta nel Centro", "segment_id": "torino_nascosta_centro_04", "segment_index": 4, "from_artwork_id": "palazzo-piercing", "to_artwork_id": "toro-muro", "from_title": "Baci Urbani (Palazzo con il Piercing)", "to_title": "T'ORO - Il Toro che esce dal muro", "profile": "foot-walking", "distance_m": 570.2, "duration_min": 6.8433333333333337, "notes": "Segmento generato automaticamente con ORS tra due tappe consecutive." }, "geometry": { "type": "Point", "coordinates": [ 7.6839762, 45.0724362 ] } },
{ "type": "Feature", "properties": { "full_id": "n2018175901", "osm_id": "2018175901", "name": null, "service_type": "food_drink", "service_subtype": "bar", "route_id": "torino_nascosta_centro", "route_title": "Torino Nascosta nel Centro", "segment_id": "torino_nascosta_centro_04", "segment_index": 4, "from_artwork_id": "palazzo-piercing", "to_artwork_id": "toro-muro", "from_title": "Baci Urbani (Palazzo con il Piercing)", "to_title": "T'ORO - Il Toro che esce dal muro", "profile": "foot-walking", "distance_m": 570.2, "duration_min": 6.8433333333333337, "notes": "Segmento generato automaticamente con ORS tra due tappe consecutive." }, "geometry": { "type": "Point", "coordinates": [ 7.6831045, 45.0711364 ] } },
{ "type": "Feature", "properties": { "full_id": "n2068288947", "osm_id": "2068288947", "name": "Bar Francia", "service_type": "food_drink", "service_subtype": "bar", "route_id": "torino_nascosta_centro", "route_title": "Torino Nascosta nel Centro", "segment_id": "torino_nascosta_centro_04", "segment_index": 4, "from_artwork_id": "palazzo-piercing", "to_artwork_id": "toro-muro", "from_title": "Baci Urbani (Palazzo con il Piercing)", "to_title": "T'ORO - Il Toro che esce dal muro", "profile": "foot-walking", "distance_m": 570.2, "duration_min": 6.8433333333333337, "notes": "Segmento generato automaticamente con ORS tra due tappe consecutive." }, "geometry": { "type": "Point", "coordinates": [ 7.6838406, 45.0715756 ] } },
{ "type": "Feature", "properties": { "full_id": "n2278132194", "osm_id": "2278132194", "name": "Lobelix", "service_type": "food_drink", "service_subtype": "bar", "route_id": "torino_nascosta_centro", "route_title": "Torino Nascosta nel Centro", "segment_id": "torino_nascosta_centro_04", "segment_index": 4, "from_artwork_id": "palazzo-piercing", "to_artwork_id": "toro-muro", "from_title": "Baci Urbani (Palazzo con il Piercing)", "to_title": "T'ORO - Il Toro che esce dal muro", "profile": "foot-walking", "distance_m": 570.2, "duration_min": 6.8433333333333337, "notes": "Segmento generato automaticamente con ORS tra due tappe consecutive." }, "geometry": { "type": "Point", "coordinates": [ 7.6777621, 45.0747405 ] } },
{ "type": "Feature", "properties": { "full_id": "n3346661134", "osm_id": "3346661134", "name": "Nurah Café", "service_type": "food_drink", "service_subtype": "bar", "route_id": "torino_nascosta_centro", "route_title": "Torino Nascosta nel Centro", "segment_id": "torino_nascosta_centro_04", "segment_index": 4, "from_artwork_id": "palazzo-piercing", "to_artwork_id": "toro-muro", "from_title": "Baci Urbani (Palazzo con il Piercing)", "to_title": "T'ORO - Il Toro che esce dal muro", "profile": "foot-walking", "distance_m": 570.2, "duration_min": 6.8433333333333337, "notes": "Segmento generato automaticamente con ORS tra due tappe consecutive." }, "geometry": { "type": "Point", "coordinates": [ 7.6804701, 45.0755546 ] } },
{ "type": "Feature", "properties": { "full_id": "n3422349565", "osm_id": "3422349565", "name": "Zero's Kafe", "service_type": "food_drink", "service_subtype": "bar", "route_id": "torino_nascosta_centro", "route_title": "Torino Nascosta nel Centro", "segment_id": "torino_nascosta_centro_04", "segment_index": 4, "from_artwork_id": "palazzo-piercing", "to_artwork_id": "toro-muro", "from_title": "Baci Urbani (Palazzo con il Piercing)", "to_title": "T'ORO - Il Toro che esce dal muro", "profile": "foot-walking", "distance_m": 570.2, "duration_min": 6.8433333333333337, "notes": "Segmento generato automaticamente con ORS tra due tappe consecutive." }, "geometry": { "type": "Point", "coordinates": [ 7.6794164, 45.0738772 ] } },
{ "type": "Feature", "properties": { "full_id": "n4096186449", "osm_id": "4096186449", "name": "La Bicyclette", "service_type": "food_drink", "service_subtype": "bar", "route_id": "torino_nascosta_centro", "route_title": "Torino Nascosta nel Centro", "segment_id": "torino_nascosta_centro_04", "segment_index": 4, "from_artwork_id": "palazzo-piercing", "to_artwork_id": "toro-muro", "from_title": "Baci Urbani (Palazzo con il Piercing)", "to_title": "T'ORO - Il Toro che esce dal muro", "profile": "foot-walking", "distance_m": 570.2, "duration_min": 6.8433333333333337, "notes": "Segmento generato automaticamente con ORS tra due tappe consecutive." }, "geometry": { "type": "Point", "coordinates": [ 7.6792796, 45.073706 ] } },
{ "type": "Feature", "properties": { "full_id": "n4408801352", "osm_id": "4408801352", "name": "Ingrosso Minuto", "service_type": "food_drink", "service_subtype": "bar", "route_id": "torino_nascosta_centro", "route_title": "Torino Nascosta nel Centro", "segment_id": "torino_nascosta_centro_04", "segment_index": 4, "from_artwork_id": "palazzo-piercing", "to_artwork_id": "toro-muro", "from_title": "Baci Urbani (Palazzo con il Piercing)", "to_title": "T'ORO - Il Toro che esce dal muro", "profile": "foot-walking", "distance_m": 570.2, "duration_min": 6.8433333333333337, "notes": "Segmento generato automaticamente con ORS tra due tappe consecutive." }, "geometry": { "type": "Point", "coordinates": [ 7.6830378, 45.0746377 ] } },
{ "type": "Feature", "properties": { "full_id": "n4443922515", "osm_id": "4443922515", "name": null, "service_type": "food_drink", "service_subtype": "bar", "route_id": "torino_nascosta_centro", "route_title": "Torino Nascosta nel Centro", "segment_id": "torino_nascosta_centro_04", "segment_index": 4, "from_artwork_id": "palazzo-piercing", "to_artwork_id": "toro-muro", "from_title": "Baci Urbani (Palazzo con il Piercing)", "to_title": "T'ORO - Il Toro che esce dal muro", "profile": "foot-walking", "distance_m": 570.2, "duration_min": 6.8433333333333337, "notes": "Segmento generato automaticamente con ORS tra due tappe consecutive." }, "geometry": { "type": "Point", "coordinates": [ 7.6830678, 45.073682200000015 ] } },
{ "type": "Feature", "properties": { "full_id": "n4444014760", "osm_id": "4444014760", "name": "Bar Antica Piazza delle Erbe", "service_type": "food_drink", "service_subtype": "bar", "route_id": "torino_nascosta_centro", "route_title": "Torino Nascosta nel Centro", "segment_id": "torino_nascosta_centro_04", "segment_index": 4, "from_artwork_id": "palazzo-piercing", "to_artwork_id": "toro-muro", "from_title": "Baci Urbani (Palazzo con il Piercing)", "to_title": "T'ORO - Il Toro che esce dal muro", "profile": "foot-walking", "distance_m": 570.2, "duration_min": 6.8433333333333337, "notes": "Segmento generato automaticamente con ORS tra due tappe consecutive." }, "geometry": { "type": "Point", "coordinates": [ 7.6839889, 45.0721498 ] } },
{ "type": "Feature", "properties": { "full_id": "n4736078969", "osm_id": "4736078969", "name": "Judafire Music Cafè", "service_type": "food_drink", "service_subtype": "bar", "route_id": "torino_nascosta_centro", "route_title": "Torino Nascosta nel Centro", "segment_id": "torino_nascosta_centro_04", "segment_index": 4, "from_artwork_id": "palazzo-piercing", "to_artwork_id": "toro-muro", "from_title": "Baci Urbani (Palazzo con il Piercing)", "to_title": "T'ORO - Il Toro che esce dal muro", "profile": "foot-walking", "distance_m": 570.2, "duration_min": 6.8433333333333337, "notes": "Segmento generato automaticamente con ORS tra due tappe consecutive." }, "geometry": { "type": "Point", "coordinates": [ 7.6801679, 45.0748263 ] } },
{ "type": "Feature", "properties": { "full_id": "n4736083899", "osm_id": "4736083899", "name": "Shore", "service_type": "food_drink", "service_subtype": "bar", "route_id": "torino_nascosta_centro", "route_title": "Torino Nascosta nel Centro", "segment_id": "torino_nascosta_centro_04", "segment_index": 4, "from_artwork_id": "palazzo-piercing", "to_artwork_id": "toro-muro", "from_title": "Baci Urbani (Palazzo con il Piercing)", "to_title": "T'ORO - Il Toro che esce dal muro", "profile": "foot-walking", "distance_m": 570.2, "duration_min": 6.8433333333333337, "notes": "Segmento generato automaticamente con ORS tra due tappe consecutive." }, "geometry": { "type": "Point", "coordinates": [ 7.6808093, 45.0766789 ] } },
{ "type": "Feature", "properties": { "full_id": "n5117626917", "osm_id": "5117626917", "name": "La Sosta", "service_type": "food_drink", "service_subtype": "bar", "route_id": "torino_nascosta_centro", "route_title": "Torino Nascosta nel Centro", "segment_id": "torino_nascosta_centro_04", "segment_index": 4, "from_artwork_id": "palazzo-piercing", "to_artwork_id": "toro-muro", "from_title": "Baci Urbani (Palazzo con il Piercing)", "to_title": "T'ORO - Il Toro che esce dal muro", "profile": "foot-walking", "distance_m": 570.2, "duration_min": 6.8433333333333337, "notes": "Segmento generato automaticamente con ORS tra due tappe consecutive." }, "geometry": { "type": "Point", "coordinates": [ 7.6813171, 45.0726102 ] } },
{ "type": "Feature", "properties": { "full_id": "n5345204623", "osm_id": "5345204623", "name": "Smile Tree", "service_type": "food_drink", "service_subtype": "bar", "route_id": "torino_nascosta_centro", "route_title": "Torino Nascosta nel Centro", "segment_id": "torino_nascosta_centro_04", "segment_index": 4, "from_artwork_id": "palazzo-piercing", "to_artwork_id": "toro-muro", "from_title": "Baci Urbani (Palazzo con il Piercing)", "to_title": "T'ORO - Il Toro che esce dal muro", "profile": "foot-walking", "distance_m": 570.2, "duration_min": 6.8433333333333337, "notes": "Segmento generato automaticamente con ORS tra due tappe consecutive." }, "geometry": { "type": "Point", "coordinates": [ 7.6787224, 45.0764666 ] } },
{ "type": "Feature", "properties": { "full_id": "n5428422639", "osm_id": "5428422639", "name": "Forno Ricca", "service_type": "food_drink", "service_subtype": "bar", "route_id": "torino_nascosta_centro", "route_title": "Torino Nascosta nel Centro", "segment_id": "torino_nascosta_centro_04", "segment_index": 4, "from_artwork_id": "palazzo-piercing", "to_artwork_id": "toro-muro", "from_title": "Baci Urbani (Palazzo con il Piercing)", "to_title": "T'ORO - Il Toro che esce dal muro", "profile": "foot-walking", "distance_m": 570.2, "duration_min": 6.8433333333333337, "notes": "Segmento generato automaticamente con ORS tra due tappe consecutive." }, "geometry": { "type": "Point", "coordinates": [ 7.683328, 45.0734925 ] } },
{ "type": "Feature", "properties": { "full_id": "n10959114867", "osm_id": "10959114867", "name": "Walima narghilè", "service_type": "food_drink", "service_subtype": "bar", "route_id": "torino_nascosta_centro", "route_title": "Torino Nascosta nel Centro", "segment_id": "torino_nascosta_centro_04", "segment_index": 4, "from_artwork_id": "palazzo-piercing", "to_artwork_id": "toro-muro", "from_title": "Baci Urbani (Palazzo con il Piercing)", "to_title": "T'ORO - Il Toro che esce dal muro", "profile": "foot-walking", "distance_m": 570.2, "duration_min": 6.8433333333333337, "notes": "Segmento generato automaticamente con ORS tra due tappe consecutive." }, "geometry": { "type": "Point", "coordinates": [ 7.6801718, 45.0751342 ] } },
{ "type": "Feature", "properties": { "full_id": "n12001217812", "osm_id": "12001217812", "name": "Alpha", "service_type": "food_drink", "service_subtype": "bar", "route_id": "torino_nascosta_centro", "route_title": "Torino Nascosta nel Centro", "segment_id": "torino_nascosta_centro_04", "segment_index": 4, "from_artwork_id": "palazzo-piercing", "to_artwork_id": "toro-muro", "from_title": "Baci Urbani (Palazzo con il Piercing)", "to_title": "T'ORO - Il Toro che esce dal muro", "profile": "foot-walking", "distance_m": 570.2, "duration_min": 6.8433333333333337, "notes": "Segmento generato automaticamente con ORS tra due tappe consecutive." }, "geometry": { "type": "Point", "coordinates": [ 7.6795478, 45.076896 ] } },
{ "type": "Feature", "properties": { "full_id": "n12165781943", "osm_id": "12165781943", "name": "AB", "service_type": "food_drink", "service_subtype": "bar", "route_id": "torino_nascosta_centro", "route_title": "Torino Nascosta nel Centro", "segment_id": "torino_nascosta_centro_04", "segment_index": 4, "from_artwork_id": "palazzo-piercing", "to_artwork_id": "toro-muro", "from_title": "Baci Urbani (Palazzo con il Piercing)", "to_title": "T'ORO - Il Toro che esce dal muro", "profile": "foot-walking", "distance_m": 570.2, "duration_min": 6.8433333333333337, "notes": "Segmento generato automaticamente con ORS tra due tappe consecutive." }, "geometry": { "type": "Point", "coordinates": [ 7.6839943, 45.0743163 ] } },
{ "type": "Feature", "properties": { "full_id": "n12175667289", "osm_id": "12175667289", "name": "Les folies", "service_type": "food_drink", "service_subtype": "bar", "route_id": "torino_nascosta_centro", "route_title": "Torino Nascosta nel Centro", "segment_id": "torino_nascosta_centro_04", "segment_index": 4, "from_artwork_id": "palazzo-piercing", "to_artwork_id": "toro-muro", "from_title": "Baci Urbani (Palazzo con il Piercing)", "to_title": "T'ORO - Il Toro che esce dal muro", "profile": "foot-walking", "distance_m": 570.2, "duration_min": 6.8433333333333337, "notes": "Segmento generato automaticamente con ORS tra due tappe consecutive." }, "geometry": { "type": "Point", "coordinates": [ 7.679128, 45.0751716 ] } },
{ "type": "Feature", "properties": { "full_id": "n13074614346", "osm_id": "13074614346", "name": "L'Asilo", "service_type": "food_drink", "service_subtype": "bar", "route_id": "torino_nascosta_centro", "route_title": "Torino Nascosta nel Centro", "segment_id": "torino_nascosta_centro_04", "segment_index": 4, "from_artwork_id": "palazzo-piercing", "to_artwork_id": "toro-muro", "from_title": "Baci Urbani (Palazzo con il Piercing)", "to_title": "T'ORO - Il Toro che esce dal muro", "profile": "foot-walking", "distance_m": 570.2, "duration_min": 6.8433333333333337, "notes": "Segmento generato automaticamente con ORS tra due tappe consecutive." }, "geometry": { "type": "Point", "coordinates": [ 7.6805474, 45.0760821 ] } },
{ "type": "Feature", "properties": { "full_id": "n13618872601", "osm_id": "13618872601", "name": "Kaffan", "service_type": "food_drink", "service_subtype": "bar", "route_id": "torino_nascosta_centro", "route_title": "Torino Nascosta nel Centro", "segment_id": "torino_nascosta_centro_04", "segment_index": 4, "from_artwork_id": "palazzo-piercing", "to_artwork_id": "toro-muro", "from_title": "Baci Urbani (Palazzo con il Piercing)", "to_title": "T'ORO - Il Toro che esce dal muro", "profile": "foot-walking", "distance_m": 570.2, "duration_min": 6.8433333333333337, "notes": "Segmento generato automaticamente con ORS tra due tappe consecutive." }, "geometry": { "type": "Point", "coordinates": [ 7.6781592, 45.0737871 ] } },
{ "type": "Feature", "properties": { "full_id": "n13740894993", "osm_id": "13740894993", "name": "T-Club", "service_type": "food_drink", "service_subtype": "bar", "route_id": "torino_nascosta_centro", "route_title": "Torino Nascosta nel Centro", "segment_id": "torino_nascosta_centro_04", "segment_index": 4, "from_artwork_id": "palazzo-piercing", "to_artwork_id": "toro-muro", "from_title": "Baci Urbani (Palazzo con il Piercing)", "to_title": "T'ORO - Il Toro che esce dal muro", "profile": "foot-walking", "distance_m": 570.2, "duration_min": 6.8433333333333337, "notes": "Segmento generato automaticamente con ORS tra due tappe consecutive." }, "geometry": { "type": "Point", "coordinates": [ 7.6806912, 45.0758799 ] } },
{ "type": "Feature", "properties": { "full_id": "n13813164228", "osm_id": "13813164228", "name": "Ramo d'oro", "service_type": "food_drink", "service_subtype": "bar", "route_id": "torino_nascosta_centro", "route_title": "Torino Nascosta nel Centro", "segment_id": "torino_nascosta_centro_04", "segment_index": 4, "from_artwork_id": "palazzo-piercing", "to_artwork_id": "toro-muro", "from_title": "Baci Urbani (Palazzo con il Piercing)", "to_title": "T'ORO - Il Toro che esce dal muro", "profile": "foot-walking", "distance_m": 570.2, "duration_min": 6.8433333333333337, "notes": "Segmento generato automaticamente con ORS tra due tappe consecutive." }, "geometry": { "type": "Point", "coordinates": [ 7.683406, 45.074892 ] } },
{ "type": "Feature", "properties": { "full_id": "n2018175897", "osm_id": "2018175897", "name": "Cafè Perotti", "service_type": "food_drink", "service_subtype": "cafe", "route_id": "torino_nascosta_centro", "route_title": "Torino Nascosta nel Centro", "segment_id": "torino_nascosta_centro_04", "segment_index": 4, "from_artwork_id": "palazzo-piercing", "to_artwork_id": "toro-muro", "from_title": "Baci Urbani (Palazzo con il Piercing)", "to_title": "T'ORO - Il Toro che esce dal muro", "profile": "foot-walking", "distance_m": 570.2, "duration_min": 6.8433333333333337, "notes": "Segmento generato automaticamente con ORS tra due tappe consecutive." }, "geometry": { "type": "Point", "coordinates": [ 7.6832776, 45.0710671 ] } },
{ "type": "Feature", "properties": { "full_id": "n2068316260", "osm_id": "2068316260", "name": "Cafe Savoia", "service_type": "food_drink", "service_subtype": "cafe", "route_id": "torino_nascosta_centro", "route_title": "Torino Nascosta nel Centro", "segment_id": "torino_nascosta_centro_04", "segment_index": 4, "from_artwork_id": "palazzo-piercing", "to_artwork_id": "toro-muro", "from_title": "Baci Urbani (Palazzo con il Piercing)", "to_title": "T'ORO - Il Toro che esce dal muro", "profile": "foot-walking", "distance_m": 570.2, "duration_min": 6.8433333333333337, "notes": "Segmento generato automaticamente con ORS tra due tappe consecutive." }, "geometry": { "type": "Point", "coordinates": [ 7.6842708, 45.0714108 ] } },
{ "type": "Feature", "properties": { "full_id": "n2406157066", "osm_id": "2406157066", "name": "Caffè Savoia", "service_type": "food_drink", "service_subtype": "cafe", "route_id": "torino_nascosta_centro", "route_title": "Torino Nascosta nel Centro", "segment_id": "torino_nascosta_centro_04", "segment_index": 4, "from_artwork_id": "palazzo-piercing", "to_artwork_id": "toro-muro", "from_title": "Baci Urbani (Palazzo con il Piercing)", "to_title": "T'ORO - Il Toro che esce dal muro", "profile": "foot-walking", "distance_m": 570.2, "duration_min": 6.8433333333333337, "notes": "Segmento generato automaticamente con ORS tra due tappe consecutive." }, "geometry": { "type": "Point", "coordinates": [ 7.6786458, 45.0765536 ] } },
{ "type": "Feature", "properties": { "full_id": "n2700446956", "osm_id": "2700446956", "name": "Caffè Al Bicerin", "service_type": "food_drink", "service_subtype": "cafe", "route_id": "torino_nascosta_centro", "route_title": "Torino Nascosta nel Centro", "segment_id": "torino_nascosta_centro_04", "segment_index": 4, "from_artwork_id": "palazzo-piercing", "to_artwork_id": "toro-muro", "from_title": "Baci Urbani (Palazzo con il Piercing)", "to_title": "T'ORO - Il Toro che esce dal muro", "profile": "foot-walking", "distance_m": 570.2, "duration_min": 6.8433333333333337, "notes": "Segmento generato automaticamente con ORS tra due tappe consecutive." }, "geometry": { "type": "Point", "coordinates": [ 7.678984, 45.0762364 ] } },
{ "type": "Feature", "properties": { "full_id": "n3347595655", "osm_id": "3347595655", "name": "La Maison de Marie", "service_type": "food_drink", "service_subtype": "cafe", "route_id": "torino_nascosta_centro", "route_title": "Torino Nascosta nel Centro", "segment_id": "torino_nascosta_centro_04", "segment_index": 4, "from_artwork_id": "palazzo-piercing", "to_artwork_id": "toro-muro", "from_title": "Baci Urbani (Palazzo con il Piercing)", "to_title": "T'ORO - Il Toro che esce dal muro", "profile": "foot-walking", "distance_m": 570.2, "duration_min": 6.8433333333333337, "notes": "Segmento generato automaticamente con ORS tra due tappe consecutive." }, "geometry": { "type": "Point", "coordinates": [ 7.6794612, 45.0736923 ] } },
{ "type": "Feature", "properties": { "full_id": "n3363464693", "osm_id": "3363464693", "name": "caffetteria Palazzo di Città", "service_type": "food_drink", "service_subtype": "cafe", "route_id": "torino_nascosta_centro", "route_title": "Torino Nascosta nel Centro", "segment_id": "torino_nascosta_centro_04", "segment_index": 4, "from_artwork_id": "palazzo-piercing", "to_artwork_id": "toro-muro", "from_title": "Baci Urbani (Palazzo con il Piercing)", "to_title": "T'ORO - Il Toro che esce dal muro", "profile": "foot-walking", "distance_m": 570.2, "duration_min": 6.8433333333333337, "notes": "Segmento generato automaticamente con ORS tra due tappe consecutive." }, "geometry": { "type": "Point", "coordinates": [ 7.6813062, 45.0728134 ] } },
{ "type": "Feature", "properties": { "full_id": "n4089592905", "osm_id": "4089592905", "name": "Caffè Martinez", "service_type": "food_drink", "service_subtype": "cafe", "route_id": "torino_nascosta_centro", "route_title": "Torino Nascosta nel Centro", "segment_id": "torino_nascosta_centro_04", "segment_index": 4, "from_artwork_id": "palazzo-piercing", "to_artwork_id": "toro-muro", "from_title": "Baci Urbani (Palazzo con il Piercing)", "to_title": "T'ORO - Il Toro che esce dal muro", "profile": "foot-walking", "distance_m": 570.2, "duration_min": 6.8433333333333337, "notes": "Segmento generato automaticamente con ORS tra due tappe consecutive." }, "geometry": { "type": "Point", "coordinates": [ 7.6786746, 45.0734181 ] } },
{ "type": "Feature", "properties": { "full_id": "n4736079147", "osm_id": "4736079147", "name": "New Prosit", "service_type": "food_drink", "service_subtype": "cafe", "route_id": "torino_nascosta_centro", "route_title": "Torino Nascosta nel Centro", "segment_id": "torino_nascosta_centro_04", "segment_index": 4, "from_artwork_id": "palazzo-piercing", "to_artwork_id": "toro-muro", "from_title": "Baci Urbani (Palazzo con il Piercing)", "to_title": "T'ORO - Il Toro che esce dal muro", "profile": "foot-walking", "distance_m": 570.2, "duration_min": 6.8433333333333337, "notes": "Segmento generato automaticamente con ORS tra due tappe consecutive." }, "geometry": { "type": "Point", "coordinates": [ 7.6830106, 45.0733361 ] } },
{ "type": "Feature", "properties": { "full_id": "n4736080273", "osm_id": "4736080273", "name": "Roberto Caffè", "service_type": "food_drink", "service_subtype": "cafe", "route_id": "torino_nascosta_centro", "route_title": "Torino Nascosta nel Centro", "segment_id": "torino_nascosta_centro_04", "segment_index": 4, "from_artwork_id": "palazzo-piercing", "to_artwork_id": "toro-muro", "from_title": "Baci Urbani (Palazzo con il Piercing)", "to_title": "T'ORO - Il Toro che esce dal muro", "profile": "foot-walking", "distance_m": 570.2, "duration_min": 6.8433333333333337, "notes": "Segmento generato automaticamente con ORS tra due tappe consecutive." }, "geometry": { "type": "Point", "coordinates": [ 7.6769434, 45.0741387 ] } },
{ "type": "Feature", "properties": { "full_id": "n4736081802", "osm_id": "4736081802", "name": "The Tea", "service_type": "food_drink", "service_subtype": "cafe", "route_id": "torino_nascosta_centro", "route_title": "Torino Nascosta nel Centro", "segment_id": "torino_nascosta_centro_04", "segment_index": 4, "from_artwork_id": "palazzo-piercing", "to_artwork_id": "toro-muro", "from_title": "Baci Urbani (Palazzo con il Piercing)", "to_title": "T'ORO - Il Toro che esce dal muro", "profile": "foot-walking", "distance_m": 570.2, "duration_min": 6.8433333333333337, "notes": "Segmento generato automaticamente con ORS tra due tappe consecutive." }, "geometry": { "type": "Point", "coordinates": [ 7.6812818, 45.073606599999984 ] } },
{ "type": "Feature", "properties": { "full_id": "n4736083839", "osm_id": "4736083839", "name": "Pankè", "service_type": "food_drink", "service_subtype": "cafe", "route_id": "torino_nascosta_centro", "route_title": "Torino Nascosta nel Centro", "segment_id": "torino_nascosta_centro_04", "segment_index": 4, "from_artwork_id": "palazzo-piercing", "to_artwork_id": "toro-muro", "from_title": "Baci Urbani (Palazzo con il Piercing)", "to_title": "T'ORO - Il Toro che esce dal muro", "profile": "foot-walking", "distance_m": 570.2, "duration_min": 6.8433333333333337, "notes": "Segmento generato automaticamente con ORS tra due tappe consecutive." }, "geometry": { "type": "Point", "coordinates": [ 7.6815852, 45.072705 ] } },
{ "type": "Feature", "properties": { "full_id": "n4736083896", "osm_id": "4736083896", "name": "Caffè Savoia", "service_type": "food_drink", "service_subtype": "cafe", "route_id": "torino_nascosta_centro", "route_title": "Torino Nascosta nel Centro", "segment_id": "torino_nascosta_centro_04", "segment_index": 4, "from_artwork_id": "palazzo-piercing", "to_artwork_id": "toro-muro", "from_title": "Baci Urbani (Palazzo con il Piercing)", "to_title": "T'ORO - Il Toro che esce dal muro", "profile": "foot-walking", "distance_m": 570.2, "duration_min": 6.8433333333333337, "notes": "Segmento generato automaticamente con ORS tra due tappe consecutive." }, "geometry": { "type": "Point", "coordinates": [ 7.6806739, 45.0767288 ] } },
{ "type": "Feature", "properties": { "full_id": "n5416460321", "osm_id": "5416460321", "name": "Piattini Caffè & Vini", "service_type": "food_drink", "service_subtype": "cafe", "route_id": "torino_nascosta_centro", "route_title": "Torino Nascosta nel Centro", "segment_id": "torino_nascosta_centro_04", "segment_index": 4, "from_artwork_id": "palazzo-piercing", "to_artwork_id": "toro-muro", "from_title": "Baci Urbani (Palazzo con il Piercing)", "to_title": "T'ORO - Il Toro che esce dal muro", "profile": "foot-walking", "distance_m": 570.2, "duration_min": 6.8433333333333337, "notes": "Segmento generato automaticamente con ORS tra due tappe consecutive." }, "geometry": { "type": "Point", "coordinates": [ 7.679619, 45.0740822 ] } },
{ "type": "Feature", "properties": { "full_id": "n5998205156", "osm_id": "5998205156", "name": "TLALOC", "service_type": "food_drink", "service_subtype": "cafe", "route_id": "torino_nascosta_centro", "route_title": "Torino Nascosta nel Centro", "segment_id": "torino_nascosta_centro_04", "segment_index": 4, "from_artwork_id": "palazzo-piercing", "to_artwork_id": "toro-muro", "from_title": "Baci Urbani (Palazzo con il Piercing)", "to_title": "T'ORO - Il Toro che esce dal muro", "profile": "foot-walking", "distance_m": 570.2, "duration_min": 6.8433333333333337, "notes": "Segmento generato automaticamente con ORS tra due tappe consecutive." }, "geometry": { "type": "Point", "coordinates": [ 7.6823688, 45.0727764 ] } },
{ "type": "Feature", "properties": { "full_id": "n5998205157", "osm_id": "5998205157", "name": "Il nostro cioccolato", "service_type": "food_drink", "service_subtype": "cafe", "route_id": "torino_nascosta_centro", "route_title": "Torino Nascosta nel Centro", "segment_id": "torino_nascosta_centro_04", "segment_index": 4, "from_artwork_id": "palazzo-piercing", "to_artwork_id": "toro-muro", "from_title": "Baci Urbani (Palazzo con il Piercing)", "to_title": "T'ORO - Il Toro che esce dal muro", "profile": "foot-walking", "distance_m": 570.2, "duration_min": 6.8433333333333337, "notes": "Segmento generato automaticamente con ORS tra due tappe consecutive." }, "geometry": { "type": "Point", "coordinates": [ 7.682464, 45.0727461 ] } },
{ "type": "Feature", "properties": { "full_id": "n5998252948", "osm_id": "5998252948", "name": "12oz", "service_type": "food_drink", "service_subtype": "cafe", "route_id": "torino_nascosta_centro", "route_title": "Torino Nascosta nel Centro", "segment_id": "torino_nascosta_centro_04", "segment_index": 4, "from_artwork_id": "palazzo-piercing", "to_artwork_id": "toro-muro", "from_title": "Baci Urbani (Palazzo con il Piercing)", "to_title": "T'ORO - Il Toro che esce dal muro", "profile": "foot-walking", "distance_m": 570.2, "duration_min": 6.8433333333333337, "notes": "Segmento generato automaticamente con ORS tra due tappe consecutive." }, "geometry": { "type": "Point", "coordinates": [ 7.6820983, 45.0722931 ] } },
{ "type": "Feature", "properties": { "full_id": "n5998275758", "osm_id": "5998275758", "name": "Liberty", "service_type": "food_drink", "service_subtype": "cafe", "route_id": "torino_nascosta_centro", "route_title": "Torino Nascosta nel Centro", "segment_id": "torino_nascosta_centro_04", "segment_index": 4, "from_artwork_id": "palazzo-piercing", "to_artwork_id": "toro-muro", "from_title": "Baci Urbani (Palazzo con il Piercing)", "to_title": "T'ORO - Il Toro che esce dal muro", "profile": "foot-walking", "distance_m": 570.2, "duration_min": 6.8433333333333337, "notes": "Segmento generato automaticamente con ORS tra due tappe consecutive." }, "geometry": { "type": "Point", "coordinates": [ 7.6779514, 45.0736693 ] } },
{ "type": "Feature", "properties": { "full_id": "n6960480385", "osm_id": "6960480385", "name": "Minimarket", "service_type": "food_drink", "service_subtype": "cafe", "route_id": "torino_nascosta_centro", "route_title": "Torino Nascosta nel Centro", "segment_id": "torino_nascosta_centro_04", "segment_index": 4, "from_artwork_id": "palazzo-piercing", "to_artwork_id": "toro-muro", "from_title": "Baci Urbani (Palazzo con il Piercing)", "to_title": "T'ORO - Il Toro che esce dal muro", "profile": "foot-walking", "distance_m": 570.2, "duration_min": 6.8433333333333337, "notes": "Segmento generato automaticamente con ORS tra due tappe consecutive." }, "geometry": { "type": "Point", "coordinates": [ 7.6840672, 45.0723034 ] } },
{ "type": "Feature", "properties": { "full_id": "n7023660665", "osm_id": "7023660665", "name": "Caffetteria Novecento", "service_type": "food_drink", "service_subtype": "cafe", "route_id": "torino_nascosta_centro", "route_title": "Torino Nascosta nel Centro", "segment_id": "torino_nascosta_centro_04", "segment_index": 4, "from_artwork_id": "palazzo-piercing", "to_artwork_id": "toro-muro", "from_title": "Baci Urbani (Palazzo con il Piercing)", "to_title": "T'ORO - Il Toro che esce dal muro", "profile": "foot-walking", "distance_m": 570.2, "duration_min": 6.8433333333333337, "notes": "Segmento generato automaticamente con ORS tra due tappe consecutive." }, "geometry": { "type": "Point", "coordinates": [ 7.680222, 45.0715689 ] } },
{ "type": "Feature", "properties": { "full_id": "n9307355181", "osm_id": "9307355181", "name": "Nora Book & Coffee", "service_type": "food_drink", "service_subtype": "cafe", "route_id": "torino_nascosta_centro", "route_title": "Torino Nascosta nel Centro", "segment_id": "torino_nascosta_centro_04", "segment_index": 4, "from_artwork_id": "palazzo-piercing", "to_artwork_id": "toro-muro", "from_title": "Baci Urbani (Palazzo con il Piercing)", "to_title": "T'ORO - Il Toro che esce dal muro", "profile": "foot-walking", "distance_m": 570.2, "duration_min": 6.8433333333333337, "notes": "Segmento generato automaticamente con ORS tra due tappe consecutive." }, "geometry": { "type": "Point", "coordinates": [ 7.6796418, 45.075859 ] } },
{ "type": "Feature", "properties": { "full_id": "n10213801582", "osm_id": "10213801582", "name": "Bar Pia", "service_type": "food_drink", "service_subtype": "cafe", "route_id": "torino_nascosta_centro", "route_title": "Torino Nascosta nel Centro", "segment_id": "torino_nascosta_centro_04", "segment_index": 4, "from_artwork_id": "palazzo-piercing", "to_artwork_id": "toro-muro", "from_title": "Baci Urbani (Palazzo con il Piercing)", "to_title": "T'ORO - Il Toro che esce dal muro", "profile": "foot-walking", "distance_m": 570.2, "duration_min": 6.8433333333333337, "notes": "Segmento generato automaticamente con ORS tra due tappe consecutive." }, "geometry": { "type": "Point", "coordinates": [ 7.678384, 45.0763171 ] } },
{ "type": "Feature", "properties": { "full_id": "n10827139268", "osm_id": "10827139268", "name": "Bar Antica piazza delle erbe", "service_type": "food_drink", "service_subtype": "cafe", "route_id": "torino_nascosta_centro", "route_title": "Torino Nascosta nel Centro", "segment_id": "torino_nascosta_centro_04", "segment_index": 4, "from_artwork_id": "palazzo-piercing", "to_artwork_id": "toro-muro", "from_title": "Baci Urbani (Palazzo con il Piercing)", "to_title": "T'ORO - Il Toro che esce dal muro", "profile": "foot-walking", "distance_m": 570.2, "duration_min": 6.8433333333333337, "notes": "Segmento generato automaticamente con ORS tra due tappe consecutive." }, "geometry": { "type": "Point", "coordinates": [ 7.6818, 45.0730879 ] } },
{ "type": "Feature", "properties": { "full_id": "n10833529336", "osm_id": "10833529336", "name": "Tisaneria della Consolata", "service_type": "food_drink", "service_subtype": "cafe", "route_id": "torino_nascosta_centro", "route_title": "Torino Nascosta nel Centro", "segment_id": "torino_nascosta_centro_04", "segment_index": 4, "from_artwork_id": "palazzo-piercing", "to_artwork_id": "toro-muro", "from_title": "Baci Urbani (Palazzo con il Piercing)", "to_title": "T'ORO - Il Toro che esce dal muro", "profile": "foot-walking", "distance_m": 570.2, "duration_min": 6.8433333333333337, "notes": "Segmento generato automaticamente con ORS tra due tappe consecutive." }, "geometry": { "type": "Point", "coordinates": [ 7.6791049, 45.075913899999989 ] } },
{ "type": "Feature", "properties": { "full_id": "n11061384926", "osm_id": "11061384926", "name": "Oro puro", "service_type": "food_drink", "service_subtype": "cafe", "route_id": "torino_nascosta_centro", "route_title": "Torino Nascosta nel Centro", "segment_id": "torino_nascosta_centro_04", "segment_index": 4, "from_artwork_id": "palazzo-piercing", "to_artwork_id": "toro-muro", "from_title": "Baci Urbani (Palazzo con il Piercing)", "to_title": "T'ORO - Il Toro che esce dal muro", "profile": "foot-walking", "distance_m": 570.2, "duration_min": 6.8433333333333337, "notes": "Segmento generato automaticamente con ORS tra due tappe consecutive." }, "geometry": { "type": "Point", "coordinates": [ 7.6835753, 45.0718437 ] } },
{ "type": "Feature", "properties": { "full_id": "n11502659927", "osm_id": "11502659927", "name": "ST", "service_type": "food_drink", "service_subtype": "cafe", "route_id": "torino_nascosta_centro", "route_title": "Torino Nascosta nel Centro", "segment_id": "torino_nascosta_centro_04", "segment_index": 4, "from_artwork_id": "palazzo-piercing", "to_artwork_id": "toro-muro", "from_title": "Baci Urbani (Palazzo con il Piercing)", "to_title": "T'ORO - Il Toro che esce dal muro", "profile": "foot-walking", "distance_m": 570.2, "duration_min": 6.8433333333333337, "notes": "Segmento generato automaticamente con ORS tra due tappe consecutive." }, "geometry": { "type": "Point", "coordinates": [ 7.6814082, 45.071647 ] } },
{ "type": "Feature", "properties": { "full_id": "n11659712782", "osm_id": "11659712782", "name": "Caffè Ala", "service_type": "food_drink", "service_subtype": "cafe", "route_id": "torino_nascosta_centro", "route_title": "Torino Nascosta nel Centro", "segment_id": "torino_nascosta_centro_04", "segment_index": 4, "from_artwork_id": "palazzo-piercing", "to_artwork_id": "toro-muro", "from_title": "Baci Urbani (Palazzo con il Piercing)", "to_title": "T'ORO - Il Toro che esce dal muro", "profile": "foot-walking", "distance_m": 570.2, "duration_min": 6.8433333333333337, "notes": "Segmento generato automaticamente con ORS tra due tappe consecutive." }, "geometry": { "type": "Point", "coordinates": [ 7.6825808, 45.0753442 ] } },
{ "type": "Feature", "properties": { "full_id": "n11659714384", "osm_id": "11659714384", "name": "Res Publica", "service_type": "food_drink", "service_subtype": "cafe", "route_id": "torino_nascosta_centro", "route_title": "Torino Nascosta nel Centro", "segment_id": "torino_nascosta_centro_04", "segment_index": 4, "from_artwork_id": "palazzo-piercing", "to_artwork_id": "toro-muro", "from_title": "Baci Urbani (Palazzo con il Piercing)", "to_title": "T'ORO - Il Toro che esce dal muro", "profile": "foot-walking", "distance_m": 570.2, "duration_min": 6.8433333333333337, "notes": "Segmento generato automaticamente con ORS tra due tappe consecutive." }, "geometry": { "type": "Point", "coordinates": [ 7.6825792, 45.075834899999982 ] } },
{ "type": "Feature", "properties": { "full_id": "n11898100208", "osm_id": "11898100208", "name": "Avocuddle café", "service_type": "food_drink", "service_subtype": "cafe", "route_id": "torino_nascosta_centro", "route_title": "Torino Nascosta nel Centro", "segment_id": "torino_nascosta_centro_04", "segment_index": 4, "from_artwork_id": "palazzo-piercing", "to_artwork_id": "toro-muro", "from_title": "Baci Urbani (Palazzo con il Piercing)", "to_title": "T'ORO - Il Toro che esce dal muro", "profile": "foot-walking", "distance_m": 570.2, "duration_min": 6.8433333333333337, "notes": "Segmento generato automaticamente con ORS tra due tappe consecutive." }, "geometry": { "type": "Point", "coordinates": [ 7.683413, 45.0752792 ] } },
{ "type": "Feature", "properties": { "full_id": "n12064696975", "osm_id": "12064696975", "name": "Antica Roma", "service_type": "food_drink", "service_subtype": "cafe", "route_id": "torino_nascosta_centro", "route_title": "Torino Nascosta nel Centro", "segment_id": "torino_nascosta_centro_04", "segment_index": 4, "from_artwork_id": "palazzo-piercing", "to_artwork_id": "toro-muro", "from_title": "Baci Urbani (Palazzo con il Piercing)", "to_title": "T'ORO - Il Toro che esce dal muro", "profile": "foot-walking", "distance_m": 570.2, "duration_min": 6.8433333333333337, "notes": "Segmento generato automaticamente con ORS tra due tappe consecutive." }, "geometry": { "type": "Point", "coordinates": [ 7.6813493, 45.076483 ] } },
{ "type": "Feature", "properties": { "full_id": "n12165781947", "osm_id": "12165781947", "name": "Savoy", "service_type": "food_drink", "service_subtype": "cafe", "route_id": "torino_nascosta_centro", "route_title": "Torino Nascosta nel Centro", "segment_id": "torino_nascosta_centro_04", "segment_index": 4, "from_artwork_id": "palazzo-piercing", "to_artwork_id": "toro-muro", "from_title": "Baci Urbani (Palazzo con il Piercing)", "to_title": "T'ORO - Il Toro che esce dal muro", "profile": "foot-walking", "distance_m": 570.2, "duration_min": 6.8433333333333337, "notes": "Segmento generato automaticamente con ORS tra due tappe consecutive." }, "geometry": { "type": "Point", "coordinates": [ 7.6778776, 45.0748535 ] } },
{ "type": "Feature", "properties": { "full_id": "n12423081673", "osm_id": "12423081673", "name": "Caffetteria da Mario", "service_type": "food_drink", "service_subtype": "cafe", "route_id": "torino_nascosta_centro", "route_title": "Torino Nascosta nel Centro", "segment_id": "torino_nascosta_centro_04", "segment_index": 4, "from_artwork_id": "palazzo-piercing", "to_artwork_id": "toro-muro", "from_title": "Baci Urbani (Palazzo con il Piercing)", "to_title": "T'ORO - Il Toro che esce dal muro", "profile": "foot-walking", "distance_m": 570.2, "duration_min": 6.8433333333333337, "notes": "Segmento generato automaticamente con ORS tra due tappe consecutive." }, "geometry": { "type": "Point", "coordinates": [ 7.6817783, 45.074077 ] } },
{ "type": "Feature", "properties": { "full_id": "n13446464504", "osm_id": "13446464504", "name": "Caffè dei Guardinfanti", "service_type": "food_drink", "service_subtype": "cafe", "route_id": "torino_nascosta_centro", "route_title": "Torino Nascosta nel Centro", "segment_id": "torino_nascosta_centro_04", "segment_index": 4, "from_artwork_id": "palazzo-piercing", "to_artwork_id": "toro-muro", "from_title": "Baci Urbani (Palazzo con il Piercing)", "to_title": "T'ORO - Il Toro che esce dal muro", "profile": "foot-walking", "distance_m": 570.2, "duration_min": 6.8433333333333337, "notes": "Segmento generato automaticamente con ORS tra due tappe consecutive." }, "geometry": { "type": "Point", "coordinates": [ 7.6812032, 45.0717451 ] } },
{ "type": "Feature", "properties": { "full_id": "n2786124665", "osm_id": "2786124665", "name": "Più di un gelato", "service_type": "food_drink", "service_subtype": "ice_cream", "route_id": "torino_nascosta_centro", "route_title": "Torino Nascosta nel Centro", "segment_id": "torino_nascosta_centro_04", "segment_index": 4, "from_artwork_id": "palazzo-piercing", "to_artwork_id": "toro-muro", "from_title": "Baci Urbani (Palazzo con il Piercing)", "to_title": "T'ORO - Il Toro che esce dal muro", "profile": "foot-walking", "distance_m": 570.2, "duration_min": 6.8433333333333337, "notes": "Segmento generato automaticamente con ORS tra due tappe consecutive." }, "geometry": { "type": "Point", "coordinates": [ 7.6821905, 45.071534599999985 ] } },
{ "type": "Feature", "properties": { "full_id": "n4736083859", "osm_id": "4736083859", "name": "Papalele - Quadrilatero", "service_type": "food_drink", "service_subtype": "ice_cream", "route_id": "torino_nascosta_centro", "route_title": "Torino Nascosta nel Centro", "segment_id": "torino_nascosta_centro_04", "segment_index": 4, "from_artwork_id": "palazzo-piercing", "to_artwork_id": "toro-muro", "from_title": "Baci Urbani (Palazzo con il Piercing)", "to_title": "T'ORO - Il Toro che esce dal muro", "profile": "foot-walking", "distance_m": 570.2, "duration_min": 6.8433333333333337, "notes": "Segmento generato automaticamente con ORS tra due tappe consecutive." }, "geometry": { "type": "Point", "coordinates": [ 7.6811316, 45.0765709 ] } },
{ "type": "Feature", "properties": { "full_id": "n4836095522", "osm_id": "4836095522", "name": "Gelateria Vanilla", "service_type": "food_drink", "service_subtype": "ice_cream", "route_id": "torino_nascosta_centro", "route_title": "Torino Nascosta nel Centro", "segment_id": "torino_nascosta_centro_04", "segment_index": 4, "from_artwork_id": "palazzo-piercing", "to_artwork_id": "toro-muro", "from_title": "Baci Urbani (Palazzo con il Piercing)", "to_title": "T'ORO - Il Toro che esce dal muro", "profile": "foot-walking", "distance_m": 570.2, "duration_min": 6.8433333333333337, "notes": "Segmento generato automaticamente con ORS tra due tappe consecutive." }, "geometry": { "type": "Point", "coordinates": [ 7.6843549, 45.0720345 ] } },
{ "type": "Feature", "properties": { "full_id": "n11231208927", "osm_id": "11231208927", "name": "Yoyogurt", "service_type": "food_drink", "service_subtype": "ice_cream", "route_id": "torino_nascosta_centro", "route_title": "Torino Nascosta nel Centro", "segment_id": "torino_nascosta_centro_04", "segment_index": 4, "from_artwork_id": "palazzo-piercing", "to_artwork_id": "toro-muro", "from_title": "Baci Urbani (Palazzo con il Piercing)", "to_title": "T'ORO - Il Toro che esce dal muro", "profile": "foot-walking", "distance_m": 570.2, "duration_min": 6.8433333333333337, "notes": "Segmento generato automaticamente con ORS tra due tappe consecutive." }, "geometry": { "type": "Point", "coordinates": [ 7.6771862, 45.074059 ] } },
{ "type": "Feature", "properties": { "full_id": "n13075169872", "osm_id": "13075169872", "name": "Grom", "service_type": "food_drink", "service_subtype": "ice_cream", "route_id": "torino_nascosta_centro", "route_title": "Torino Nascosta nel Centro", "segment_id": "torino_nascosta_centro_04", "segment_index": 4, "from_artwork_id": "palazzo-piercing", "to_artwork_id": "toro-muro", "from_title": "Baci Urbani (Palazzo con il Piercing)", "to_title": "T'ORO - Il Toro che esce dal muro", "profile": "foot-walking", "distance_m": 570.2, "duration_min": 6.8433333333333337, "notes": "Segmento generato automaticamente con ORS tra due tappe consecutive." }, "geometry": { "type": "Point", "coordinates": [ 7.6823385, 45.0720901 ] } },
{ "type": "Feature", "properties": { "full_id": "n1198867537", "osm_id": "1198867537", "name": "Corte d'Appello", "service_type": "transport", "service_subtype": "bus_stop", "route_id": "torino_nascosta_centro", "route_title": "Torino Nascosta nel Centro", "segment_id": "torino_nascosta_centro_04", "segment_index": 4, "from_artwork_id": "palazzo-piercing", "to_artwork_id": "toro-muro", "from_title": "Baci Urbani (Palazzo con il Piercing)", "to_title": "T'ORO - Il Toro che esce dal muro", "profile": "foot-walking", "distance_m": 570.2, "duration_min": 6.8433333333333337, "notes": "Segmento generato automaticamente con ORS tra due tappe consecutive." }, "geometry": { "type": "Point", "coordinates": [ 7.6816014, 45.073721 ] } },
{ "type": "Feature", "properties": { "full_id": "n1198867556", "osm_id": "1198867556", "name": "Garibaldi", "service_type": "transport", "service_subtype": "bus_stop", "route_id": "torino_nascosta_centro", "route_title": "Torino Nascosta nel Centro", "segment_id": "torino_nascosta_centro_04", "segment_index": 4, "from_artwork_id": "palazzo-piercing", "to_artwork_id": "toro-muro", "from_title": "Baci Urbani (Palazzo con il Piercing)", "to_title": "T'ORO - Il Toro che esce dal muro", "profile": "foot-walking", "distance_m": 570.2, "duration_min": 6.8433333333333337, "notes": "Segmento generato automaticamente con ORS tra due tappe consecutive." }, "geometry": { "type": "Point", "coordinates": [ 7.6837258, 45.0718764 ] } },
{ "type": "Feature", "properties": { "full_id": "n1262199749", "osm_id": "1262199749", "name": "Orfane", "service_type": "transport", "service_subtype": "bus_stop", "route_id": "torino_nascosta_centro", "route_title": "Torino Nascosta nel Centro", "segment_id": "torino_nascosta_centro_04", "segment_index": 4, "from_artwork_id": "palazzo-piercing", "to_artwork_id": "toro-muro", "from_title": "Baci Urbani (Palazzo con il Piercing)", "to_title": "T'ORO - Il Toro che esce dal muro", "profile": "foot-walking", "distance_m": 570.2, "duration_min": 6.8433333333333337, "notes": "Segmento generato automaticamente con ORS tra due tappe consecutive." }, "geometry": { "type": "Point", "coordinates": [ 7.6792442, 45.0750431 ] } },
{ "type": "Feature", "properties": { "full_id": "n1262199811", "osm_id": "1262199811", "name": "Orfane", "service_type": "transport", "service_subtype": "bus_stop", "route_id": "torino_nascosta_centro", "route_title": "Torino Nascosta nel Centro", "segment_id": "torino_nascosta_centro_04", "segment_index": 4, "from_artwork_id": "palazzo-piercing", "to_artwork_id": "toro-muro", "from_title": "Baci Urbani (Palazzo con il Piercing)", "to_title": "T'ORO - Il Toro che esce dal muro", "profile": "foot-walking", "distance_m": 570.2, "duration_min": 6.8433333333333337, "notes": "Segmento generato automaticamente con ORS tra due tappe consecutive." }, "geometry": { "type": "Point", "coordinates": [ 7.6784207, 45.0746107 ] } },
{ "type": "Feature", "properties": { "full_id": "n1262208216", "osm_id": "1262208216", "name": "Milano", "service_type": "transport", "service_subtype": "bus_stop", "route_id": "torino_nascosta_centro", "route_title": "Torino Nascosta nel Centro", "segment_id": "torino_nascosta_centro_04", "segment_index": 4, "from_artwork_id": "palazzo-piercing", "to_artwork_id": "toro-muro", "from_title": "Baci Urbani (Palazzo con il Piercing)", "to_title": "T'ORO - Il Toro che esce dal muro", "profile": "foot-walking", "distance_m": 570.2, "duration_min": 6.8433333333333337, "notes": "Segmento generato automaticamente con ORS tra due tappe consecutive." }, "geometry": { "type": "Point", "coordinates": [ 7.6816321, 45.0735306 ] } },
{ "type": "Feature", "properties": { "full_id": "n1262208315", "osm_id": "1262208315", "name": "San Domenico", "service_type": "transport", "service_subtype": "bus_stop", "route_id": "torino_nascosta_centro", "route_title": "Torino Nascosta nel Centro", "segment_id": "torino_nascosta_centro_04", "segment_index": 4, "from_artwork_id": "palazzo-piercing", "to_artwork_id": "toro-muro", "from_title": "Baci Urbani (Palazzo con il Piercing)", "to_title": "T'ORO - Il Toro che esce dal muro", "profile": "foot-walking", "distance_m": 570.2, "duration_min": 6.8433333333333337, "notes": "Segmento generato automaticamente con ORS tra due tappe consecutive." }, "geometry": { "type": "Point", "coordinates": [ 7.677075, 45.0762087 ] } },
{ "type": "Feature", "properties": { "full_id": "n1262212066", "osm_id": "1262212066", "name": "Giulio", "service_type": "transport", "service_subtype": "bus_stop", "route_id": "torino_nascosta_centro", "route_title": "Torino Nascosta nel Centro", "segment_id": "torino_nascosta_centro_04", "segment_index": 4, "from_artwork_id": "palazzo-piercing", "to_artwork_id": "toro-muro", "from_title": "Baci Urbani (Palazzo con il Piercing)", "to_title": "T'ORO - Il Toro che esce dal muro", "profile": "foot-walking", "distance_m": 570.2, "duration_min": 6.8433333333333337, "notes": "Segmento generato automaticamente con ORS tra due tappe consecutive." }, "geometry": { "type": "Point", "coordinates": [ 7.6784914, 45.0765341 ] } },
{ "type": "Feature", "properties": { "full_id": "n941491471", "osm_id": "941491471", "name": "Corte d'Appello", "service_type": "transport", "service_subtype": "tram_stop", "route_id": "torino_nascosta_centro", "route_title": "Torino Nascosta nel Centro", "segment_id": "torino_nascosta_centro_04", "segment_index": 4, "from_artwork_id": "palazzo-piercing", "to_artwork_id": "toro-muro", "from_title": "Baci Urbani (Palazzo con il Piercing)", "to_title": "T'ORO - Il Toro che esce dal muro", "profile": "foot-walking", "distance_m": 570.2, "duration_min": 6.8433333333333337, "notes": "Segmento generato automaticamente con ORS tra due tappe consecutive." }, "geometry": { "type": "Point", "coordinates": [ 7.6816175, 45.0737194 ] } },
{ "type": "Feature", "properties": { "full_id": "n1167320980", "osm_id": "1167320980", "name": "Garibaldi", "service_type": "transport", "service_subtype": "tram_stop", "route_id": "torino_nascosta_centro", "route_title": "Torino Nascosta nel Centro", "segment_id": "torino_nascosta_centro_04", "segment_index": 4, "from_artwork_id": "palazzo-piercing", "to_artwork_id": "toro-muro", "from_title": "Baci Urbani (Palazzo con il Piercing)", "to_title": "T'ORO - Il Toro che esce dal muro", "profile": "foot-walking", "distance_m": 570.2, "duration_min": 6.8433333333333337, "notes": "Segmento generato automaticamente con ORS tra due tappe consecutive." }, "geometry": { "type": "Point", "coordinates": [ 7.6837141, 45.0718796 ] } },
{ "type": "Feature", "properties": { "full_id": "n2018175901", "osm_id": "2018175901", "name": null, "service_type": "food_drink", "service_subtype": "bar", "route_id": "torino_nascosta_centro", "route_title": "Torino Nascosta nel Centro", "segment_id": "torino_nascosta_centro_05", "segment_index": 5, "from_artwork_id": "toro-muro", "to_artwork_id": "palle-cannone", "from_title": "T'ORO - Il Toro che esce dal muro", "to_title": "Le Palle di Cannone dell'Assedio", "profile": "foot-walking", "distance_m": 1300.5, "duration_min": 15.605, "notes": "Segmento generato automaticamente con ORS tra due tappe consecutive." }, "geometry": { "type": "Point", "coordinates": [ 7.6831045, 45.0711364 ] } },
{ "type": "Feature", "properties": { "full_id": "n2278132194", "osm_id": "2278132194", "name": "Lobelix", "service_type": "food_drink", "service_subtype": "bar", "route_id": "torino_nascosta_centro", "route_title": "Torino Nascosta nel Centro", "segment_id": "torino_nascosta_centro_05", "segment_index": 5, "from_artwork_id": "toro-muro", "to_artwork_id": "palle-cannone", "from_title": "T'ORO - Il Toro che esce dal muro", "to_title": "Le Palle di Cannone dell'Assedio", "profile": "foot-walking", "distance_m": 1300.5, "duration_min": 15.605, "notes": "Segmento generato automaticamente con ORS tra due tappe consecutive." }, "geometry": { "type": "Point", "coordinates": [ 7.6777621, 45.0747405 ] } },
{ "type": "Feature", "properties": { "full_id": "n3346661134", "osm_id": "3346661134", "name": "Nurah Café", "service_type": "food_drink", "service_subtype": "bar", "route_id": "torino_nascosta_centro", "route_title": "Torino Nascosta nel Centro", "segment_id": "torino_nascosta_centro_05", "segment_index": 5, "from_artwork_id": "toro-muro", "to_artwork_id": "palle-cannone", "from_title": "T'ORO - Il Toro che esce dal muro", "to_title": "Le Palle di Cannone dell'Assedio", "profile": "foot-walking", "distance_m": 1300.5, "duration_min": 15.605, "notes": "Segmento generato automaticamente con ORS tra due tappe consecutive." }, "geometry": { "type": "Point", "coordinates": [ 7.6804701, 45.0755546 ] } },
{ "type": "Feature", "properties": { "full_id": "n3422349565", "osm_id": "3422349565", "name": "Zero's Kafe", "service_type": "food_drink", "service_subtype": "bar", "route_id": "torino_nascosta_centro", "route_title": "Torino Nascosta nel Centro", "segment_id": "torino_nascosta_centro_05", "segment_index": 5, "from_artwork_id": "toro-muro", "to_artwork_id": "palle-cannone", "from_title": "T'ORO - Il Toro che esce dal muro", "to_title": "Le Palle di Cannone dell'Assedio", "profile": "foot-walking", "distance_m": 1300.5, "duration_min": 15.605, "notes": "Segmento generato automaticamente con ORS tra due tappe consecutive." }, "geometry": { "type": "Point", "coordinates": [ 7.6794164, 45.0738772 ] } },
{ "type": "Feature", "properties": { "full_id": "n4096186449", "osm_id": "4096186449", "name": "La Bicyclette", "service_type": "food_drink", "service_subtype": "bar", "route_id": "torino_nascosta_centro", "route_title": "Torino Nascosta nel Centro", "segment_id": "torino_nascosta_centro_05", "segment_index": 5, "from_artwork_id": "toro-muro", "to_artwork_id": "palle-cannone", "from_title": "T'ORO - Il Toro che esce dal muro", "to_title": "Le Palle di Cannone dell'Assedio", "profile": "foot-walking", "distance_m": 1300.5, "duration_min": 15.605, "notes": "Segmento generato automaticamente con ORS tra due tappe consecutive." }, "geometry": { "type": "Point", "coordinates": [ 7.6792796, 45.073706 ] } },
{ "type": "Feature", "properties": { "full_id": "n4736052792", "osm_id": "4736052792", "name": "Bar Cavour", "service_type": "food_drink", "service_subtype": "bar", "route_id": "torino_nascosta_centro", "route_title": "Torino Nascosta nel Centro", "segment_id": "torino_nascosta_centro_05", "segment_index": 5, "from_artwork_id": "toro-muro", "to_artwork_id": "palle-cannone", "from_title": "T'ORO - Il Toro che esce dal muro", "to_title": "Le Palle di Cannone dell'Assedio", "profile": "foot-walking", "distance_m": 1300.5, "duration_min": 15.605, "notes": "Segmento generato automaticamente con ORS tra due tappe consecutive." }, "geometry": { "type": "Point", "coordinates": [ 7.6849443, 45.0695715 ] } },
{ "type": "Feature", "properties": { "full_id": "n4736078969", "osm_id": "4736078969", "name": "Judafire Music Cafè", "service_type": "food_drink", "service_subtype": "bar", "route_id": "torino_nascosta_centro", "route_title": "Torino Nascosta nel Centro", "segment_id": "torino_nascosta_centro_05", "segment_index": 5, "from_artwork_id": "toro-muro", "to_artwork_id": "palle-cannone", "from_title": "T'ORO - Il Toro che esce dal muro", "to_title": "Le Palle di Cannone dell'Assedio", "profile": "foot-walking", "distance_m": 1300.5, "duration_min": 15.605, "notes": "Segmento generato automaticamente con ORS tra due tappe consecutive." }, "geometry": { "type": "Point", "coordinates": [ 7.6801679, 45.0748263 ] } },
{ "type": "Feature", "properties": { "full_id": "n4736083899", "osm_id": "4736083899", "name": "Shore", "service_type": "food_drink", "service_subtype": "bar", "route_id": "torino_nascosta_centro", "route_title": "Torino Nascosta nel Centro", "segment_id": "torino_nascosta_centro_05", "segment_index": 5, "from_artwork_id": "toro-muro", "to_artwork_id": "palle-cannone", "from_title": "T'ORO - Il Toro che esce dal muro", "to_title": "Le Palle di Cannone dell'Assedio", "profile": "foot-walking", "distance_m": 1300.5, "duration_min": 15.605, "notes": "Segmento generato automaticamente con ORS tra due tappe consecutive." }, "geometry": { "type": "Point", "coordinates": [ 7.6808093, 45.0766789 ] } },
{ "type": "Feature", "properties": { "full_id": "n5117626917", "osm_id": "5117626917", "name": "La Sosta", "service_type": "food_drink", "service_subtype": "bar", "route_id": "torino_nascosta_centro", "route_title": "Torino Nascosta nel Centro", "segment_id": "torino_nascosta_centro_05", "segment_index": 5, "from_artwork_id": "toro-muro", "to_artwork_id": "palle-cannone", "from_title": "T'ORO - Il Toro che esce dal muro", "to_title": "Le Palle di Cannone dell'Assedio", "profile": "foot-walking", "distance_m": 1300.5, "duration_min": 15.605, "notes": "Segmento generato automaticamente con ORS tra due tappe consecutive." }, "geometry": { "type": "Point", "coordinates": [ 7.6813171, 45.0726102 ] } },
{ "type": "Feature", "properties": { "full_id": "n5345204623", "osm_id": "5345204623", "name": "Smile Tree", "service_type": "food_drink", "service_subtype": "bar", "route_id": "torino_nascosta_centro", "route_title": "Torino Nascosta nel Centro", "segment_id": "torino_nascosta_centro_05", "segment_index": 5, "from_artwork_id": "toro-muro", "to_artwork_id": "palle-cannone", "from_title": "T'ORO - Il Toro che esce dal muro", "to_title": "Le Palle di Cannone dell'Assedio", "profile": "foot-walking", "distance_m": 1300.5, "duration_min": 15.605, "notes": "Segmento generato automaticamente con ORS tra due tappe consecutive." }, "geometry": { "type": "Point", "coordinates": [ 7.6787224, 45.0764666 ] } },
{ "type": "Feature", "properties": { "full_id": "n9680161617", "osm_id": "9680161617", "name": "La Santa Wine & Spirits", "service_type": "food_drink", "service_subtype": "bar", "route_id": "torino_nascosta_centro", "route_title": "Torino Nascosta nel Centro", "segment_id": "torino_nascosta_centro_05", "segment_index": 5, "from_artwork_id": "toro-muro", "to_artwork_id": "palle-cannone", "from_title": "T'ORO - Il Toro che esce dal muro", "to_title": "Le Palle di Cannone dell'Assedio", "profile": "foot-walking", "distance_m": 1300.5, "duration_min": 15.605, "notes": "Segmento generato automaticamente con ORS tra due tappe consecutive." }, "geometry": { "type": "Point", "coordinates": [ 7.6774842, 45.0710503 ] } },
{ "type": "Feature", "properties": { "full_id": "n10959114867", "osm_id": "10959114867", "name": "Walima narghilè", "service_type": "food_drink", "service_subtype": "bar", "route_id": "torino_nascosta_centro", "route_title": "Torino Nascosta nel Centro", "segment_id": "torino_nascosta_centro_05", "segment_index": 5, "from_artwork_id": "toro-muro", "to_artwork_id": "palle-cannone", "from_title": "T'ORO - Il Toro che esce dal muro", "to_title": "Le Palle di Cannone dell'Assedio", "profile": "foot-walking", "distance_m": 1300.5, "duration_min": 15.605, "notes": "Segmento generato automaticamente con ORS tra due tappe consecutive." }, "geometry": { "type": "Point", "coordinates": [ 7.6801718, 45.0751342 ] } },
{ "type": "Feature", "properties": { "full_id": "n12001217812", "osm_id": "12001217812", "name": "Alpha", "service_type": "food_drink", "service_subtype": "bar", "route_id": "torino_nascosta_centro", "route_title": "Torino Nascosta nel Centro", "segment_id": "torino_nascosta_centro_05", "segment_index": 5, "from_artwork_id": "toro-muro", "to_artwork_id": "palle-cannone", "from_title": "T'ORO - Il Toro che esce dal muro", "to_title": "Le Palle di Cannone dell'Assedio", "profile": "foot-walking", "distance_m": 1300.5, "duration_min": 15.605, "notes": "Segmento generato automaticamente con ORS tra due tappe consecutive." }, "geometry": { "type": "Point", "coordinates": [ 7.6795478, 45.076896 ] } },
{ "type": "Feature", "properties": { "full_id": "n12175667289", "osm_id": "12175667289", "name": "Les folies", "service_type": "food_drink", "service_subtype": "bar", "route_id": "torino_nascosta_centro", "route_title": "Torino Nascosta nel Centro", "segment_id": "torino_nascosta_centro_05", "segment_index": 5, "from_artwork_id": "toro-muro", "to_artwork_id": "palle-cannone", "from_title": "T'ORO - Il Toro che esce dal muro", "to_title": "Le Palle di Cannone dell'Assedio", "profile": "foot-walking", "distance_m": 1300.5, "duration_min": 15.605, "notes": "Segmento generato automaticamente con ORS tra due tappe consecutive." }, "geometry": { "type": "Point", "coordinates": [ 7.679128, 45.0751716 ] } },
{ "type": "Feature", "properties": { "full_id": "n13074614346", "osm_id": "13074614346", "name": "L'Asilo", "service_type": "food_drink", "service_subtype": "bar", "route_id": "torino_nascosta_centro", "route_title": "Torino Nascosta nel Centro", "segment_id": "torino_nascosta_centro_05", "segment_index": 5, "from_artwork_id": "toro-muro", "to_artwork_id": "palle-cannone", "from_title": "T'ORO - Il Toro che esce dal muro", "to_title": "Le Palle di Cannone dell'Assedio", "profile": "foot-walking", "distance_m": 1300.5, "duration_min": 15.605, "notes": "Segmento generato automaticamente con ORS tra due tappe consecutive." }, "geometry": { "type": "Point", "coordinates": [ 7.6805474, 45.0760821 ] } },
{ "type": "Feature", "properties": { "full_id": "n13618872601", "osm_id": "13618872601", "name": "Kaffan", "service_type": "food_drink", "service_subtype": "bar", "route_id": "torino_nascosta_centro", "route_title": "Torino Nascosta nel Centro", "segment_id": "torino_nascosta_centro_05", "segment_index": 5, "from_artwork_id": "toro-muro", "to_artwork_id": "palle-cannone", "from_title": "T'ORO - Il Toro che esce dal muro", "to_title": "Le Palle di Cannone dell'Assedio", "profile": "foot-walking", "distance_m": 1300.5, "duration_min": 15.605, "notes": "Segmento generato automaticamente con ORS tra due tappe consecutive." }, "geometry": { "type": "Point", "coordinates": [ 7.6781592, 45.0737871 ] } },
{ "type": "Feature", "properties": { "full_id": "n13740894993", "osm_id": "13740894993", "name": "T-Club", "service_type": "food_drink", "service_subtype": "bar", "route_id": "torino_nascosta_centro", "route_title": "Torino Nascosta nel Centro", "segment_id": "torino_nascosta_centro_05", "segment_index": 5, "from_artwork_id": "toro-muro", "to_artwork_id": "palle-cannone", "from_title": "T'ORO - Il Toro che esce dal muro", "to_title": "Le Palle di Cannone dell'Assedio", "profile": "foot-walking", "distance_m": 1300.5, "duration_min": 15.605, "notes": "Segmento generato automaticamente con ORS tra due tappe consecutive." }, "geometry": { "type": "Point", "coordinates": [ 7.6806912, 45.0758799 ] } },
{ "type": "Feature", "properties": { "full_id": "n1599012282", "osm_id": "1599012282", "name": "Strattà", "service_type": "food_drink", "service_subtype": "cafe", "route_id": "torino_nascosta_centro", "route_title": "Torino Nascosta nel Centro", "segment_id": "torino_nascosta_centro_05", "segment_index": 5, "from_artwork_id": "toro-muro", "to_artwork_id": "palle-cannone", "from_title": "T'ORO - Il Toro che esce dal muro", "to_title": "Le Palle di Cannone dell'Assedio", "profile": "foot-walking", "distance_m": 1300.5, "duration_min": 15.605, "notes": "Segmento generato automaticamente con ORS tra due tappe consecutive." }, "geometry": { "type": "Point", "coordinates": [ 7.6829804, 45.0674347 ] } },
{ "type": "Feature", "properties": { "full_id": "n2018127841", "osm_id": "2018127841", "name": "Caffè Torino", "service_type": "food_drink", "service_subtype": "cafe", "route_id": "torino_nascosta_centro", "route_title": "Torino Nascosta nel Centro", "segment_id": "torino_nascosta_centro_05", "segment_index": 5, "from_artwork_id": "toro-muro", "to_artwork_id": "palle-cannone", "from_title": "T'ORO - Il Toro che esce dal muro", "to_title": "Le Palle di Cannone dell'Assedio", "profile": "foot-walking", "distance_m": 1300.5, "duration_min": 15.605, "notes": "Segmento generato automaticamente con ORS tra due tappe consecutive." }, "geometry": { "type": "Point", "coordinates": [ 7.6817924, 45.067533599999983 ] } },
{ "type": "Feature", "properties": { "full_id": "n2018175897", "osm_id": "2018175897", "name": "Cafè Perotti", "service_type": "food_drink", "service_subtype": "cafe", "route_id": "torino_nascosta_centro", "route_title": "Torino Nascosta nel Centro", "segment_id": "torino_nascosta_centro_05", "segment_index": 5, "from_artwork_id": "toro-muro", "to_artwork_id": "palle-cannone", "from_title": "T'ORO - Il Toro che esce dal muro", "to_title": "Le Palle di Cannone dell'Assedio", "profile": "foot-walking", "distance_m": 1300.5, "duration_min": 15.605, "notes": "Segmento generato automaticamente con ORS tra due tappe consecutive." }, "geometry": { "type": "Point", "coordinates": [ 7.6832776, 45.0710671 ] } },
{ "type": "Feature", "properties": { "full_id": "n2026209249", "osm_id": "2026209249", "name": "Pepino", "service_type": "food_drink", "service_subtype": "cafe", "route_id": "torino_nascosta_centro", "route_title": "Torino Nascosta nel Centro", "segment_id": "torino_nascosta_centro_05", "segment_index": 5, "from_artwork_id": "toro-muro", "to_artwork_id": "palle-cannone", "from_title": "T'ORO - Il Toro che esce dal muro", "to_title": "Le Palle di Cannone dell'Assedio", "profile": "foot-walking", "distance_m": 1300.5, "duration_min": 15.605, "notes": "Segmento generato automaticamente con ORS tra due tappe consecutive." }, "geometry": { "type": "Point", "coordinates": [ 7.6845851, 45.0690975 ] } },
{ "type": "Feature", "properties": { "full_id": "n2068324878", "osm_id": "2068324878", "name": "Caffetteria Cristal", "service_type": "food_drink", "service_subtype": "cafe", "route_id": "torino_nascosta_centro", "route_title": "Torino Nascosta nel Centro", "segment_id": "torino_nascosta_centro_05", "segment_index": 5, "from_artwork_id": "toro-muro", "to_artwork_id": "palle-cannone", "from_title": "T'ORO - Il Toro che esce dal muro", "to_title": "Le Palle di Cannone dell'Assedio", "profile": "foot-walking", "distance_m": 1300.5, "duration_min": 15.605, "notes": "Segmento generato automaticamente con ORS tra due tappe consecutive." }, "geometry": { "type": "Point", "coordinates": [ 7.6829921, 45.0701746 ] } },
{ "type": "Feature", "properties": { "full_id": "n2068375174", "osm_id": "2068375174", "name": "Torrefazione Beccuti", "service_type": "food_drink", "service_subtype": "cafe", "route_id": "torino_nascosta_centro", "route_title": "Torino Nascosta nel Centro", "segment_id": "torino_nascosta_centro_05", "segment_index": 5, "from_artwork_id": "toro-muro", "to_artwork_id": "palle-cannone", "from_title": "T'ORO - Il Toro che esce dal muro", "to_title": "Le Palle di Cannone dell'Assedio", "profile": "foot-walking", "distance_m": 1300.5, "duration_min": 15.605, "notes": "Segmento generato automaticamente con ORS tra due tappe consecutive." }, "geometry": { "type": "Point", "coordinates": [ 7.6814662, 45.0706754 ] } },
{ "type": "Feature", "properties": { "full_id": "n2406157066", "osm_id": "2406157066", "name": "Caffè Savoia", "service_type": "food_drink", "service_subtype": "cafe", "route_id": "torino_nascosta_centro", "route_title": "Torino Nascosta nel Centro", "segment_id": "torino_nascosta_centro_05", "segment_index": 5, "from_artwork_id": "toro-muro", "to_artwork_id": "palle-cannone", "from_title": "T'ORO - Il Toro che esce dal muro", "to_title": "Le Palle di Cannone dell'Assedio", "profile": "foot-walking", "distance_m": 1300.5, "duration_min": 15.605, "notes": "Segmento generato automaticamente con ORS tra due tappe consecutive." }, "geometry": { "type": "Point", "coordinates": [ 7.6786458, 45.0765536 ] } },
{ "type": "Feature", "properties": { "full_id": "n2700446956", "osm_id": "2700446956", "name": "Caffè Al Bicerin", "service_type": "food_drink", "service_subtype": "cafe", "route_id": "torino_nascosta_centro", "route_title": "Torino Nascosta nel Centro", "segment_id": "torino_nascosta_centro_05", "segment_index": 5, "from_artwork_id": "toro-muro", "to_artwork_id": "palle-cannone", "from_title": "T'ORO - Il Toro che esce dal muro", "to_title": "Le Palle di Cannone dell'Assedio", "profile": "foot-walking", "distance_m": 1300.5, "duration_min": 15.605, "notes": "Segmento generato automaticamente con ORS tra due tappe consecutive." }, "geometry": { "type": "Point", "coordinates": [ 7.678984, 45.0762364 ] } },
{ "type": "Feature", "properties": { "full_id": "n3113566633", "osm_id": "3113566633", "name": "Farmacia del Cambio", "service_type": "food_drink", "service_subtype": "cafe", "route_id": "torino_nascosta_centro", "route_title": "Torino Nascosta nel Centro", "segment_id": "torino_nascosta_centro_05", "segment_index": 5, "from_artwork_id": "toro-muro", "to_artwork_id": "palle-cannone", "from_title": "T'ORO - Il Toro che esce dal muro", "to_title": "Le Palle di Cannone dell'Assedio", "profile": "foot-walking", "distance_m": 1300.5, "duration_min": 15.605, "notes": "Segmento generato automaticamente con ORS tra due tappe consecutive." }, "geometry": { "type": "Point", "coordinates": [ 7.6849442, 45.0695933 ] } },
{ "type": "Feature", "properties": { "full_id": "n3329639493", "osm_id": "3329639493", "name": "Caffè San Carlo", "service_type": "food_drink", "service_subtype": "cafe", "route_id": "torino_nascosta_centro", "route_title": "Torino Nascosta nel Centro", "segment_id": "torino_nascosta_centro_05", "segment_index": 5, "from_artwork_id": "toro-muro", "to_artwork_id": "palle-cannone", "from_title": "T'ORO - Il Toro che esce dal muro", "to_title": "Le Palle di Cannone dell'Assedio", "profile": "foot-walking", "distance_m": 1300.5, "duration_min": 15.605, "notes": "Segmento generato automaticamente con ORS tra due tappe consecutive." }, "geometry": { "type": "Point", "coordinates": [ 7.6824451, 45.0684756 ] } },
{ "type": "Feature", "properties": { "full_id": "n3347595655", "osm_id": "3347595655", "name": "La Maison de Marie", "service_type": "food_drink", "service_subtype": "cafe", "route_id": "torino_nascosta_centro", "route_title": "Torino Nascosta nel Centro", "segment_id": "torino_nascosta_centro_05", "segment_index": 5, "from_artwork_id": "toro-muro", "to_artwork_id": "palle-cannone", "from_title": "T'ORO - Il Toro che esce dal muro", "to_title": "Le Palle di Cannone dell'Assedio", "profile": "foot-walking", "distance_m": 1300.5, "duration_min": 15.605, "notes": "Segmento generato automaticamente con ORS tra due tappe consecutive." }, "geometry": { "type": "Point", "coordinates": [ 7.6794612, 45.0736923 ] } },
{ "type": "Feature", "properties": { "full_id": "n3363464693", "osm_id": "3363464693", "name": "caffetteria Palazzo di Città", "service_type": "food_drink", "service_subtype": "cafe", "route_id": "torino_nascosta_centro", "route_title": "Torino Nascosta nel Centro", "segment_id": "torino_nascosta_centro_05", "segment_index": 5, "from_artwork_id": "toro-muro", "to_artwork_id": "palle-cannone", "from_title": "T'ORO - Il Toro che esce dal muro", "to_title": "Le Palle di Cannone dell'Assedio", "profile": "foot-walking", "distance_m": 1300.5, "duration_min": 15.605, "notes": "Segmento generato automaticamente con ORS tra due tappe consecutive." }, "geometry": { "type": "Point", "coordinates": [ 7.6813062, 45.0728134 ] } },
{ "type": "Feature", "properties": { "full_id": "n3473130433", "osm_id": "3473130433", "name": "Respeat", "service_type": "food_drink", "service_subtype": "cafe", "route_id": "torino_nascosta_centro", "route_title": "Torino Nascosta nel Centro", "segment_id": "torino_nascosta_centro_05", "segment_index": 5, "from_artwork_id": "toro-muro", "to_artwork_id": "palle-cannone", "from_title": "T'ORO - Il Toro che esce dal muro", "to_title": "Le Palle di Cannone dell'Assedio", "profile": "foot-walking", "distance_m": 1300.5, "duration_min": 15.605, "notes": "Segmento generato automaticamente con ORS tra due tappe consecutive." }, "geometry": { "type": "Point", "coordinates": [ 7.6783431, 45.0709814 ] } },
{ "type": "Feature", "properties": { "full_id": "n4089592905", "osm_id": "4089592905", "name": "Caffè Martinez", "service_type": "food_drink", "service_subtype": "cafe", "route_id": "torino_nascosta_centro", "route_title": "Torino Nascosta nel Centro", "segment_id": "torino_nascosta_centro_05", "segment_index": 5, "from_artwork_id": "toro-muro", "to_artwork_id": "palle-cannone", "from_title": "T'ORO - Il Toro che esce dal muro", "to_title": "Le Palle di Cannone dell'Assedio", "profile": "foot-walking", "distance_m": 1300.5, "duration_min": 15.605, "notes": "Segmento generato automaticamente con ORS tra due tappe consecutive." }, "geometry": { "type": "Point", "coordinates": [ 7.6786746, 45.0734181 ] } },
{ "type": "Feature", "properties": { "full_id": "n4736058642", "osm_id": "4736058642", "name": "Caffè Mokita", "service_type": "food_drink", "service_subtype": "cafe", "route_id": "torino_nascosta_centro", "route_title": "Torino Nascosta nel Centro", "segment_id": "torino_nascosta_centro_05", "segment_index": 5, "from_artwork_id": "toro-muro", "to_artwork_id": "palle-cannone", "from_title": "T'ORO - Il Toro che esce dal muro", "to_title": "Le Palle di Cannone dell'Assedio", "profile": "foot-walking", "distance_m": 1300.5, "duration_min": 15.605, "notes": "Segmento generato automaticamente con ORS tra due tappe consecutive." }, "geometry": { "type": "Point", "coordinates": [ 7.6826974, 45.06698 ] } },
{ "type": "Feature", "properties": { "full_id": "n4736080273", "osm_id": "4736080273", "name": "Roberto Caffè", "service_type": "food_drink", "service_subtype": "cafe", "route_id": "torino_nascosta_centro", "route_title": "Torino Nascosta nel Centro", "segment_id": "torino_nascosta_centro_05", "segment_index": 5, "from_artwork_id": "toro-muro", "to_artwork_id": "palle-cannone", "from_title": "T'ORO - Il Toro che esce dal muro", "to_title": "Le Palle di Cannone dell'Assedio", "profile": "foot-walking", "distance_m": 1300.5, "duration_min": 15.605, "notes": "Segmento generato automaticamente con ORS tra due tappe consecutive." }, "geometry": { "type": "Point", "coordinates": [ 7.6769434, 45.0741387 ] } },
{ "type": "Feature", "properties": { "full_id": "n4736081802", "osm_id": "4736081802", "name": "The Tea", "service_type": "food_drink", "service_subtype": "cafe", "route_id": "torino_nascosta_centro", "route_title": "Torino Nascosta nel Centro", "segment_id": "torino_nascosta_centro_05", "segment_index": 5, "from_artwork_id": "toro-muro", "to_artwork_id": "palle-cannone", "from_title": "T'ORO - Il Toro che esce dal muro", "to_title": "Le Palle di Cannone dell'Assedio", "profile": "foot-walking", "distance_m": 1300.5, "duration_min": 15.605, "notes": "Segmento generato automaticamente con ORS tra due tappe consecutive." }, "geometry": { "type": "Point", "coordinates": [ 7.6812818, 45.073606599999984 ] } },
{ "type": "Feature", "properties": { "full_id": "n4736083839", "osm_id": "4736083839", "name": "Pankè", "service_type": "food_drink", "service_subtype": "cafe", "route_id": "torino_nascosta_centro", "route_title": "Torino Nascosta nel Centro", "segment_id": "torino_nascosta_centro_05", "segment_index": 5, "from_artwork_id": "toro-muro", "to_artwork_id": "palle-cannone", "from_title": "T'ORO - Il Toro che esce dal muro", "to_title": "Le Palle di Cannone dell'Assedio", "profile": "foot-walking", "distance_m": 1300.5, "duration_min": 15.605, "notes": "Segmento generato automaticamente con ORS tra due tappe consecutive." }, "geometry": { "type": "Point", "coordinates": [ 7.6815852, 45.072705 ] } },
{ "type": "Feature", "properties": { "full_id": "n4736083896", "osm_id": "4736083896", "name": "Caffè Savoia", "service_type": "food_drink", "service_subtype": "cafe", "route_id": "torino_nascosta_centro", "route_title": "Torino Nascosta nel Centro", "segment_id": "torino_nascosta_centro_05", "segment_index": 5, "from_artwork_id": "toro-muro", "to_artwork_id": "palle-cannone", "from_title": "T'ORO - Il Toro che esce dal muro", "to_title": "Le Palle di Cannone dell'Assedio", "profile": "foot-walking", "distance_m": 1300.5, "duration_min": 15.605, "notes": "Segmento generato automaticamente con ORS tra due tappe consecutive." }, "geometry": { "type": "Point", "coordinates": [ 7.6806739, 45.0767288 ] } },
{ "type": "Feature", "properties": { "full_id": "n5113659218", "osm_id": "5113659218", "name": "cln", "service_type": "food_drink", "service_subtype": "cafe", "route_id": "torino_nascosta_centro", "route_title": "Torino Nascosta nel Centro", "segment_id": "torino_nascosta_centro_05", "segment_index": 5, "from_artwork_id": "toro-muro", "to_artwork_id": "palle-cannone", "from_title": "T'ORO - Il Toro che esce dal muro", "to_title": "Le Palle di Cannone dell'Assedio", "profile": "foot-walking", "distance_m": 1300.5, "duration_min": 15.605, "notes": "Segmento generato automaticamente con ORS tra due tappe consecutive." }, "geometry": { "type": "Point", "coordinates": [ 7.6825862, 45.06677 ] } },
{ "type": "Feature", "properties": { "full_id": "n5113659448", "osm_id": "5113659448", "name": "Neuv Caval'd Brôns", "service_type": "food_drink", "service_subtype": "cafe", "route_id": "torino_nascosta_centro", "route_title": "Torino Nascosta nel Centro", "segment_id": "torino_nascosta_centro_05", "segment_index": 5, "from_artwork_id": "toro-muro", "to_artwork_id": "palle-cannone", "from_title": "T'ORO - Il Toro che esce dal muro", "to_title": "Le Palle di Cannone dell'Assedio", "profile": "foot-walking", "distance_m": 1300.5, "duration_min": 15.605, "notes": "Segmento generato automaticamente con ORS tra due tappe consecutive." }, "geometry": { "type": "Point", "coordinates": [ 7.6833782, 45.0678684 ] } },
{ "type": "Feature", "properties": { "full_id": "n5121453862", "osm_id": "5121453862", "name": "Deep space lounge", "service_type": "food_drink", "service_subtype": "cafe", "route_id": "torino_nascosta_centro", "route_title": "Torino Nascosta nel Centro", "segment_id": "torino_nascosta_centro_05", "segment_index": 5, "from_artwork_id": "toro-muro", "to_artwork_id": "palle-cannone", "from_title": "T'ORO - Il Toro che esce dal muro", "to_title": "Le Palle di Cannone dell'Assedio", "profile": "foot-walking", "distance_m": 1300.5, "duration_min": 15.605, "notes": "Segmento generato automaticamente con ORS tra due tappe consecutive." }, "geometry": { "type": "Point", "coordinates": [ 7.6823924, 45.0697661 ] } },
{ "type": "Feature", "properties": { "full_id": "n5155823122", "osm_id": "5155823122", "name": "L Caval D Brons Ristorante Malabar", "service_type": "food_drink", "service_subtype": "cafe", "route_id": "torino_nascosta_centro", "route_title": "Torino Nascosta nel Centro", "segment_id": "torino_nascosta_centro_05", "segment_index": 5, "from_artwork_id": "toro-muro", "to_artwork_id": "palle-cannone", "from_title": "T'ORO - Il Toro che esce dal muro", "to_title": "Le Palle di Cannone dell'Assedio", "profile": "foot-walking", "distance_m": 1300.5, "duration_min": 15.605, "notes": "Segmento generato automaticamente con ORS tra due tappe consecutive." }, "geometry": { "type": "Point", "coordinates": [ 7.6833738, 45.068007 ] } },
{ "type": "Feature", "properties": { "full_id": "n5416460321", "osm_id": "5416460321", "name": "Piattini Caffè & Vini", "service_type": "food_drink", "service_subtype": "cafe", "route_id": "torino_nascosta_centro", "route_title": "Torino Nascosta nel Centro", "segment_id": "torino_nascosta_centro_05", "segment_index": 5, "from_artwork_id": "toro-muro", "to_artwork_id": "palle-cannone", "from_title": "T'ORO - Il Toro che esce dal muro", "to_title": "Le Palle di Cannone dell'Assedio", "profile": "foot-walking", "distance_m": 1300.5, "duration_min": 15.605, "notes": "Segmento generato automaticamente con ORS tra due tappe consecutive." }, "geometry": { "type": "Point", "coordinates": [ 7.679619, 45.0740822 ] } },
{ "type": "Feature", "properties": { "full_id": "n5416460421", "osm_id": "5416460421", "name": "Costadoro Coffee Lab Diamante", "service_type": "food_drink", "service_subtype": "cafe", "route_id": "torino_nascosta_centro", "route_title": "Torino Nascosta nel Centro", "segment_id": "torino_nascosta_centro_05", "segment_index": 5, "from_artwork_id": "toro-muro", "to_artwork_id": "palle-cannone", "from_title": "T'ORO - Il Toro che esce dal muro", "to_title": "Le Palle di Cannone dell'Assedio", "profile": "foot-walking", "distance_m": 1300.5, "duration_min": 15.605, "notes": "Segmento generato automaticamente con ORS tra due tappe consecutive." }, "geometry": { "type": "Point", "coordinates": [ 7.6825223, 45.066108 ] } },
{ "type": "Feature", "properties": { "full_id": "n5493352633", "osm_id": "5493352633", "name": "Happiness", "service_type": "food_drink", "service_subtype": "cafe", "route_id": "torino_nascosta_centro", "route_title": "Torino Nascosta nel Centro", "segment_id": "torino_nascosta_centro_05", "segment_index": 5, "from_artwork_id": "toro-muro", "to_artwork_id": "palle-cannone", "from_title": "T'ORO - Il Toro che esce dal muro", "to_title": "Le Palle di Cannone dell'Assedio", "profile": "foot-walking", "distance_m": 1300.5, "duration_min": 15.605, "notes": "Segmento generato automaticamente con ORS tra due tappe consecutive." }, "geometry": { "type": "Point", "coordinates": [ 7.6847314, 45.066507799999989 ] } },
{ "type": "Feature", "properties": { "full_id": "n5998205156", "osm_id": "5998205156", "name": "TLALOC", "service_type": "food_drink", "service_subtype": "cafe", "route_id": "torino_nascosta_centro", "route_title": "Torino Nascosta nel Centro", "segment_id": "torino_nascosta_centro_05", "segment_index": 5, "from_artwork_id": "toro-muro", "to_artwork_id": "palle-cannone", "from_title": "T'ORO - Il Toro che esce dal muro", "to_title": "Le Palle di Cannone dell'Assedio", "profile": "foot-walking", "distance_m": 1300.5, "duration_min": 15.605, "notes": "Segmento generato automaticamente con ORS tra due tappe consecutive." }, "geometry": { "type": "Point", "coordinates": [ 7.6823688, 45.0727764 ] } },
{ "type": "Feature", "properties": { "full_id": "n5998205157", "osm_id": "5998205157", "name": "Il nostro cioccolato", "service_type": "food_drink", "service_subtype": "cafe", "route_id": "torino_nascosta_centro", "route_title": "Torino Nascosta nel Centro", "segment_id": "torino_nascosta_centro_05", "segment_index": 5, "from_artwork_id": "toro-muro", "to_artwork_id": "palle-cannone", "from_title": "T'ORO - Il Toro che esce dal muro", "to_title": "Le Palle di Cannone dell'Assedio", "profile": "foot-walking", "distance_m": 1300.5, "duration_min": 15.605, "notes": "Segmento generato automaticamente con ORS tra due tappe consecutive." }, "geometry": { "type": "Point", "coordinates": [ 7.682464, 45.0727461 ] } },
{ "type": "Feature", "properties": { "full_id": "n5998252948", "osm_id": "5998252948", "name": "12oz", "service_type": "food_drink", "service_subtype": "cafe", "route_id": "torino_nascosta_centro", "route_title": "Torino Nascosta nel Centro", "segment_id": "torino_nascosta_centro_05", "segment_index": 5, "from_artwork_id": "toro-muro", "to_artwork_id": "palle-cannone", "from_title": "T'ORO - Il Toro che esce dal muro", "to_title": "Le Palle di Cannone dell'Assedio", "profile": "foot-walking", "distance_m": 1300.5, "duration_min": 15.605, "notes": "Segmento generato automaticamente con ORS tra due tappe consecutive." }, "geometry": { "type": "Point", "coordinates": [ 7.6820983, 45.0722931 ] } },
{ "type": "Feature", "properties": { "full_id": "n5998275758", "osm_id": "5998275758", "name": "Liberty", "service_type": "food_drink", "service_subtype": "cafe", "route_id": "torino_nascosta_centro", "route_title": "Torino Nascosta nel Centro", "segment_id": "torino_nascosta_centro_05", "segment_index": 5, "from_artwork_id": "toro-muro", "to_artwork_id": "palle-cannone", "from_title": "T'ORO - Il Toro che esce dal muro", "to_title": "Le Palle di Cannone dell'Assedio", "profile": "foot-walking", "distance_m": 1300.5, "duration_min": 15.605, "notes": "Segmento generato automaticamente con ORS tra due tappe consecutive." }, "geometry": { "type": "Point", "coordinates": [ 7.6779514, 45.0736693 ] } },
{ "type": "Feature", "properties": { "full_id": "n5998275760", "osm_id": "5998275760", "name": "L'orto cafè", "service_type": "food_drink", "service_subtype": "cafe", "route_id": "torino_nascosta_centro", "route_title": "Torino Nascosta nel Centro", "segment_id": "torino_nascosta_centro_05", "segment_index": 5, "from_artwork_id": "toro-muro", "to_artwork_id": "palle-cannone", "from_title": "T'ORO - Il Toro che esce dal muro", "to_title": "Le Palle di Cannone dell'Assedio", "profile": "foot-walking", "distance_m": 1300.5, "duration_min": 15.605, "notes": "Segmento generato automaticamente con ORS tra due tappe consecutive." }, "geometry": { "type": "Point", "coordinates": [ 7.6771189, 45.072580899999984 ] } },
{ "type": "Feature", "properties": { "full_id": "n7023660665", "osm_id": "7023660665", "name": "Caffetteria Novecento", "service_type": "food_drink", "service_subtype": "cafe", "route_id": "torino_nascosta_centro", "route_title": "Torino Nascosta nel Centro", "segment_id": "torino_nascosta_centro_05", "segment_index": 5, "from_artwork_id": "toro-muro", "to_artwork_id": "palle-cannone", "from_title": "T'ORO - Il Toro che esce dal muro", "to_title": "Le Palle di Cannone dell'Assedio", "profile": "foot-walking", "distance_m": 1300.5, "duration_min": 15.605, "notes": "Segmento generato automaticamente con ORS tra due tappe consecutive." }, "geometry": { "type": "Point", "coordinates": [ 7.680222, 45.0715689 ] } },
{ "type": "Feature", "properties": { "full_id": "n9307355181", "osm_id": "9307355181", "name": "Nora Book & Coffee", "service_type": "food_drink", "service_subtype": "cafe", "route_id": "torino_nascosta_centro", "route_title": "Torino Nascosta nel Centro", "segment_id": "torino_nascosta_centro_05", "segment_index": 5, "from_artwork_id": "toro-muro", "to_artwork_id": "palle-cannone", "from_title": "T'ORO - Il Toro che esce dal muro", "to_title": "Le Palle di Cannone dell'Assedio", "profile": "foot-walking", "distance_m": 1300.5, "duration_min": 15.605, "notes": "Segmento generato automaticamente con ORS tra due tappe consecutive." }, "geometry": { "type": "Point", "coordinates": [ 7.6796418, 45.075859 ] } },
{ "type": "Feature", "properties": { "full_id": "n9892792658", "osm_id": "9892792658", "name": "Bistrò Tuocc & Fuje", "service_type": "food_drink", "service_subtype": "cafe", "route_id": "torino_nascosta_centro", "route_title": "Torino Nascosta nel Centro", "segment_id": "torino_nascosta_centro_05", "segment_index": 5, "from_artwork_id": "toro-muro", "to_artwork_id": "palle-cannone", "from_title": "T'ORO - Il Toro che esce dal muro", "to_title": "Le Palle di Cannone dell'Assedio", "profile": "foot-walking", "distance_m": 1300.5, "duration_min": 15.605, "notes": "Segmento generato automaticamente con ORS tra due tappe consecutive." }, "geometry": { "type": "Point", "coordinates": [ 7.6791267, 45.0715385 ] } },
{ "type": "Feature", "properties": { "full_id": "n10213801582", "osm_id": "10213801582", "name": "Bar Pia", "service_type": "food_drink", "service_subtype": "cafe", "route_id": "torino_nascosta_centro", "route_title": "Torino Nascosta nel Centro", "segment_id": "torino_nascosta_centro_05", "segment_index": 5, "from_artwork_id": "toro-muro", "to_artwork_id": "palle-cannone", "from_title": "T'ORO - Il Toro che esce dal muro", "to_title": "Le Palle di Cannone dell'Assedio", "profile": "foot-walking", "distance_m": 1300.5, "duration_min": 15.605, "notes": "Segmento generato automaticamente con ORS tra due tappe consecutive." }, "geometry": { "type": "Point", "coordinates": [ 7.678384, 45.0763171 ] } },
{ "type": "Feature", "properties": { "full_id": "n10742006017", "osm_id": "10742006017", "name": "Roses & Tea", "service_type": "food_drink", "service_subtype": "cafe", "route_id": "torino_nascosta_centro", "route_title": "Torino Nascosta nel Centro", "segment_id": "torino_nascosta_centro_05", "segment_index": 5, "from_artwork_id": "toro-muro", "to_artwork_id": "palle-cannone", "from_title": "T'ORO - Il Toro che esce dal muro", "to_title": "Le Palle di Cannone dell'Assedio", "profile": "foot-walking", "distance_m": 1300.5, "duration_min": 15.605, "notes": "Segmento generato automaticamente con ORS tra due tappe consecutive." }, "geometry": { "type": "Point", "coordinates": [ 7.677687, 45.0731077 ] } },
{ "type": "Feature", "properties": { "full_id": "n10794907869", "osm_id": "10794907869", "name": "Gardenia Caffè Con Vitto", "service_type": "food_drink", "service_subtype": "cafe", "route_id": "torino_nascosta_centro", "route_title": "Torino Nascosta nel Centro", "segment_id": "torino_nascosta_centro_05", "segment_index": 5, "from_artwork_id": "toro-muro", "to_artwork_id": "palle-cannone", "from_title": "T'ORO - Il Toro che esce dal muro", "to_title": "Le Palle di Cannone dell'Assedio", "profile": "foot-walking", "distance_m": 1300.5, "duration_min": 15.605, "notes": "Segmento generato automaticamente con ORS tra due tappe consecutive." }, "geometry": { "type": "Point", "coordinates": [ 7.6805491, 45.0701907 ] } },
{ "type": "Feature", "properties": { "full_id": "n10803879306", "osm_id": "10803879306", "name": "Ziccat", "service_type": "food_drink", "service_subtype": "cafe", "route_id": "torino_nascosta_centro", "route_title": "Torino Nascosta nel Centro", "segment_id": "torino_nascosta_centro_05", "segment_index": 5, "from_artwork_id": "toro-muro", "to_artwork_id": "palle-cannone", "from_title": "T'ORO - Il Toro che esce dal muro", "to_title": "Le Palle di Cannone dell'Assedio", "profile": "foot-walking", "distance_m": 1300.5, "duration_min": 15.605, "notes": "Segmento generato automaticamente con ORS tra due tappe consecutive." }, "geometry": { "type": "Point", "coordinates": [ 7.6831105, 45.0707844 ] } },
{ "type": "Feature", "properties": { "full_id": "n10827139268", "osm_id": "10827139268", "name": "Bar Antica piazza delle erbe", "service_type": "food_drink", "service_subtype": "cafe", "route_id": "torino_nascosta_centro", "route_title": "Torino Nascosta nel Centro", "segment_id": "torino_nascosta_centro_05", "segment_index": 5, "from_artwork_id": "toro-muro", "to_artwork_id": "palle-cannone", "from_title": "T'ORO - Il Toro che esce dal muro", "to_title": "Le Palle di Cannone dell'Assedio", "profile": "foot-walking", "distance_m": 1300.5, "duration_min": 15.605, "notes": "Segmento generato automaticamente con ORS tra due tappe consecutive." }, "geometry": { "type": "Point", "coordinates": [ 7.6818, 45.0730879 ] } },
{ "type": "Feature", "properties": { "full_id": "n10833529336", "osm_id": "10833529336", "name": "Tisaneria della Consolata", "service_type": "food_drink", "service_subtype": "cafe", "route_id": "torino_nascosta_centro", "route_title": "Torino Nascosta nel Centro", "segment_id": "torino_nascosta_centro_05", "segment_index": 5, "from_artwork_id": "toro-muro", "to_artwork_id": "palle-cannone", "from_title": "T'ORO - Il Toro che esce dal muro", "to_title": "Le Palle di Cannone dell'Assedio", "profile": "foot-walking", "distance_m": 1300.5, "duration_min": 15.605, "notes": "Segmento generato automaticamente con ORS tra due tappe consecutive." }, "geometry": { "type": "Point", "coordinates": [ 7.6791049, 45.075913899999989 ] } },
{ "type": "Feature", "properties": { "full_id": "n10951612316", "osm_id": "10951612316", "name": "Caffè Pietro Micca", "service_type": "food_drink", "service_subtype": "cafe", "route_id": "torino_nascosta_centro", "route_title": "Torino Nascosta nel Centro", "segment_id": "torino_nascosta_centro_05", "segment_index": 5, "from_artwork_id": "toro-muro", "to_artwork_id": "palle-cannone", "from_title": "T'ORO - Il Toro che esce dal muro", "to_title": "Le Palle di Cannone dell'Assedio", "profile": "foot-walking", "distance_m": 1300.5, "duration_min": 15.605, "notes": "Segmento generato automaticamente con ORS tra due tappe consecutive." }, "geometry": { "type": "Point", "coordinates": [ 7.6826506, 45.0707723 ] } },
{ "type": "Feature", "properties": { "full_id": "n11061384926", "osm_id": "11061384926", "name": "Oro puro", "service_type": "food_drink", "service_subtype": "cafe", "route_id": "torino_nascosta_centro", "route_title": "Torino Nascosta nel Centro", "segment_id": "torino_nascosta_centro_05", "segment_index": 5, "from_artwork_id": "toro-muro", "to_artwork_id": "palle-cannone", "from_title": "T'ORO - Il Toro che esce dal muro", "to_title": "Le Palle di Cannone dell'Assedio", "profile": "foot-walking", "distance_m": 1300.5, "duration_min": 15.605, "notes": "Segmento generato automaticamente con ORS tra due tappe consecutive." }, "geometry": { "type": "Point", "coordinates": [ 7.6835753, 45.0718437 ] } },
{ "type": "Feature", "properties": { "full_id": "n11078624682", "osm_id": "11078624682", "name": "D.A.F.", "service_type": "food_drink", "service_subtype": "cafe", "route_id": "torino_nascosta_centro", "route_title": "Torino Nascosta nel Centro", "segment_id": "torino_nascosta_centro_05", "segment_index": 5, "from_artwork_id": "toro-muro", "to_artwork_id": "palle-cannone", "from_title": "T'ORO - Il Toro che esce dal muro", "to_title": "Le Palle di Cannone dell'Assedio", "profile": "foot-walking", "distance_m": 1300.5, "duration_min": 15.605, "notes": "Segmento generato automaticamente con ORS tra due tappe consecutive." }, "geometry": { "type": "Point", "coordinates": [ 7.6836704, 45.070951099999988 ] } },
{ "type": "Feature", "properties": { "full_id": "n11328855589", "osm_id": "11328855589", "name": "Bar Stampa", "service_type": "food_drink", "service_subtype": "cafe", "route_id": "torino_nascosta_centro", "route_title": "Torino Nascosta nel Centro", "segment_id": "torino_nascosta_centro_05", "segment_index": 5, "from_artwork_id": "toro-muro", "to_artwork_id": "palle-cannone", "from_title": "T'ORO - Il Toro che esce dal muro", "to_title": "Le Palle di Cannone dell'Assedio", "profile": "foot-walking", "distance_m": 1300.5, "duration_min": 15.605, "notes": "Segmento generato automaticamente con ORS tra due tappe consecutive." }, "geometry": { "type": "Point", "coordinates": [ 7.6833762, 45.069388100000012 ] } },
{ "type": "Feature", "properties": { "full_id": "n11346897170", "osm_id": "11346897170", "name": "Luxery caffe Baki", "service_type": "food_drink", "service_subtype": "cafe", "route_id": "torino_nascosta_centro", "route_title": "Torino Nascosta nel Centro", "segment_id": "torino_nascosta_centro_05", "segment_index": 5, "from_artwork_id": "toro-muro", "to_artwork_id": "palle-cannone", "from_title": "T'ORO - Il Toro che esce dal muro", "to_title": "Le Palle di Cannone dell'Assedio", "profile": "foot-walking", "distance_m": 1300.5, "duration_min": 15.605, "notes": "Segmento generato automaticamente con ORS tra due tappe consecutive." }, "geometry": { "type": "Point", "coordinates": [ 7.6832209, 45.0698347 ] } },
{ "type": "Feature", "properties": { "full_id": "n11502659927", "osm_id": "11502659927", "name": "ST", "service_type": "food_drink", "service_subtype": "cafe", "route_id": "torino_nascosta_centro", "route_title": "Torino Nascosta nel Centro", "segment_id": "torino_nascosta_centro_05", "segment_index": 5, "from_artwork_id": "toro-muro", "to_artwork_id": "palle-cannone", "from_title": "T'ORO - Il Toro che esce dal muro", "to_title": "Le Palle di Cannone dell'Assedio", "profile": "foot-walking", "distance_m": 1300.5, "duration_min": 15.605, "notes": "Segmento generato automaticamente con ORS tra due tappe consecutive." }, "geometry": { "type": "Point", "coordinates": [ 7.6814082, 45.071647 ] } },
{ "type": "Feature", "properties": { "full_id": "n11577297413", "osm_id": "11577297413", "name": "Pulgar Lounge Bar", "service_type": "food_drink", "service_subtype": "cafe", "route_id": "torino_nascosta_centro", "route_title": "Torino Nascosta nel Centro", "segment_id": "torino_nascosta_centro_05", "segment_index": 5, "from_artwork_id": "toro-muro", "to_artwork_id": "palle-cannone", "from_title": "T'ORO - Il Toro che esce dal muro", "to_title": "Le Palle di Cannone dell'Assedio", "profile": "foot-walking", "distance_m": 1300.5, "duration_min": 15.605, "notes": "Segmento generato automaticamente con ORS tra due tappe consecutive." }, "geometry": { "type": "Point", "coordinates": [ 7.6806128, 45.0696298 ] } },
{ "type": "Feature", "properties": { "full_id": "n12064696975", "osm_id": "12064696975", "name": "Antica Roma", "service_type": "food_drink", "service_subtype": "cafe", "route_id": "torino_nascosta_centro", "route_title": "Torino Nascosta nel Centro", "segment_id": "torino_nascosta_centro_05", "segment_index": 5, "from_artwork_id": "toro-muro", "to_artwork_id": "palle-cannone", "from_title": "T'ORO - Il Toro che esce dal muro", "to_title": "Le Palle di Cannone dell'Assedio", "profile": "foot-walking", "distance_m": 1300.5, "duration_min": 15.605, "notes": "Segmento generato automaticamente con ORS tra due tappe consecutive." }, "geometry": { "type": "Point", "coordinates": [ 7.6813493, 45.076483 ] } },
{ "type": "Feature", "properties": { "full_id": "n12165781947", "osm_id": "12165781947", "name": "Savoy", "service_type": "food_drink", "service_subtype": "cafe", "route_id": "torino_nascosta_centro", "route_title": "Torino Nascosta nel Centro", "segment_id": "torino_nascosta_centro_05", "segment_index": 5, "from_artwork_id": "toro-muro", "to_artwork_id": "palle-cannone", "from_title": "T'ORO - Il Toro che esce dal muro", "to_title": "Le Palle di Cannone dell'Assedio", "profile": "foot-walking", "distance_m": 1300.5, "duration_min": 15.605, "notes": "Segmento generato automaticamente con ORS tra due tappe consecutive." }, "geometry": { "type": "Point", "coordinates": [ 7.6778776, 45.0748535 ] } },
{ "type": "Feature", "properties": { "full_id": "n12423081673", "osm_id": "12423081673", "name": "Caffetteria da Mario", "service_type": "food_drink", "service_subtype": "cafe", "route_id": "torino_nascosta_centro", "route_title": "Torino Nascosta nel Centro", "segment_id": "torino_nascosta_centro_05", "segment_index": 5, "from_artwork_id": "toro-muro", "to_artwork_id": "palle-cannone", "from_title": "T'ORO - Il Toro che esce dal muro", "to_title": "Le Palle di Cannone dell'Assedio", "profile": "foot-walking", "distance_m": 1300.5, "duration_min": 15.605, "notes": "Segmento generato automaticamente con ORS tra due tappe consecutive." }, "geometry": { "type": "Point", "coordinates": [ 7.6817783, 45.074077 ] } },
{ "type": "Feature", "properties": { "full_id": "n12530236695", "osm_id": "12530236695", "name": "Obicà", "service_type": "food_drink", "service_subtype": "cafe", "route_id": "torino_nascosta_centro", "route_title": "Torino Nascosta nel Centro", "segment_id": "torino_nascosta_centro_05", "segment_index": 5, "from_artwork_id": "toro-muro", "to_artwork_id": "palle-cannone", "from_title": "T'ORO - Il Toro che esce dal muro", "to_title": "Le Palle di Cannone dell'Assedio", "profile": "foot-walking", "distance_m": 1300.5, "duration_min": 15.605, "notes": "Segmento generato automaticamente con ORS tra due tappe consecutive." }, "geometry": { "type": "Point", "coordinates": [ 7.6830277, 45.066098899999986 ] } },
{ "type": "Feature", "properties": { "full_id": "n12971427542", "osm_id": "12971427542", "name": "Caffetteria XX Settembre", "service_type": "food_drink", "service_subtype": "cafe", "route_id": "torino_nascosta_centro", "route_title": "Torino Nascosta nel Centro", "segment_id": "torino_nascosta_centro_05", "segment_index": 5, "from_artwork_id": "toro-muro", "to_artwork_id": "palle-cannone", "from_title": "T'ORO - Il Toro che esce dal muro", "to_title": "Le Palle di Cannone dell'Assedio", "profile": "foot-walking", "distance_m": 1300.5, "duration_min": 15.605, "notes": "Segmento generato automaticamente con ORS tra due tappe consecutive." }, "geometry": { "type": "Point", "coordinates": [ 7.6818533, 45.0692764 ] } },
{ "type": "Feature", "properties": { "full_id": "n13446464504", "osm_id": "13446464504", "name": "Caffè dei Guardinfanti", "service_type": "food_drink", "service_subtype": "cafe", "route_id": "torino_nascosta_centro", "route_title": "Torino Nascosta nel Centro", "segment_id": "torino_nascosta_centro_05", "segment_index": 5, "from_artwork_id": "toro-muro", "to_artwork_id": "palle-cannone", "from_title": "T'ORO - Il Toro che esce dal muro", "to_title": "Le Palle di Cannone dell'Assedio", "profile": "foot-walking", "distance_m": 1300.5, "duration_min": 15.605, "notes": "Segmento generato automaticamente con ORS tra due tappe consecutive." }, "geometry": { "type": "Point", "coordinates": [ 7.6812032, 45.0717451 ] } },
{ "type": "Feature", "properties": { "full_id": "n2786124665", "osm_id": "2786124665", "name": "Più di un gelato", "service_type": "food_drink", "service_subtype": "ice_cream", "route_id": "torino_nascosta_centro", "route_title": "Torino Nascosta nel Centro", "segment_id": "torino_nascosta_centro_05", "segment_index": 5, "from_artwork_id": "toro-muro", "to_artwork_id": "palle-cannone", "from_title": "T'ORO - Il Toro che esce dal muro", "to_title": "Le Palle di Cannone dell'Assedio", "profile": "foot-walking", "distance_m": 1300.5, "duration_min": 15.605, "notes": "Segmento generato automaticamente con ORS tra due tappe consecutive." }, "geometry": { "type": "Point", "coordinates": [ 7.6821905, 45.071534599999985 ] } },
{ "type": "Feature", "properties": { "full_id": "n4444034456", "osm_id": "4444034456", "name": "Gran Sicily", "service_type": "food_drink", "service_subtype": "ice_cream", "route_id": "torino_nascosta_centro", "route_title": "Torino Nascosta nel Centro", "segment_id": "torino_nascosta_centro_05", "segment_index": 5, "from_artwork_id": "toro-muro", "to_artwork_id": "palle-cannone", "from_title": "T'ORO - Il Toro che esce dal muro", "to_title": "Le Palle di Cannone dell'Assedio", "profile": "foot-walking", "distance_m": 1300.5, "duration_min": 15.605, "notes": "Segmento generato automaticamente con ORS tra due tappe consecutive." }, "geometry": { "type": "Point", "coordinates": [ 7.6833607, 45.0665719 ] } },
{ "type": "Feature", "properties": { "full_id": "n4736083859", "osm_id": "4736083859", "name": "Papalele - Quadrilatero", "service_type": "food_drink", "service_subtype": "ice_cream", "route_id": "torino_nascosta_centro", "route_title": "Torino Nascosta nel Centro", "segment_id": "torino_nascosta_centro_05", "segment_index": 5, "from_artwork_id": "toro-muro", "to_artwork_id": "palle-cannone", "from_title": "T'ORO - Il Toro che esce dal muro", "to_title": "Le Palle di Cannone dell'Assedio", "profile": "foot-walking", "distance_m": 1300.5, "duration_min": 15.605, "notes": "Segmento generato automaticamente con ORS tra due tappe consecutive." }, "geometry": { "type": "Point", "coordinates": [ 7.6811316, 45.0765709 ] } },
{ "type": "Feature", "properties": { "full_id": "n5110808462", "osm_id": "5110808462", "name": "Alberto Marchetti", "service_type": "food_drink", "service_subtype": "ice_cream", "route_id": "torino_nascosta_centro", "route_title": "Torino Nascosta nel Centro", "segment_id": "torino_nascosta_centro_05", "segment_index": 5, "from_artwork_id": "toro-muro", "to_artwork_id": "palle-cannone", "from_title": "T'ORO - Il Toro che esce dal muro", "to_title": "Le Palle di Cannone dell'Assedio", "profile": "foot-walking", "distance_m": 1300.5, "duration_min": 15.605, "notes": "Segmento generato automaticamente con ORS tra due tappe consecutive." }, "geometry": { "type": "Point", "coordinates": [ 7.6811092, 45.0666135 ] } },
{ "type": "Feature", "properties": { "full_id": "n5117627169", "osm_id": "5117627169", "name": "La romana dal 1947", "service_type": "food_drink", "service_subtype": "ice_cream", "route_id": "torino_nascosta_centro", "route_title": "Torino Nascosta nel Centro", "segment_id": "torino_nascosta_centro_05", "segment_index": 5, "from_artwork_id": "toro-muro", "to_artwork_id": "palle-cannone", "from_title": "T'ORO - Il Toro che esce dal muro", "to_title": "Le Palle di Cannone dell'Assedio", "profile": "foot-walking", "distance_m": 1300.5, "duration_min": 15.605, "notes": "Segmento generato automaticamente con ORS tra due tappe consecutive." }, "geometry": { "type": "Point", "coordinates": [ 7.6822289, 45.0687405 ] } },
{ "type": "Feature", "properties": { "full_id": "n10811134364", "osm_id": "10811134364", "name": "Gelateria Peter Pan", "service_type": "food_drink", "service_subtype": "ice_cream", "route_id": "torino_nascosta_centro", "route_title": "Torino Nascosta nel Centro", "segment_id": "torino_nascosta_centro_05", "segment_index": 5, "from_artwork_id": "toro-muro", "to_artwork_id": "palle-cannone", "from_title": "T'ORO - Il Toro che esce dal muro", "to_title": "Le Palle di Cannone dell'Assedio", "profile": "foot-walking", "distance_m": 1300.5, "duration_min": 15.605, "notes": "Segmento generato automaticamente con ORS tra due tappe consecutive." }, "geometry": { "type": "Point", "coordinates": [ 7.6818982, 45.0696553 ] } },
{ "type": "Feature", "properties": { "full_id": "n10944305291", "osm_id": "10944305291", "name": "SanTo", "service_type": "food_drink", "service_subtype": "ice_cream", "route_id": "torino_nascosta_centro", "route_title": "Torino Nascosta nel Centro", "segment_id": "torino_nascosta_centro_05", "segment_index": 5, "from_artwork_id": "toro-muro", "to_artwork_id": "palle-cannone", "from_title": "T'ORO - Il Toro che esce dal muro", "to_title": "Le Palle di Cannone dell'Assedio", "profile": "foot-walking", "distance_m": 1300.5, "duration_min": 15.605, "notes": "Segmento generato automaticamente con ORS tra due tappe consecutive." }, "geometry": { "type": "Point", "coordinates": [ 7.6816573, 45.0708153 ] } },
{ "type": "Feature", "properties": { "full_id": "n11231208927", "osm_id": "11231208927", "name": "Yoyogurt", "service_type": "food_drink", "service_subtype": "ice_cream", "route_id": "torino_nascosta_centro", "route_title": "Torino Nascosta nel Centro", "segment_id": "torino_nascosta_centro_05", "segment_index": 5, "from_artwork_id": "toro-muro", "to_artwork_id": "palle-cannone", "from_title": "T'ORO - Il Toro che esce dal muro", "to_title": "Le Palle di Cannone dell'Assedio", "profile": "foot-walking", "distance_m": 1300.5, "duration_min": 15.605, "notes": "Segmento generato automaticamente con ORS tra due tappe consecutive." }, "geometry": { "type": "Point", "coordinates": [ 7.6771862, 45.074059 ] } },
{ "type": "Feature", "properties": { "full_id": "n11820095968", "osm_id": "11820095968", "name": "Biraghi", "service_type": "food_drink", "service_subtype": "ice_cream", "route_id": "torino_nascosta_centro", "route_title": "Torino Nascosta nel Centro", "segment_id": "torino_nascosta_centro_05", "segment_index": 5, "from_artwork_id": "toro-muro", "to_artwork_id": "palle-cannone", "from_title": "T'ORO - Il Toro che esce dal muro", "to_title": "Le Palle di Cannone dell'Assedio", "profile": "foot-walking", "distance_m": 1300.5, "duration_min": 15.605, "notes": "Segmento generato automaticamente con ORS tra due tappe consecutive." }, "geometry": { "type": "Point", "coordinates": [ 7.6819299, 45.0677247 ] } },
{ "type": "Feature", "properties": { "full_id": "n13075169872", "osm_id": "13075169872", "name": "Grom", "service_type": "food_drink", "service_subtype": "ice_cream", "route_id": "torino_nascosta_centro", "route_title": "Torino Nascosta nel Centro", "segment_id": "torino_nascosta_centro_05", "segment_index": 5, "from_artwork_id": "toro-muro", "to_artwork_id": "palle-cannone", "from_title": "T'ORO - Il Toro che esce dal muro", "to_title": "Le Palle di Cannone dell'Assedio", "profile": "foot-walking", "distance_m": 1300.5, "duration_min": 15.605, "notes": "Segmento generato automaticamente con ORS tra due tappe consecutive." }, "geometry": { "type": "Point", "coordinates": [ 7.6823385, 45.0720901 ] } },
{ "type": "Feature", "properties": { "full_id": "n1198867402", "osm_id": "1198867402", "name": "Bertola", "service_type": "transport", "service_subtype": "bus_stop", "route_id": "torino_nascosta_centro", "route_title": "Torino Nascosta nel Centro", "segment_id": "torino_nascosta_centro_05", "segment_index": 5, "from_artwork_id": "toro-muro", "to_artwork_id": "palle-cannone", "from_title": "T'ORO - Il Toro che esce dal muro", "to_title": "Le Palle di Cannone dell'Assedio", "profile": "foot-walking", "distance_m": 1300.5, "duration_min": 15.605, "notes": "Segmento generato automaticamente con ORS tra due tappe consecutive." }, "geometry": { "type": "Point", "coordinates": [ 7.682115, 45.0694568 ] } },
{ "type": "Feature", "properties": { "full_id": "n1198867441", "osm_id": "1198867441", "name": "Monte di Pietà", "service_type": "transport", "service_subtype": "bus_stop", "route_id": "torino_nascosta_centro", "route_title": "Torino Nascosta nel Centro", "segment_id": "torino_nascosta_centro_05", "segment_index": 5, "from_artwork_id": "toro-muro", "to_artwork_id": "palle-cannone", "from_title": "T'ORO - Il Toro che esce dal muro", "to_title": "Le Palle di Cannone dell'Assedio", "profile": "foot-walking", "distance_m": 1300.5, "duration_min": 15.605, "notes": "Segmento generato automaticamente con ORS tra due tappe consecutive." }, "geometry": { "type": "Point", "coordinates": [ 7.6799792, 45.071433 ] } },
{ "type": "Feature", "properties": { "full_id": "n1198867537", "osm_id": "1198867537", "name": "Corte d'Appello", "service_type": "transport", "service_subtype": "bus_stop", "route_id": "torino_nascosta_centro", "route_title": "Torino Nascosta nel Centro", "segment_id": "torino_nascosta_centro_05", "segment_index": 5, "from_artwork_id": "toro-muro", "to_artwork_id": "palle-cannone", "from_title": "T'ORO - Il Toro che esce dal muro", "to_title": "Le Palle di Cannone dell'Assedio", "profile": "foot-walking", "distance_m": 1300.5, "duration_min": 15.605, "notes": "Segmento generato automaticamente con ORS tra due tappe consecutive." }, "geometry": { "type": "Point", "coordinates": [ 7.6816014, 45.073721 ] } },
{ "type": "Feature", "properties": { "full_id": "n1198867662", "osm_id": "1198867662", "name": "Bertola", "service_type": "transport", "service_subtype": "bus_stop", "route_id": "torino_nascosta_centro", "route_title": "Torino Nascosta nel Centro", "segment_id": "torino_nascosta_centro_05", "segment_index": 5, "from_artwork_id": "toro-muro", "to_artwork_id": "palle-cannone", "from_title": "T'ORO - Il Toro che esce dal muro", "to_title": "Le Palle di Cannone dell'Assedio", "profile": "foot-walking", "distance_m": 1300.5, "duration_min": 15.605, "notes": "Segmento generato automaticamente con ORS tra due tappe consecutive." }, "geometry": { "type": "Point", "coordinates": [ 7.6807576, 45.0695671 ] } },
{ "type": "Feature", "properties": { "full_id": "n1262188506", "osm_id": "1262188506", "name": "Bertola Capolinea", "service_type": "transport", "service_subtype": "bus_stop", "route_id": "torino_nascosta_centro", "route_title": "Torino Nascosta nel Centro", "segment_id": "torino_nascosta_centro_05", "segment_index": 5, "from_artwork_id": "toro-muro", "to_artwork_id": "palle-cannone", "from_title": "T'ORO - Il Toro che esce dal muro", "to_title": "Le Palle di Cannone dell'Assedio", "profile": "foot-walking", "distance_m": 1300.5, "duration_min": 15.605, "notes": "Segmento generato automaticamente con ORS tra due tappe consecutive." }, "geometry": { "type": "Point", "coordinates": [ 7.6814445, 45.0699533 ] } },
{ "type": "Feature", "properties": { "full_id": "n1262197246", "osm_id": "1262197246", "name": "Bertola Capolinea", "service_type": "transport", "service_subtype": "bus_stop", "route_id": "torino_nascosta_centro", "route_title": "Torino Nascosta nel Centro", "segment_id": "torino_nascosta_centro_05", "segment_index": 5, "from_artwork_id": "toro-muro", "to_artwork_id": "palle-cannone", "from_title": "T'ORO - Il Toro che esce dal muro", "to_title": "Le Palle di Cannone dell'Assedio", "profile": "foot-walking", "distance_m": 1300.5, "duration_min": 15.605, "notes": "Segmento generato automaticamente con ORS tra due tappe consecutive." }, "geometry": { "type": "Point", "coordinates": [ 7.6819626, 45.0692868 ] } },
{ "type": "Feature", "properties": { "full_id": "n1262197678", "osm_id": "1262197678", "name": "Bertola", "service_type": "transport", "service_subtype": "bus_stop", "route_id": "torino_nascosta_centro", "route_title": "Torino Nascosta nel Centro", "segment_id": "torino_nascosta_centro_05", "segment_index": 5, "from_artwork_id": "toro-muro", "to_artwork_id": "palle-cannone", "from_title": "T'ORO - Il Toro che esce dal muro", "to_title": "Le Palle di Cannone dell'Assedio", "profile": "foot-walking", "distance_m": 1300.5, "duration_min": 15.605, "notes": "Segmento generato automaticamente con ORS tra due tappe consecutive." }, "geometry": { "type": "Point", "coordinates": [ 7.6813986, 45.0705169 ] } },
{ "type": "Feature", "properties": { "full_id": "n1262199749", "osm_id": "1262199749", "name": "Orfane", "service_type": "transport", "service_subtype": "bus_stop", "route_id": "torino_nascosta_centro", "route_title": "Torino Nascosta nel Centro", "segment_id": "torino_nascosta_centro_05", "segment_index": 5, "from_artwork_id": "toro-muro", "to_artwork_id": "palle-cannone", "from_title": "T'ORO - Il Toro che esce dal muro", "to_title": "Le Palle di Cannone dell'Assedio", "profile": "foot-walking", "distance_m": 1300.5, "duration_min": 15.605, "notes": "Segmento generato automaticamente con ORS tra due tappe consecutive." }, "geometry": { "type": "Point", "coordinates": [ 7.6792442, 45.0750431 ] } },
{ "type": "Feature", "properties": { "full_id": "n1262199772", "osm_id": "1262199772", "name": "Garibaldi", "service_type": "transport", "service_subtype": "bus_stop", "route_id": "torino_nascosta_centro", "route_title": "Torino Nascosta nel Centro", "segment_id": "torino_nascosta_centro_05", "segment_index": 5, "from_artwork_id": "toro-muro", "to_artwork_id": "palle-cannone", "from_title": "T'ORO - Il Toro che esce dal muro", "to_title": "Le Palle di Cannone dell'Assedio", "profile": "foot-walking", "distance_m": 1300.5, "duration_min": 15.605, "notes": "Segmento generato automaticamente con ORS tra due tappe consecutive." }, "geometry": { "type": "Point", "coordinates": [ 7.6767907, 45.0740377 ] } },
{ "type": "Feature", "properties": { "full_id": "n1262199811", "osm_id": "1262199811", "name": "Orfane", "service_type": "transport", "service_subtype": "bus_stop", "route_id": "torino_nascosta_centro", "route_title": "Torino Nascosta nel Centro", "segment_id": "torino_nascosta_centro_05", "segment_index": 5, "from_artwork_id": "toro-muro", "to_artwork_id": "palle-cannone", "from_title": "T'ORO - Il Toro che esce dal muro", "to_title": "Le Palle di Cannone dell'Assedio", "profile": "foot-walking", "distance_m": 1300.5, "duration_min": 15.605, "notes": "Segmento generato automaticamente con ORS tra due tappe consecutive." }, "geometry": { "type": "Point", "coordinates": [ 7.6784207, 45.0746107 ] } },
{ "type": "Feature", "properties": { "full_id": "n1262199837", "osm_id": "1262199837", "name": "Bertola Capolinea", "service_type": "transport", "service_subtype": "bus_stop", "route_id": "torino_nascosta_centro", "route_title": "Torino Nascosta nel Centro", "segment_id": "torino_nascosta_centro_05", "segment_index": 5, "from_artwork_id": "toro-muro", "to_artwork_id": "palle-cannone", "from_title": "T'ORO - Il Toro che esce dal muro", "to_title": "Le Palle di Cannone dell'Assedio", "profile": "foot-walking", "distance_m": 1300.5, "duration_min": 15.605, "notes": "Segmento generato automaticamente con ORS tra due tappe consecutive." }, "geometry": { "type": "Point", "coordinates": [ 7.6818623, 45.069801899999987 ] } },
{ "type": "Feature", "properties": { "full_id": "n1262208216", "osm_id": "1262208216", "name": "Milano", "service_type": "transport", "service_subtype": "bus_stop", "route_id": "torino_nascosta_centro", "route_title": "Torino Nascosta nel Centro", "segment_id": "torino_nascosta_centro_05", "segment_index": 5, "from_artwork_id": "toro-muro", "to_artwork_id": "palle-cannone", "from_title": "T'ORO - Il Toro che esce dal muro", "to_title": "Le Palle di Cannone dell'Assedio", "profile": "foot-walking", "distance_m": 1300.5, "duration_min": 15.605, "notes": "Segmento generato automaticamente con ORS tra due tappe consecutive." }, "geometry": { "type": "Point", "coordinates": [ 7.6816321, 45.0735306 ] } },
{ "type": "Feature", "properties": { "full_id": "n1262208315", "osm_id": "1262208315", "name": "San Domenico", "service_type": "transport", "service_subtype": "bus_stop", "route_id": "torino_nascosta_centro", "route_title": "Torino Nascosta nel Centro", "segment_id": "torino_nascosta_centro_05", "segment_index": 5, "from_artwork_id": "toro-muro", "to_artwork_id": "palle-cannone", "from_title": "T'ORO - Il Toro che esce dal muro", "to_title": "Le Palle di Cannone dell'Assedio", "profile": "foot-walking", "distance_m": 1300.5, "duration_min": 15.605, "notes": "Segmento generato automaticamente con ORS tra due tappe consecutive." }, "geometry": { "type": "Point", "coordinates": [ 7.677075, 45.0762087 ] } },
{ "type": "Feature", "properties": { "full_id": "n1262208401", "osm_id": "1262208401", "name": "Bertola", "service_type": "transport", "service_subtype": "bus_stop", "route_id": "torino_nascosta_centro", "route_title": "Torino Nascosta nel Centro", "segment_id": "torino_nascosta_centro_05", "segment_index": 5, "from_artwork_id": "toro-muro", "to_artwork_id": "palle-cannone", "from_title": "T'ORO - Il Toro che esce dal muro", "to_title": "Le Palle di Cannone dell'Assedio", "profile": "foot-walking", "distance_m": 1300.5, "duration_min": 15.605, "notes": "Segmento generato automaticamente con ORS tra due tappe consecutive." }, "geometry": { "type": "Point", "coordinates": [ 7.6804786, 45.0705149 ] } },
{ "type": "Feature", "properties": { "full_id": "n1262209446", "osm_id": "1262209446", "name": "Roma", "service_type": "transport", "service_subtype": "bus_stop", "route_id": "torino_nascosta_centro", "route_title": "Torino Nascosta nel Centro", "segment_id": "torino_nascosta_centro_05", "segment_index": 5, "from_artwork_id": "toro-muro", "to_artwork_id": "palle-cannone", "from_title": "T'ORO - Il Toro che esce dal muro", "to_title": "Le Palle di Cannone dell'Assedio", "profile": "foot-walking", "distance_m": 1300.5, "duration_min": 15.605, "notes": "Segmento generato automaticamente con ORS tra due tappe consecutive." }, "geometry": { "type": "Point", "coordinates": [ 7.6836535, 45.0681219 ] } },
{ "type": "Feature", "properties": { "full_id": "n1262209581", "osm_id": "1262209581", "name": "Bertola Capolinea", "service_type": "transport", "service_subtype": "bus_stop", "route_id": "torino_nascosta_centro", "route_title": "Torino Nascosta nel Centro", "segment_id": "torino_nascosta_centro_05", "segment_index": 5, "from_artwork_id": "toro-muro", "to_artwork_id": "palle-cannone", "from_title": "T'ORO - Il Toro che esce dal muro", "to_title": "Le Palle di Cannone dell'Assedio", "profile": "foot-walking", "distance_m": 1300.5, "duration_min": 15.605, "notes": "Segmento generato automaticamente con ORS tra due tappe consecutive." }, "geometry": { "type": "Point", "coordinates": [ 7.6816003, 45.069892 ] } },
{ "type": "Feature", "properties": { "full_id": "n1262212066", "osm_id": "1262212066", "name": "Giulio", "service_type": "transport", "service_subtype": "bus_stop", "route_id": "torino_nascosta_centro", "route_title": "Torino Nascosta nel Centro", "segment_id": "torino_nascosta_centro_05", "segment_index": 5, "from_artwork_id": "toro-muro", "to_artwork_id": "palle-cannone", "from_title": "T'ORO - Il Toro che esce dal muro", "to_title": "Le Palle di Cannone dell'Assedio", "profile": "foot-walking", "distance_m": 1300.5, "duration_min": 15.605, "notes": "Segmento generato automaticamente con ORS tra due tappe consecutive." }, "geometry": { "type": "Point", "coordinates": [ 7.6784914, 45.0765341 ] } },
{ "type": "Feature", "properties": { "full_id": "n1491228856", "osm_id": "1491228856", "name": "XX Settembre", "service_type": "transport", "service_subtype": "bus_stop", "route_id": "torino_nascosta_centro", "route_title": "Torino Nascosta nel Centro", "segment_id": "torino_nascosta_centro_05", "segment_index": 5, "from_artwork_id": "toro-muro", "to_artwork_id": "palle-cannone", "from_title": "T'ORO - Il Toro che esce dal muro", "to_title": "Le Palle di Cannone dell'Assedio", "profile": "foot-walking", "distance_m": 1300.5, "duration_min": 15.605, "notes": "Segmento generato automaticamente con ORS tra due tappe consecutive." }, "geometry": { "type": "Point", "coordinates": [ 7.6811625, 45.0689924 ] } },
{ "type": "Feature", "properties": { "full_id": "n941491471", "osm_id": "941491471", "name": "Corte d'Appello", "service_type": "transport", "service_subtype": "tram_stop", "route_id": "torino_nascosta_centro", "route_title": "Torino Nascosta nel Centro", "segment_id": "torino_nascosta_centro_05", "segment_index": 5, "from_artwork_id": "toro-muro", "to_artwork_id": "palle-cannone", "from_title": "T'ORO - Il Toro che esce dal muro", "to_title": "Le Palle di Cannone dell'Assedio", "profile": "foot-walking", "distance_m": 1300.5, "duration_min": 15.605, "notes": "Segmento generato automaticamente con ORS tra due tappe consecutive." }, "geometry": { "type": "Point", "coordinates": [ 7.6816175, 45.0737194 ] } },
{ "type": "Feature", "properties": { "full_id": "n941491545", "osm_id": "941491545", "name": "Bertola", "service_type": "transport", "service_subtype": "tram_stop", "route_id": "torino_nascosta_centro", "route_title": "Torino Nascosta nel Centro", "segment_id": "torino_nascosta_centro_05", "segment_index": 5, "from_artwork_id": "toro-muro", "to_artwork_id": "palle-cannone", "from_title": "T'ORO - Il Toro che esce dal muro", "to_title": "Le Palle di Cannone dell'Assedio", "profile": "foot-walking", "distance_m": 1300.5, "duration_min": 15.605, "notes": "Segmento generato automaticamente con ORS tra due tappe consecutive." }, "geometry": { "type": "Point", "coordinates": [ 7.6821508, 45.0694161 ] } },
{ "type": "Feature", "properties": { "full_id": "n941491637", "osm_id": "941491637", "name": "Bertola", "service_type": "transport", "service_subtype": "tram_stop", "route_id": "torino_nascosta_centro", "route_title": "Torino Nascosta nel Centro", "segment_id": "torino_nascosta_centro_05", "segment_index": 5, "from_artwork_id": "toro-muro", "to_artwork_id": "palle-cannone", "from_title": "T'ORO - Il Toro che esce dal muro", "to_title": "Le Palle di Cannone dell'Assedio", "profile": "foot-walking", "distance_m": 1300.5, "duration_min": 15.605, "notes": "Segmento generato automaticamente con ORS tra due tappe consecutive." }, "geometry": { "type": "Point", "coordinates": [ 7.6807949, 45.0695607 ] } },
{ "type": "Feature", "properties": { "full_id": "n941491939", "osm_id": "941491939", "name": "Monte di Pietà", "service_type": "transport", "service_subtype": "tram_stop", "route_id": "torino_nascosta_centro", "route_title": "Torino Nascosta nel Centro", "segment_id": "torino_nascosta_centro_05", "segment_index": 5, "from_artwork_id": "toro-muro", "to_artwork_id": "palle-cannone", "from_title": "T'ORO - Il Toro che esce dal muro", "to_title": "Le Palle di Cannone dell'Assedio", "profile": "foot-walking", "distance_m": 1300.5, "duration_min": 15.605, "notes": "Segmento generato automaticamente con ORS tra due tappe consecutive." }, "geometry": { "type": "Point", "coordinates": [ 7.6799862, 45.0714322 ] } },
{ "type": "Feature", "properties": { "full_id": "n1624209624", "osm_id": "1624209624", "name": "Bertola", "service_type": "transport", "service_subtype": "tram_stop", "route_id": "torino_nascosta_centro", "route_title": "Torino Nascosta nel Centro", "segment_id": "torino_nascosta_centro_05", "segment_index": 5, "from_artwork_id": "toro-muro", "to_artwork_id": "palle-cannone", "from_title": "T'ORO - Il Toro che esce dal muro", "to_title": "Le Palle di Cannone dell'Assedio", "profile": "foot-walking", "distance_m": 1300.5, "duration_min": 15.605, "notes": "Segmento generato automaticamente con ORS tra due tappe consecutive." }, "geometry": { "type": "Point", "coordinates": [ 7.6813947, 45.0705563 ] } },
{ "type": "Feature", "properties": { "full_id": "n1843302903", "osm_id": "1843302903", "name": "Bertola", "service_type": "transport", "service_subtype": "tram_stop", "route_id": "torino_nascosta_centro", "route_title": "Torino Nascosta nel Centro", "segment_id": "torino_nascosta_centro_05", "segment_index": 5, "from_artwork_id": "toro-muro", "to_artwork_id": "palle-cannone", "from_title": "T'ORO - Il Toro che esce dal muro", "to_title": "Le Palle di Cannone dell'Assedio", "profile": "foot-walking", "distance_m": 1300.5, "duration_min": 15.605, "notes": "Segmento generato automaticamente con ORS tra due tappe consecutive." }, "geometry": { "type": "Point", "coordinates": [ 7.6804823, 45.0705006 ] } },
{ "type": "Feature", "properties": { "full_id": "n12101484058", "osm_id": "12101484058", "name": "Bertola", "service_type": "transport", "service_subtype": "tram_stop", "route_id": "torino_nascosta_centro", "route_title": "Torino Nascosta nel Centro", "segment_id": "torino_nascosta_centro_05", "segment_index": 5, "from_artwork_id": "toro-muro", "to_artwork_id": "palle-cannone", "from_title": "T'ORO - Il Toro che esce dal muro", "to_title": "Le Palle di Cannone dell'Assedio", "profile": "foot-walking", "distance_m": 1300.5, "duration_min": 15.605, "notes": "Segmento generato automaticamente con ORS tra due tappe consecutive." }, "geometry": { "type": "Point", "coordinates": [ 7.6808041, 45.0695577 ] } },
{ "type": "Feature", "properties": { "full_id": "n2018175888", "osm_id": "2018175888", "name": "Caffetteria degli Angeli", "service_type": "food_drink", "service_subtype": "bar", "route_id": "torino_reale_monumentale", "route_title": "Torino Reale e Monumentale", "segment_id": "torino_reale_monumentale_01", "segment_index": 1, "from_artwork_id": "palazzo-madama", "to_artwork_id": "musei-reali", "from_title": "Palazzo Madama", "to_title": "Musei Reali", "profile": "foot-walking", "distance_m": 286.7, "duration_min": 3.4416666666666669, "notes": "Segmento generato automaticamente con ORS tra due tappe consecutive." }, "geometry": { "type": "Point", "coordinates": [ 7.6844502, 45.0728711 ] } },
{ "type": "Feature", "properties": { "full_id": "n2018175892", "osm_id": "2018175892", "name": "Duomo", "service_type": "food_drink", "service_subtype": "bar", "route_id": "torino_reale_monumentale", "route_title": "Torino Reale e Monumentale", "segment_id": "torino_reale_monumentale_01", "segment_index": 1, "from_artwork_id": "palazzo-madama", "to_artwork_id": "musei-reali", "from_title": "Palazzo Madama", "to_title": "Musei Reali", "profile": "foot-walking", "distance_m": 286.7, "duration_min": 3.4416666666666669, "notes": "Segmento generato automaticamente con ORS tra due tappe consecutive." }, "geometry": { "type": "Point", "coordinates": [ 7.6839762, 45.0724362 ] } },
{ "type": "Feature", "properties": { "full_id": "n2018175901", "osm_id": "2018175901", "name": null, "service_type": "food_drink", "service_subtype": "bar", "route_id": "torino_reale_monumentale", "route_title": "Torino Reale e Monumentale", "segment_id": "torino_reale_monumentale_01", "segment_index": 1, "from_artwork_id": "palazzo-madama", "to_artwork_id": "musei-reali", "from_title": "Palazzo Madama", "to_title": "Musei Reali", "profile": "foot-walking", "distance_m": 286.7, "duration_min": 3.4416666666666669, "notes": "Segmento generato automaticamente con ORS tra due tappe consecutive." }, "geometry": { "type": "Point", "coordinates": [ 7.6831045, 45.0711364 ] } },
{ "type": "Feature", "properties": { "full_id": "n2068288947", "osm_id": "2068288947", "name": "Bar Francia", "service_type": "food_drink", "service_subtype": "bar", "route_id": "torino_reale_monumentale", "route_title": "Torino Reale e Monumentale", "segment_id": "torino_reale_monumentale_01", "segment_index": 1, "from_artwork_id": "palazzo-madama", "to_artwork_id": "musei-reali", "from_title": "Palazzo Madama", "to_title": "Musei Reali", "profile": "foot-walking", "distance_m": 286.7, "duration_min": 3.4416666666666669, "notes": "Segmento generato automaticamente con ORS tra due tappe consecutive." }, "geometry": { "type": "Point", "coordinates": [ 7.6838406, 45.0715756 ] } },
{ "type": "Feature", "properties": { "full_id": "n3051586234", "osm_id": "3051586234", "name": "Caffe delle Scienze", "service_type": "food_drink", "service_subtype": "bar", "route_id": "torino_reale_monumentale", "route_title": "Torino Reale e Monumentale", "segment_id": "torino_reale_monumentale_01", "segment_index": 1, "from_artwork_id": "palazzo-madama", "to_artwork_id": "musei-reali", "from_title": "Palazzo Madama", "to_title": "Musei Reali", "profile": "foot-walking", "distance_m": 286.7, "duration_min": 3.4416666666666669, "notes": "Segmento generato automaticamente con ORS tra due tappe consecutive." }, "geometry": { "type": "Point", "coordinates": [ 7.6855724, 45.0699298 ] } },
{ "type": "Feature", "properties": { "full_id": "n4444014760", "osm_id": "4444014760", "name": "Bar Antica Piazza delle Erbe", "service_type": "food_drink", "service_subtype": "bar", "route_id": "torino_reale_monumentale", "route_title": "Torino Reale e Monumentale", "segment_id": "torino_reale_monumentale_01", "segment_index": 1, "from_artwork_id": "palazzo-madama", "to_artwork_id": "musei-reali", "from_title": "Palazzo Madama", "to_title": "Musei Reali", "profile": "foot-walking", "distance_m": 286.7, "duration_min": 3.4416666666666669, "notes": "Segmento generato automaticamente con ORS tra due tappe consecutive." }, "geometry": { "type": "Point", "coordinates": [ 7.6839889, 45.0721498 ] } },
{ "type": "Feature", "properties": { "full_id": "n4736052792", "osm_id": "4736052792", "name": "Bar Cavour", "service_type": "food_drink", "service_subtype": "bar", "route_id": "torino_reale_monumentale", "route_title": "Torino Reale e Monumentale", "segment_id": "torino_reale_monumentale_01", "segment_index": 1, "from_artwork_id": "palazzo-madama", "to_artwork_id": "musei-reali", "from_title": "Palazzo Madama", "to_title": "Musei Reali", "profile": "foot-walking", "distance_m": 286.7, "duration_min": 3.4416666666666669, "notes": "Segmento generato automaticamente con ORS tra due tappe consecutive." }, "geometry": { "type": "Point", "coordinates": [ 7.6849443, 45.0695715 ] } },
{ "type": "Feature", "properties": { "full_id": "n1487933346", "osm_id": "1487933346", "name": "Caffè Baratti e Milano", "service_type": "food_drink", "service_subtype": "cafe", "route_id": "torino_reale_monumentale", "route_title": "Torino Reale e Monumentale", "segment_id": "torino_reale_monumentale_01", "segment_index": 1, "from_artwork_id": "palazzo-madama", "to_artwork_id": "musei-reali", "from_title": "Palazzo Madama", "to_title": "Musei Reali", "profile": "foot-walking", "distance_m": 286.7, "duration_min": 3.4416666666666669, "notes": "Segmento generato automaticamente con ORS tra due tappe consecutive." }, "geometry": { "type": "Point", "coordinates": [ 7.6866058, 45.0697211 ] } },
{ "type": "Feature", "properties": { "full_id": "n2018175897", "osm_id": "2018175897", "name": "Cafè Perotti", "service_type": "food_drink", "service_subtype": "cafe", "route_id": "torino_reale_monumentale", "route_title": "Torino Reale e Monumentale", "segment_id": "torino_reale_monumentale_01", "segment_index": 1, "from_artwork_id": "palazzo-madama", "to_artwork_id": "musei-reali", "from_title": "Palazzo Madama", "to_title": "Musei Reali", "profile": "foot-walking", "distance_m": 286.7, "duration_min": 3.4416666666666669, "notes": "Segmento generato automaticamente con ORS tra due tappe consecutive." }, "geometry": { "type": "Point", "coordinates": [ 7.6832776, 45.0710671 ] } },
{ "type": "Feature", "properties": { "full_id": "n2026209249", "osm_id": "2026209249", "name": "Pepino", "service_type": "food_drink", "service_subtype": "cafe", "route_id": "torino_reale_monumentale", "route_title": "Torino Reale e Monumentale", "segment_id": "torino_reale_monumentale_01", "segment_index": 1, "from_artwork_id": "palazzo-madama", "to_artwork_id": "musei-reali", "from_title": "Palazzo Madama", "to_title": "Musei Reali", "profile": "foot-walking", "distance_m": 286.7, "duration_min": 3.4416666666666669, "notes": "Segmento generato automaticamente con ORS tra due tappe consecutive." }, "geometry": { "type": "Point", "coordinates": [ 7.6845851, 45.0690975 ] } },
{ "type": "Feature", "properties": { "full_id": "n2068316260", "osm_id": "2068316260", "name": "Cafe Savoia", "service_type": "food_drink", "service_subtype": "cafe", "route_id": "torino_reale_monumentale", "route_title": "Torino Reale e Monumentale", "segment_id": "torino_reale_monumentale_01", "segment_index": 1, "from_artwork_id": "palazzo-madama", "to_artwork_id": "musei-reali", "from_title": "Palazzo Madama", "to_title": "Musei Reali", "profile": "foot-walking", "distance_m": 286.7, "duration_min": 3.4416666666666669, "notes": "Segmento generato automaticamente con ORS tra due tappe consecutive." }, "geometry": { "type": "Point", "coordinates": [ 7.6842708, 45.0714108 ] } },
{ "type": "Feature", "properties": { "full_id": "n2068324878", "osm_id": "2068324878", "name": "Caffetteria Cristal", "service_type": "food_drink", "service_subtype": "cafe", "route_id": "torino_reale_monumentale", "route_title": "Torino Reale e Monumentale", "segment_id": "torino_reale_monumentale_01", "segment_index": 1, "from_artwork_id": "palazzo-madama", "to_artwork_id": "musei-reali", "from_title": "Palazzo Madama", "to_title": "Musei Reali", "profile": "foot-walking", "distance_m": 286.7, "duration_min": 3.4416666666666669, "notes": "Segmento generato automaticamente con ORS tra due tappe consecutive." }, "geometry": { "type": "Point", "coordinates": [ 7.6829921, 45.0701746 ] } },
{ "type": "Feature", "properties": { "full_id": "n3113566633", "osm_id": "3113566633", "name": "Farmacia del Cambio", "service_type": "food_drink", "service_subtype": "cafe", "route_id": "torino_reale_monumentale", "route_title": "Torino Reale e Monumentale", "segment_id": "torino_reale_monumentale_01", "segment_index": 1, "from_artwork_id": "palazzo-madama", "to_artwork_id": "musei-reali", "from_title": "Palazzo Madama", "to_title": "Musei Reali", "profile": "foot-walking", "distance_m": 286.7, "duration_min": 3.4416666666666669, "notes": "Segmento generato automaticamente con ORS tra due tappe consecutive." }, "geometry": { "type": "Point", "coordinates": [ 7.6849442, 45.0695933 ] } },
{ "type": "Feature", "properties": { "full_id": "n3363502752", "osm_id": "3363502752", "name": "Caffè Reale", "service_type": "food_drink", "service_subtype": "cafe", "route_id": "torino_reale_monumentale", "route_title": "Torino Reale e Monumentale", "segment_id": "torino_reale_monumentale_01", "segment_index": 1, "from_artwork_id": "palazzo-madama", "to_artwork_id": "musei-reali", "from_title": "Palazzo Madama", "to_title": "Musei Reali", "profile": "foot-walking", "distance_m": 286.7, "duration_min": 3.4416666666666669, "notes": "Segmento generato automaticamente con ORS tra due tappe consecutive." }, "geometry": { "type": "Point", "coordinates": [ 7.6859549, 45.0734691 ] } },
{ "type": "Feature", "properties": { "full_id": "n3774212366", "osm_id": "3774212366", "name": "Fiorio", "service_type": "food_drink", "service_subtype": "cafe", "route_id": "torino_reale_monumentale", "route_title": "Torino Reale e Monumentale", "segment_id": "torino_reale_monumentale_01", "segment_index": 1, "from_artwork_id": "palazzo-madama", "to_artwork_id": "musei-reali", "from_title": "Palazzo Madama", "to_title": "Musei Reali", "profile": "foot-walking", "distance_m": 286.7, "duration_min": 3.4416666666666669, "notes": "Segmento generato automaticamente con ORS tra due tappe consecutive." }, "geometry": { "type": "Point", "coordinates": [ 7.6844204, 45.0713398 ] } },
{ "type": "Feature", "properties": { "full_id": "n3898754185", "osm_id": "3898754185", "name": "Natura", "service_type": "food_drink", "service_subtype": "cafe", "route_id": "torino_reale_monumentale", "route_title": "Torino Reale e Monumentale", "segment_id": "torino_reale_monumentale_01", "segment_index": 1, "from_artwork_id": "palazzo-madama", "to_artwork_id": "musei-reali", "from_title": "Palazzo Madama", "to_title": "Musei Reali", "profile": "foot-walking", "distance_m": 286.7, "duration_min": 3.4416666666666669, "notes": "Segmento generato automaticamente con ORS tra due tappe consecutive." }, "geometry": { "type": "Point", "coordinates": [ 7.6873112, 45.0698573 ] } },
{ "type": "Feature", "properties": { "full_id": "n4736058970", "osm_id": "4736058970", "name": "Caffè Mulassano", "service_type": "food_drink", "service_subtype": "cafe", "route_id": "torino_reale_monumentale", "route_title": "Torino Reale e Monumentale", "segment_id": "torino_reale_monumentale_01", "segment_index": 1, "from_artwork_id": "palazzo-madama", "to_artwork_id": "musei-reali", "from_title": "Palazzo Madama", "to_title": "Musei Reali", "profile": "foot-walking", "distance_m": 286.7, "duration_min": 3.4416666666666669, "notes": "Segmento generato automaticamente con ORS tra due tappe consecutive." }, "geometry": { "type": "Point", "coordinates": [ 7.6868085, 45.0698461 ] } },
{ "type": "Feature", "properties": { "full_id": "n5117626883", "osm_id": "5117626883", "name": "Caffè Roberto", "service_type": "food_drink", "service_subtype": "cafe", "route_id": "torino_reale_monumentale", "route_title": "Torino Reale e Monumentale", "segment_id": "torino_reale_monumentale_01", "segment_index": 1, "from_artwork_id": "palazzo-madama", "to_artwork_id": "musei-reali", "from_title": "Palazzo Madama", "to_title": "Musei Reali", "profile": "foot-walking", "distance_m": 286.7, "duration_min": 3.4416666666666669, "notes": "Segmento generato automaticamente con ORS tra due tappe consecutive." }, "geometry": { "type": "Point", "coordinates": [ 7.6876447, 45.070017 ] } },
{ "type": "Feature", "properties": { "full_id": "n5941325187", "osm_id": "5941325187", "name": "Caffè Regio", "service_type": "food_drink", "service_subtype": "cafe", "route_id": "torino_reale_monumentale", "route_title": "Torino Reale e Monumentale", "segment_id": "torino_reale_monumentale_01", "segment_index": 1, "from_artwork_id": "palazzo-madama", "to_artwork_id": "musei-reali", "from_title": "Palazzo Madama", "to_title": "Musei Reali", "profile": "foot-walking", "distance_m": 286.7, "duration_min": 3.4416666666666669, "notes": "Segmento generato automaticamente con ORS tra due tappe consecutive." }, "geometry": { "type": "Point", "coordinates": [ 7.6875001, 45.0701076 ] } },
{ "type": "Feature", "properties": { "full_id": "n6960480385", "osm_id": "6960480385", "name": "Minimarket", "service_type": "food_drink", "service_subtype": "cafe", "route_id": "torino_reale_monumentale", "route_title": "Torino Reale e Monumentale", "segment_id": "torino_reale_monumentale_01", "segment_index": 1, "from_artwork_id": "palazzo-madama", "to_artwork_id": "musei-reali", "from_title": "Palazzo Madama", "to_title": "Musei Reali", "profile": "foot-walking", "distance_m": 286.7, "duration_min": 3.4416666666666669, "notes": "Segmento generato automaticamente con ORS tra due tappe consecutive." }, "geometry": { "type": "Point", "coordinates": [ 7.6840672, 45.0723034 ] } },
{ "type": "Feature", "properties": { "full_id": "n10803879306", "osm_id": "10803879306", "name": "Ziccat", "service_type": "food_drink", "service_subtype": "cafe", "route_id": "torino_reale_monumentale", "route_title": "Torino Reale e Monumentale", "segment_id": "torino_reale_monumentale_01", "segment_index": 1, "from_artwork_id": "palazzo-madama", "to_artwork_id": "musei-reali", "from_title": "Palazzo Madama", "to_title": "Musei Reali", "profile": "foot-walking", "distance_m": 286.7, "duration_min": 3.4416666666666669, "notes": "Segmento generato automaticamente con ORS tra due tappe consecutive." }, "geometry": { "type": "Point", "coordinates": [ 7.6831105, 45.0707844 ] } },
{ "type": "Feature", "properties": { "full_id": "n10951612316", "osm_id": "10951612316", "name": "Caffè Pietro Micca", "service_type": "food_drink", "service_subtype": "cafe", "route_id": "torino_reale_monumentale", "route_title": "Torino Reale e Monumentale", "segment_id": "torino_reale_monumentale_01", "segment_index": 1, "from_artwork_id": "palazzo-madama", "to_artwork_id": "musei-reali", "from_title": "Palazzo Madama", "to_title": "Musei Reali", "profile": "foot-walking", "distance_m": 286.7, "duration_min": 3.4416666666666669, "notes": "Segmento generato automaticamente con ORS tra due tappe consecutive." }, "geometry": { "type": "Point", "coordinates": [ 7.6826506, 45.0707723 ] } },
{ "type": "Feature", "properties": { "full_id": "n11061384926", "osm_id": "11061384926", "name": "Oro puro", "service_type": "food_drink", "service_subtype": "cafe", "route_id": "torino_reale_monumentale", "route_title": "Torino Reale e Monumentale", "segment_id": "torino_reale_monumentale_01", "segment_index": 1, "from_artwork_id": "palazzo-madama", "to_artwork_id": "musei-reali", "from_title": "Palazzo Madama", "to_title": "Musei Reali", "profile": "foot-walking", "distance_m": 286.7, "duration_min": 3.4416666666666669, "notes": "Segmento generato automaticamente con ORS tra due tappe consecutive." }, "geometry": { "type": "Point", "coordinates": [ 7.6835753, 45.0718437 ] } },
{ "type": "Feature", "properties": { "full_id": "n11078624682", "osm_id": "11078624682", "name": "D.A.F.", "service_type": "food_drink", "service_subtype": "cafe", "route_id": "torino_reale_monumentale", "route_title": "Torino Reale e Monumentale", "segment_id": "torino_reale_monumentale_01", "segment_index": 1, "from_artwork_id": "palazzo-madama", "to_artwork_id": "musei-reali", "from_title": "Palazzo Madama", "to_title": "Musei Reali", "profile": "foot-walking", "distance_m": 286.7, "duration_min": 3.4416666666666669, "notes": "Segmento generato automaticamente con ORS tra due tappe consecutive." }, "geometry": { "type": "Point", "coordinates": [ 7.6836704, 45.070951099999988 ] } },
{ "type": "Feature", "properties": { "full_id": "n11328855589", "osm_id": "11328855589", "name": "Bar Stampa", "service_type": "food_drink", "service_subtype": "cafe", "route_id": "torino_reale_monumentale", "route_title": "Torino Reale e Monumentale", "segment_id": "torino_reale_monumentale_01", "segment_index": 1, "from_artwork_id": "palazzo-madama", "to_artwork_id": "musei-reali", "from_title": "Palazzo Madama", "to_title": "Musei Reali", "profile": "foot-walking", "distance_m": 286.7, "duration_min": 3.4416666666666669, "notes": "Segmento generato automaticamente con ORS tra due tappe consecutive." }, "geometry": { "type": "Point", "coordinates": [ 7.6833762, 45.069388100000012 ] } },
{ "type": "Feature", "properties": { "full_id": "n11346897170", "osm_id": "11346897170", "name": "Luxery caffe Baki", "service_type": "food_drink", "service_subtype": "cafe", "route_id": "torino_reale_monumentale", "route_title": "Torino Reale e Monumentale", "segment_id": "torino_reale_monumentale_01", "segment_index": 1, "from_artwork_id": "palazzo-madama", "to_artwork_id": "musei-reali", "from_title": "Palazzo Madama", "to_title": "Musei Reali", "profile": "foot-walking", "distance_m": 286.7, "duration_min": 3.4416666666666669, "notes": "Segmento generato automaticamente con ORS tra due tappe consecutive." }, "geometry": { "type": "Point", "coordinates": [ 7.6832209, 45.0698347 ] } },
{ "type": "Feature", "properties": { "full_id": "n12165781942", "osm_id": "12165781942", "name": "Caffé Roberto", "service_type": "food_drink", "service_subtype": "cafe", "route_id": "torino_reale_monumentale", "route_title": "Torino Reale e Monumentale", "segment_id": "torino_reale_monumentale_01", "segment_index": 1, "from_artwork_id": "palazzo-madama", "to_artwork_id": "musei-reali", "from_title": "Palazzo Madama", "to_title": "Musei Reali", "profile": "foot-walking", "distance_m": 286.7, "duration_min": 3.4416666666666669, "notes": "Segmento generato automaticamente con ORS tra due tappe consecutive." }, "geometry": { "type": "Point", "coordinates": [ 7.6876276, 45.0701605 ] } },
{ "type": "Feature", "properties": { "full_id": "n2066108535", "osm_id": "2066108535", "name": "Grom", "service_type": "food_drink", "service_subtype": "ice_cream", "route_id": "torino_reale_monumentale", "route_title": "Torino Reale e Monumentale", "segment_id": "torino_reale_monumentale_01", "segment_index": 1, "from_artwork_id": "palazzo-madama", "to_artwork_id": "musei-reali", "from_title": "Palazzo Madama", "to_title": "Musei Reali", "profile": "foot-walking", "distance_m": 286.7, "duration_min": 3.4416666666666669, "notes": "Segmento generato automaticamente con ORS tra due tappe consecutive." }, "geometry": { "type": "Point", "coordinates": [ 7.6854243, 45.0697549 ] } },
{ "type": "Feature", "properties": { "full_id": "n4736058939", "osm_id": "4736058939", "name": "Menodiciotto", "service_type": "food_drink", "service_subtype": "ice_cream", "route_id": "torino_reale_monumentale", "route_title": "Torino Reale e Monumentale", "segment_id": "torino_reale_monumentale_01", "segment_index": 1, "from_artwork_id": "palazzo-madama", "to_artwork_id": "musei-reali", "from_title": "Palazzo Madama", "to_title": "Musei Reali", "profile": "foot-walking", "distance_m": 286.7, "duration_min": 3.4416666666666669, "notes": "Segmento generato automaticamente con ORS tra due tappe consecutive." }, "geometry": { "type": "Point", "coordinates": [ 7.6856669, 45.070122 ] } },
{ "type": "Feature", "properties": { "full_id": "n4836095522", "osm_id": "4836095522", "name": "Gelateria Vanilla", "service_type": "food_drink", "service_subtype": "ice_cream", "route_id": "torino_reale_monumentale", "route_title": "Torino Reale e Monumentale", "segment_id": "torino_reale_monumentale_01", "segment_index": 1, "from_artwork_id": "palazzo-madama", "to_artwork_id": "musei-reali", "from_title": "Palazzo Madama", "to_title": "Musei Reali", "profile": "foot-walking", "distance_m": 286.7, "duration_min": 3.4416666666666669, "notes": "Segmento generato automaticamente con ORS tra due tappe consecutive." }, "geometry": { "type": "Point", "coordinates": [ 7.6843549, 45.0720345 ] } },
{ "type": "Feature", "properties": { "full_id": "n5772775526", "osm_id": "5772775526", "name": "+ di un gelato", "service_type": "food_drink", "service_subtype": "ice_cream", "route_id": "torino_reale_monumentale", "route_title": "Torino Reale e Monumentale", "segment_id": "torino_reale_monumentale_01", "segment_index": 1, "from_artwork_id": "palazzo-madama", "to_artwork_id": "musei-reali", "from_title": "Palazzo Madama", "to_title": "Musei Reali", "profile": "foot-walking", "distance_m": 286.7, "duration_min": 3.4416666666666669, "notes": "Segmento generato automaticamente con ORS tra due tappe consecutive." }, "geometry": { "type": "Point", "coordinates": [ 7.6856271, 45.0694617 ] } },
{ "type": "Feature", "properties": { "full_id": "n1198867556", "osm_id": "1198867556", "name": "Garibaldi", "service_type": "transport", "service_subtype": "bus_stop", "route_id": "torino_reale_monumentale", "route_title": "Torino Reale e Monumentale", "segment_id": "torino_reale_monumentale_01", "segment_index": 1, "from_artwork_id": "palazzo-madama", "to_artwork_id": "musei-reali", "from_title": "Palazzo Madama", "to_title": "Musei Reali", "profile": "foot-walking", "distance_m": 286.7, "duration_min": 3.4416666666666669, "notes": "Segmento generato automaticamente con ORS tra due tappe consecutive." }, "geometry": { "type": "Point", "coordinates": [ 7.6837258, 45.0718764 ] } },
{ "type": "Feature", "properties": { "full_id": "n1262190131", "osm_id": "1262190131", "name": "Castello", "service_type": "transport", "service_subtype": "bus_stop", "route_id": "torino_reale_monumentale", "route_title": "Torino Reale e Monumentale", "segment_id": "torino_reale_monumentale_01", "segment_index": 1, "from_artwork_id": "palazzo-madama", "to_artwork_id": "musei-reali", "from_title": "Palazzo Madama", "to_title": "Musei Reali", "profile": "foot-walking", "distance_m": 286.7, "duration_min": 3.4416666666666669, "notes": "Segmento generato automaticamente con ORS tra due tappe consecutive." }, "geometry": { "type": "Point", "coordinates": [ 7.6853713, 45.0703952 ] } },
{ "type": "Feature", "properties": { "full_id": "n1262207476", "osm_id": "1262207476", "name": "Castello", "service_type": "transport", "service_subtype": "bus_stop", "route_id": "torino_reale_monumentale", "route_title": "Torino Reale e Monumentale", "segment_id": "torino_reale_monumentale_01", "segment_index": 1, "from_artwork_id": "palazzo-madama", "to_artwork_id": "musei-reali", "from_title": "Palazzo Madama", "to_title": "Musei Reali", "profile": "foot-walking", "distance_m": 286.7, "duration_min": 3.4416666666666669, "notes": "Segmento generato automaticamente con ORS tra due tappe consecutive." }, "geometry": { "type": "Point", "coordinates": [ 7.6849471, 45.0706322 ] } },
{ "type": "Feature", "properties": { "full_id": "n1491228854", "osm_id": "1491228854", "name": "Piazza Castello", "service_type": "transport", "service_subtype": "bus_stop", "route_id": "torino_reale_monumentale", "route_title": "Torino Reale e Monumentale", "segment_id": "torino_reale_monumentale_01", "segment_index": 1, "from_artwork_id": "palazzo-madama", "to_artwork_id": "musei-reali", "from_title": "Palazzo Madama", "to_title": "Musei Reali", "profile": "foot-walking", "distance_m": 286.7, "duration_min": 3.4416666666666669, "notes": "Segmento generato automaticamente con ORS tra due tappe consecutive." }, "geometry": { "type": "Point", "coordinates": [ 7.6865906, 45.0700846 ] } },
{ "type": "Feature", "properties": { "full_id": "n11657164483", "osm_id": "11657164483", "name": "Castello Est Capolinea", "service_type": "transport", "service_subtype": "bus_stop", "route_id": "torino_reale_monumentale", "route_title": "Torino Reale e Monumentale", "segment_id": "torino_reale_monumentale_01", "segment_index": 1, "from_artwork_id": "palazzo-madama", "to_artwork_id": "musei-reali", "from_title": "Palazzo Madama", "to_title": "Musei Reali", "profile": "foot-walking", "distance_m": 286.7, "duration_min": 3.4416666666666669, "notes": "Segmento generato automaticamente con ORS tra due tappe consecutive." }, "geometry": { "type": "Point", "coordinates": [ 7.6870212, 45.0708299 ] } },
{ "type": "Feature", "properties": { "full_id": "n11657164484", "osm_id": "11657164484", "name": "Castello Capolinea", "service_type": "transport", "service_subtype": "bus_stop", "route_id": "torino_reale_monumentale", "route_title": "Torino Reale e Monumentale", "segment_id": "torino_reale_monumentale_01", "segment_index": 1, "from_artwork_id": "palazzo-madama", "to_artwork_id": "musei-reali", "from_title": "Palazzo Madama", "to_title": "Musei Reali", "profile": "foot-walking", "distance_m": 286.7, "duration_min": 3.4416666666666669, "notes": "Segmento generato automaticamente con ORS tra due tappe consecutive." }, "geometry": { "type": "Point", "coordinates": [ 7.6868105, 45.0707193 ] } },
{ "type": "Feature", "properties": { "full_id": "n943330768", "osm_id": "943330768", "name": "Castello", "service_type": "transport", "service_subtype": "tram_stop", "route_id": "torino_reale_monumentale", "route_title": "Torino Reale e Monumentale", "segment_id": "torino_reale_monumentale_01", "segment_index": 1, "from_artwork_id": "palazzo-madama", "to_artwork_id": "musei-reali", "from_title": "Palazzo Madama", "to_title": "Musei Reali", "profile": "foot-walking", "distance_m": 286.7, "duration_min": 3.4416666666666669, "notes": "Segmento generato automaticamente con ORS tra due tappe consecutive." }, "geometry": { "type": "Point", "coordinates": [ 7.6853867, 45.0704138 ] } },
{ "type": "Feature", "properties": { "full_id": "n1167320980", "osm_id": "1167320980", "name": "Garibaldi", "service_type": "transport", "service_subtype": "tram_stop", "route_id": "torino_reale_monumentale", "route_title": "Torino Reale e Monumentale", "segment_id": "torino_reale_monumentale_01", "segment_index": 1, "from_artwork_id": "palazzo-madama", "to_artwork_id": "musei-reali", "from_title": "Palazzo Madama", "to_title": "Musei Reali", "profile": "foot-walking", "distance_m": 286.7, "duration_min": 3.4416666666666669, "notes": "Segmento generato automaticamente con ORS tra due tappe consecutive." }, "geometry": { "type": "Point", "coordinates": [ 7.6837141, 45.0718796 ] } },
{ "type": "Feature", "properties": { "full_id": "n1229263851", "osm_id": "1229263851", "name": "Castello Capolinea", "service_type": "transport", "service_subtype": "tram_stop", "route_id": "torino_reale_monumentale", "route_title": "Torino Reale e Monumentale", "segment_id": "torino_reale_monumentale_01", "segment_index": 1, "from_artwork_id": "palazzo-madama", "to_artwork_id": "musei-reali", "from_title": "Palazzo Madama", "to_title": "Musei Reali", "profile": "foot-walking", "distance_m": 286.7, "duration_min": 3.4416666666666669, "notes": "Segmento generato automaticamente con ORS tra due tappe consecutive." }, "geometry": { "type": "Point", "coordinates": [ 7.6868499, 45.0707242 ] } },
{ "type": "Feature", "properties": { "full_id": "n1370347434", "osm_id": "1370347434", "name": "Castello", "service_type": "transport", "service_subtype": "tram_stop", "route_id": "torino_reale_monumentale", "route_title": "Torino Reale e Monumentale", "segment_id": "torino_reale_monumentale_01", "segment_index": 1, "from_artwork_id": "palazzo-madama", "to_artwork_id": "musei-reali", "from_title": "Palazzo Madama", "to_title": "Musei Reali", "profile": "foot-walking", "distance_m": 286.7, "duration_min": 3.4416666666666669, "notes": "Segmento generato automaticamente con ORS tra due tappe consecutive." }, "geometry": { "type": "Point", "coordinates": [ 7.6849195, 45.0706137 ] } },
{ "type": "Feature", "properties": { "full_id": "n1370347438", "osm_id": "1370347438", "name": "Castello Est Capolinea", "service_type": "transport", "service_subtype": "tram_stop", "route_id": "torino_reale_monumentale", "route_title": "Torino Reale e Monumentale", "segment_id": "torino_reale_monumentale_01", "segment_index": 1, "from_artwork_id": "palazzo-madama", "to_artwork_id": "musei-reali", "from_title": "Palazzo Madama", "to_title": "Musei Reali", "profile": "foot-walking", "distance_m": 286.7, "duration_min": 3.4416666666666669, "notes": "Segmento generato automaticamente con ORS tra due tappe consecutive." }, "geometry": { "type": "Point", "coordinates": [ 7.6869898, 45.0708538 ] } },
{ "type": "Feature", "properties": { "full_id": "n2018175888", "osm_id": "2018175888", "name": "Caffetteria degli Angeli", "service_type": "food_drink", "service_subtype": "bar", "route_id": "torino_reale_monumentale", "route_title": "Torino Reale e Monumentale", "segment_id": "torino_reale_monumentale_02", "segment_index": 2, "from_artwork_id": "musei-reali", "to_artwork_id": "cappella-sindone", "from_title": "Musei Reali", "to_title": "Cappella della Sacra Sindone", "profile": "foot-walking", "distance_m": 95.9, "duration_min": 1.15, "notes": "Segmento generato automaticamente con ORS tra due tappe consecutive." }, "geometry": { "type": "Point", "coordinates": [ 7.6844502, 45.0728711 ] } },
{ "type": "Feature", "properties": { "full_id": "n2018175892", "osm_id": "2018175892", "name": "Duomo", "service_type": "food_drink", "service_subtype": "bar", "route_id": "torino_reale_monumentale", "route_title": "Torino Reale e Monumentale", "segment_id": "torino_reale_monumentale_02", "segment_index": 2, "from_artwork_id": "musei-reali", "to_artwork_id": "cappella-sindone", "from_title": "Musei Reali", "to_title": "Cappella della Sacra Sindone", "profile": "foot-walking", "distance_m": 95.9, "duration_min": 1.15, "notes": "Segmento generato automaticamente con ORS tra due tappe consecutive." }, "geometry": { "type": "Point", "coordinates": [ 7.6839762, 45.0724362 ] } },
{ "type": "Feature", "properties": { "full_id": "n2068288947", "osm_id": "2068288947", "name": "Bar Francia", "service_type": "food_drink", "service_subtype": "bar", "route_id": "torino_reale_monumentale", "route_title": "Torino Reale e Monumentale", "segment_id": "torino_reale_monumentale_02", "segment_index": 2, "from_artwork_id": "musei-reali", "to_artwork_id": "cappella-sindone", "from_title": "Musei Reali", "to_title": "Cappella della Sacra Sindone", "profile": "foot-walking", "distance_m": 95.9, "duration_min": 1.15, "notes": "Segmento generato automaticamente con ORS tra due tappe consecutive." }, "geometry": { "type": "Point", "coordinates": [ 7.6838406, 45.0715756 ] } },
{ "type": "Feature", "properties": { "full_id": "n4444014760", "osm_id": "4444014760", "name": "Bar Antica Piazza delle Erbe", "service_type": "food_drink", "service_subtype": "bar", "route_id": "torino_reale_monumentale", "route_title": "Torino Reale e Monumentale", "segment_id": "torino_reale_monumentale_02", "segment_index": 2, "from_artwork_id": "musei-reali", "to_artwork_id": "cappella-sindone", "from_title": "Musei Reali", "to_title": "Cappella della Sacra Sindone", "profile": "foot-walking", "distance_m": 95.9, "duration_min": 1.15, "notes": "Segmento generato automaticamente con ORS tra due tappe consecutive." }, "geometry": { "type": "Point", "coordinates": [ 7.6839889, 45.0721498 ] } },
{ "type": "Feature", "properties": { "full_id": "n2068316260", "osm_id": "2068316260", "name": "Cafe Savoia", "service_type": "food_drink", "service_subtype": "cafe", "route_id": "torino_reale_monumentale", "route_title": "Torino Reale e Monumentale", "segment_id": "torino_reale_monumentale_02", "segment_index": 2, "from_artwork_id": "musei-reali", "to_artwork_id": "cappella-sindone", "from_title": "Musei Reali", "to_title": "Cappella della Sacra Sindone", "profile": "foot-walking", "distance_m": 95.9, "duration_min": 1.15, "notes": "Segmento generato automaticamente con ORS tra due tappe consecutive." }, "geometry": { "type": "Point", "coordinates": [ 7.6842708, 45.0714108 ] } },
{ "type": "Feature", "properties": { "full_id": "n3363502752", "osm_id": "3363502752", "name": "Caffè Reale", "service_type": "food_drink", "service_subtype": "cafe", "route_id": "torino_reale_monumentale", "route_title": "Torino Reale e Monumentale", "segment_id": "torino_reale_monumentale_02", "segment_index": 2, "from_artwork_id": "musei-reali", "to_artwork_id": "cappella-sindone", "from_title": "Musei Reali", "to_title": "Cappella della Sacra Sindone", "profile": "foot-walking", "distance_m": 95.9, "duration_min": 1.15, "notes": "Segmento generato automaticamente con ORS tra due tappe consecutive." }, "geometry": { "type": "Point", "coordinates": [ 7.6859549, 45.0734691 ] } },
{ "type": "Feature", "properties": { "full_id": "n3774212366", "osm_id": "3774212366", "name": "Fiorio", "service_type": "food_drink", "service_subtype": "cafe", "route_id": "torino_reale_monumentale", "route_title": "Torino Reale e Monumentale", "segment_id": "torino_reale_monumentale_02", "segment_index": 2, "from_artwork_id": "musei-reali", "to_artwork_id": "cappella-sindone", "from_title": "Musei Reali", "to_title": "Cappella della Sacra Sindone", "profile": "foot-walking", "distance_m": 95.9, "duration_min": 1.15, "notes": "Segmento generato automaticamente con ORS tra due tappe consecutive." }, "geometry": { "type": "Point", "coordinates": [ 7.6844204, 45.0713398 ] } },
{ "type": "Feature", "properties": { "full_id": "n6960480385", "osm_id": "6960480385", "name": "Minimarket", "service_type": "food_drink", "service_subtype": "cafe", "route_id": "torino_reale_monumentale", "route_title": "Torino Reale e Monumentale", "segment_id": "torino_reale_monumentale_02", "segment_index": 2, "from_artwork_id": "musei-reali", "to_artwork_id": "cappella-sindone", "from_title": "Musei Reali", "to_title": "Cappella della Sacra Sindone", "profile": "foot-walking", "distance_m": 95.9, "duration_min": 1.15, "notes": "Segmento generato automaticamente con ORS tra due tappe consecutive." }, "geometry": { "type": "Point", "coordinates": [ 7.6840672, 45.0723034 ] } },
{ "type": "Feature", "properties": { "full_id": "n4836095522", "osm_id": "4836095522", "name": "Gelateria Vanilla", "service_type": "food_drink", "service_subtype": "ice_cream", "route_id": "torino_reale_monumentale", "route_title": "Torino Reale e Monumentale", "segment_id": "torino_reale_monumentale_02", "segment_index": 2, "from_artwork_id": "musei-reali", "to_artwork_id": "cappella-sindone", "from_title": "Musei Reali", "to_title": "Cappella della Sacra Sindone", "profile": "foot-walking", "distance_m": 95.9, "duration_min": 1.15, "notes": "Segmento generato automaticamente con ORS tra due tappe consecutive." }, "geometry": { "type": "Point", "coordinates": [ 7.6843549, 45.0720345 ] } },
{ "type": "Feature", "properties": { "full_id": "n1198867556", "osm_id": "1198867556", "name": "Garibaldi", "service_type": "transport", "service_subtype": "bus_stop", "route_id": "torino_reale_monumentale", "route_title": "Torino Reale e Monumentale", "segment_id": "torino_reale_monumentale_02", "segment_index": 2, "from_artwork_id": "musei-reali", "to_artwork_id": "cappella-sindone", "from_title": "Musei Reali", "to_title": "Cappella della Sacra Sindone", "profile": "foot-walking", "distance_m": 95.9, "duration_min": 1.15, "notes": "Segmento generato automaticamente con ORS tra due tappe consecutive." }, "geometry": { "type": "Point", "coordinates": [ 7.6837258, 45.0718764 ] } },
{ "type": "Feature", "properties": { "full_id": "n1198867687", "osm_id": "1198867687", "name": "Duomo - Musei Reali", "service_type": "transport", "service_subtype": "bus_stop", "route_id": "torino_reale_monumentale", "route_title": "Torino Reale e Monumentale", "segment_id": "torino_reale_monumentale_02", "segment_index": 2, "from_artwork_id": "musei-reali", "to_artwork_id": "cappella-sindone", "from_title": "Musei Reali", "to_title": "Cappella della Sacra Sindone", "profile": "foot-walking", "distance_m": 95.9, "duration_min": 1.15, "notes": "Segmento generato automaticamente con ORS tra due tappe consecutive." }, "geometry": { "type": "Point", "coordinates": [ 7.6853037, 45.0743182 ] } },
{ "type": "Feature", "properties": { "full_id": "n941491730", "osm_id": "941491730", "name": "Duomo - Musei Reali", "service_type": "transport", "service_subtype": "tram_stop", "route_id": "torino_reale_monumentale", "route_title": "Torino Reale e Monumentale", "segment_id": "torino_reale_monumentale_02", "segment_index": 2, "from_artwork_id": "musei-reali", "to_artwork_id": "cappella-sindone", "from_title": "Musei Reali", "to_title": "Cappella della Sacra Sindone", "profile": "foot-walking", "distance_m": 95.9, "duration_min": 1.15, "notes": "Segmento generato automaticamente con ORS tra due tappe consecutive." }, "geometry": { "type": "Point", "coordinates": [ 7.6852852, 45.0743305 ] } },
{ "type": "Feature", "properties": { "full_id": "n1167320980", "osm_id": "1167320980", "name": "Garibaldi", "service_type": "transport", "service_subtype": "tram_stop", "route_id": "torino_reale_monumentale", "route_title": "Torino Reale e Monumentale", "segment_id": "torino_reale_monumentale_02", "segment_index": 2, "from_artwork_id": "musei-reali", "to_artwork_id": "cappella-sindone", "from_title": "Musei Reali", "to_title": "Cappella della Sacra Sindone", "profile": "foot-walking", "distance_m": 95.9, "duration_min": 1.15, "notes": "Segmento generato automaticamente con ORS tra due tappe consecutive." }, "geometry": { "type": "Point", "coordinates": [ 7.6837141, 45.0718796 ] } },
{ "type": "Feature", "properties": { "full_id": "n1370347438", "osm_id": "1370347438", "name": "Castello Est Capolinea", "service_type": "transport", "service_subtype": "tram_stop", "route_id": "torino_reale_monumentale", "route_title": "Torino Reale e Monumentale", "segment_id": "torino_reale_monumentale_02", "segment_index": 2, "from_artwork_id": "musei-reali", "to_artwork_id": "cappella-sindone", "from_title": "Musei Reali", "to_title": "Cappella della Sacra Sindone", "profile": "foot-walking", "distance_m": 95.9, "duration_min": 1.15, "notes": "Segmento generato automaticamente con ORS tra due tappe consecutive." }, "geometry": { "type": "Point", "coordinates": [ 7.6869898, 45.0708538 ] } },
{ "type": "Feature", "properties": { "full_id": "n2018175888", "osm_id": "2018175888", "name": "Caffetteria degli Angeli", "service_type": "food_drink", "service_subtype": "bar", "route_id": "torino_reale_monumentale", "route_title": "Torino Reale e Monumentale", "segment_id": "torino_reale_monumentale_03", "segment_index": 3, "from_artwork_id": "cappella-sindone", "to_artwork_id": "porta-palatina", "from_title": "Cappella della Sacra Sindone", "to_title": "Porta Palatina", "profile": "foot-walking", "distance_m": 467.3, "duration_min": 5.6083333333333334, "notes": "Segmento generato automaticamente con ORS tra due tappe consecutive." }, "geometry": { "type": "Point", "coordinates": [ 7.6844502, 45.0728711 ] } },
{ "type": "Feature", "properties": { "full_id": "n2018175892", "osm_id": "2018175892", "name": "Duomo", "service_type": "food_drink", "service_subtype": "bar", "route_id": "torino_reale_monumentale", "route_title": "Torino Reale e Monumentale", "segment_id": "torino_reale_monumentale_03", "segment_index": 3, "from_artwork_id": "cappella-sindone", "to_artwork_id": "porta-palatina", "from_title": "Cappella della Sacra Sindone", "to_title": "Porta Palatina", "profile": "foot-walking", "distance_m": 467.3, "duration_min": 5.6083333333333334, "notes": "Segmento generato automaticamente con ORS tra due tappe consecutive." }, "geometry": { "type": "Point", "coordinates": [ 7.6839762, 45.0724362 ] } },
{ "type": "Feature", "properties": { "full_id": "n2068288947", "osm_id": "2068288947", "name": "Bar Francia", "service_type": "food_drink", "service_subtype": "bar", "route_id": "torino_reale_monumentale", "route_title": "Torino Reale e Monumentale", "segment_id": "torino_reale_monumentale_03", "segment_index": 3, "from_artwork_id": "cappella-sindone", "to_artwork_id": "porta-palatina", "from_title": "Cappella della Sacra Sindone", "to_title": "Porta Palatina", "profile": "foot-walking", "distance_m": 467.3, "duration_min": 5.6083333333333334, "notes": "Segmento generato automaticamente con ORS tra due tappe consecutive." }, "geometry": { "type": "Point", "coordinates": [ 7.6838406, 45.0715756 ] } },
{ "type": "Feature", "properties": { "full_id": "n4408801352", "osm_id": "4408801352", "name": "Ingrosso Minuto", "service_type": "food_drink", "service_subtype": "bar", "route_id": "torino_reale_monumentale", "route_title": "Torino Reale e Monumentale", "segment_id": "torino_reale_monumentale_03", "segment_index": 3, "from_artwork_id": "cappella-sindone", "to_artwork_id": "porta-palatina", "from_title": "Cappella della Sacra Sindone", "to_title": "Porta Palatina", "profile": "foot-walking", "distance_m": 467.3, "duration_min": 5.6083333333333334, "notes": "Segmento generato automaticamente con ORS tra due tappe consecutive." }, "geometry": { "type": "Point", "coordinates": [ 7.6830378, 45.0746377 ] } },
{ "type": "Feature", "properties": { "full_id": "n4443922515", "osm_id": "4443922515", "name": null, "service_type": "food_drink", "service_subtype": "bar", "route_id": "torino_reale_monumentale", "route_title": "Torino Reale e Monumentale", "segment_id": "torino_reale_monumentale_03", "segment_index": 3, "from_artwork_id": "cappella-sindone", "to_artwork_id": "porta-palatina", "from_title": "Cappella della Sacra Sindone", "to_title": "Porta Palatina", "profile": "foot-walking", "distance_m": 467.3, "duration_min": 5.6083333333333334, "notes": "Segmento generato automaticamente con ORS tra due tappe consecutive." }, "geometry": { "type": "Point", "coordinates": [ 7.6830678, 45.073682200000015 ] } },
{ "type": "Feature", "properties": { "full_id": "n4444014760", "osm_id": "4444014760", "name": "Bar Antica Piazza delle Erbe", "service_type": "food_drink", "service_subtype": "bar", "route_id": "torino_reale_monumentale", "route_title": "Torino Reale e Monumentale", "segment_id": "torino_reale_monumentale_03", "segment_index": 3, "from_artwork_id": "cappella-sindone", "to_artwork_id": "porta-palatina", "from_title": "Cappella della Sacra Sindone", "to_title": "Porta Palatina", "profile": "foot-walking", "distance_m": 467.3, "duration_min": 5.6083333333333334, "notes": "Segmento generato automaticamente con ORS tra due tappe consecutive." }, "geometry": { "type": "Point", "coordinates": [ 7.6839889, 45.0721498 ] } },
{ "type": "Feature", "properties": { "full_id": "n5428422639", "osm_id": "5428422639", "name": "Forno Ricca", "service_type": "food_drink", "service_subtype": "bar", "route_id": "torino_reale_monumentale", "route_title": "Torino Reale e Monumentale", "segment_id": "torino_reale_monumentale_03", "segment_index": 3, "from_artwork_id": "cappella-sindone", "to_artwork_id": "porta-palatina", "from_title": "Cappella della Sacra Sindone", "to_title": "Porta Palatina", "profile": "foot-walking", "distance_m": 467.3, "duration_min": 5.6083333333333334, "notes": "Segmento generato automaticamente con ORS tra due tappe consecutive." }, "geometry": { "type": "Point", "coordinates": [ 7.683328, 45.0734925 ] } },
{ "type": "Feature", "properties": { "full_id": "n12165781943", "osm_id": "12165781943", "name": "AB", "service_type": "food_drink", "service_subtype": "bar", "route_id": "torino_reale_monumentale", "route_title": "Torino Reale e Monumentale", "segment_id": "torino_reale_monumentale_03", "segment_index": 3, "from_artwork_id": "cappella-sindone", "to_artwork_id": "porta-palatina", "from_title": "Cappella della Sacra Sindone", "to_title": "Porta Palatina", "profile": "foot-walking", "distance_m": 467.3, "duration_min": 5.6083333333333334, "notes": "Segmento generato automaticamente con ORS tra due tappe consecutive." }, "geometry": { "type": "Point", "coordinates": [ 7.6839943, 45.0743163 ] } },
{ "type": "Feature", "properties": { "full_id": "n13813164228", "osm_id": "13813164228", "name": "Ramo d'oro", "service_type": "food_drink", "service_subtype": "bar", "route_id": "torino_reale_monumentale", "route_title": "Torino Reale e Monumentale", "segment_id": "torino_reale_monumentale_03", "segment_index": 3, "from_artwork_id": "cappella-sindone", "to_artwork_id": "porta-palatina", "from_title": "Cappella della Sacra Sindone", "to_title": "Porta Palatina", "profile": "foot-walking", "distance_m": 467.3, "duration_min": 5.6083333333333334, "notes": "Segmento generato automaticamente con ORS tra due tappe consecutive." }, "geometry": { "type": "Point", "coordinates": [ 7.683406, 45.074892 ] } },
{ "type": "Feature", "properties": { "full_id": "n2068316260", "osm_id": "2068316260", "name": "Cafe Savoia", "service_type": "food_drink", "service_subtype": "cafe", "route_id": "torino_reale_monumentale", "route_title": "Torino Reale e Monumentale", "segment_id": "torino_reale_monumentale_03", "segment_index": 3, "from_artwork_id": "cappella-sindone", "to_artwork_id": "porta-palatina", "from_title": "Cappella della Sacra Sindone", "to_title": "Porta Palatina", "profile": "foot-walking", "distance_m": 467.3, "duration_min": 5.6083333333333334, "notes": "Segmento generato automaticamente con ORS tra due tappe consecutive." }, "geometry": { "type": "Point", "coordinates": [ 7.6842708, 45.0714108 ] } },
{ "type": "Feature", "properties": { "full_id": "n3363502752", "osm_id": "3363502752", "name": "Caffè Reale", "service_type": "food_drink", "service_subtype": "cafe", "route_id": "torino_reale_monumentale", "route_title": "Torino Reale e Monumentale", "segment_id": "torino_reale_monumentale_03", "segment_index": 3, "from_artwork_id": "cappella-sindone", "to_artwork_id": "porta-palatina", "from_title": "Cappella della Sacra Sindone", "to_title": "Porta Palatina", "profile": "foot-walking", "distance_m": 467.3, "duration_min": 5.6083333333333334, "notes": "Segmento generato automaticamente con ORS tra due tappe consecutive." }, "geometry": { "type": "Point", "coordinates": [ 7.6859549, 45.0734691 ] } },
{ "type": "Feature", "properties": { "full_id": "n3774212366", "osm_id": "3774212366", "name": "Fiorio", "service_type": "food_drink", "service_subtype": "cafe", "route_id": "torino_reale_monumentale", "route_title": "Torino Reale e Monumentale", "segment_id": "torino_reale_monumentale_03", "segment_index": 3, "from_artwork_id": "cappella-sindone", "to_artwork_id": "porta-palatina", "from_title": "Cappella della Sacra Sindone", "to_title": "Porta Palatina", "profile": "foot-walking", "distance_m": 467.3, "duration_min": 5.6083333333333334, "notes": "Segmento generato automaticamente con ORS tra due tappe consecutive." }, "geometry": { "type": "Point", "coordinates": [ 7.6844204, 45.0713398 ] } },
{ "type": "Feature", "properties": { "full_id": "n4736079147", "osm_id": "4736079147", "name": "New Prosit", "service_type": "food_drink", "service_subtype": "cafe", "route_id": "torino_reale_monumentale", "route_title": "Torino Reale e Monumentale", "segment_id": "torino_reale_monumentale_03", "segment_index": 3, "from_artwork_id": "cappella-sindone", "to_artwork_id": "porta-palatina", "from_title": "Cappella della Sacra Sindone", "to_title": "Porta Palatina", "profile": "foot-walking", "distance_m": 467.3, "duration_min": 5.6083333333333334, "notes": "Segmento generato automaticamente con ORS tra due tappe consecutive." }, "geometry": { "type": "Point", "coordinates": [ 7.6830106, 45.0733361 ] } },
{ "type": "Feature", "properties": { "full_id": "n5998205156", "osm_id": "5998205156", "name": "TLALOC", "service_type": "food_drink", "service_subtype": "cafe", "route_id": "torino_reale_monumentale", "route_title": "Torino Reale e Monumentale", "segment_id": "torino_reale_monumentale_03", "segment_index": 3, "from_artwork_id": "cappella-sindone", "to_artwork_id": "porta-palatina", "from_title": "Cappella della Sacra Sindone", "to_title": "Porta Palatina", "profile": "foot-walking", "distance_m": 467.3, "duration_min": 5.6083333333333334, "notes": "Segmento generato automaticamente con ORS tra due tappe consecutive." }, "geometry": { "type": "Point", "coordinates": [ 7.6823688, 45.0727764 ] } },
{ "type": "Feature", "properties": { "full_id": "n5998205157", "osm_id": "5998205157", "name": "Il nostro cioccolato", "service_type": "food_drink", "service_subtype": "cafe", "route_id": "torino_reale_monumentale", "route_title": "Torino Reale e Monumentale", "segment_id": "torino_reale_monumentale_03", "segment_index": 3, "from_artwork_id": "cappella-sindone", "to_artwork_id": "porta-palatina", "from_title": "Cappella della Sacra Sindone", "to_title": "Porta Palatina", "profile": "foot-walking", "distance_m": 467.3, "duration_min": 5.6083333333333334, "notes": "Segmento generato automaticamente con ORS tra due tappe consecutive." }, "geometry": { "type": "Point", "coordinates": [ 7.682464, 45.0727461 ] } },
{ "type": "Feature", "properties": { "full_id": "n6960480385", "osm_id": "6960480385", "name": "Minimarket", "service_type": "food_drink", "service_subtype": "cafe", "route_id": "torino_reale_monumentale", "route_title": "Torino Reale e Monumentale", "segment_id": "torino_reale_monumentale_03", "segment_index": 3, "from_artwork_id": "cappella-sindone", "to_artwork_id": "porta-palatina", "from_title": "Cappella della Sacra Sindone", "to_title": "Porta Palatina", "profile": "foot-walking", "distance_m": 467.3, "duration_min": 5.6083333333333334, "notes": "Segmento generato automaticamente con ORS tra due tappe consecutive." }, "geometry": { "type": "Point", "coordinates": [ 7.6840672, 45.0723034 ] } },
{ "type": "Feature", "properties": { "full_id": "n9831817303", "osm_id": "9831817303", "name": "Bar Alessia", "service_type": "food_drink", "service_subtype": "cafe", "route_id": "torino_reale_monumentale", "route_title": "Torino Reale e Monumentale", "segment_id": "torino_reale_monumentale_03", "segment_index": 3, "from_artwork_id": "cappella-sindone", "to_artwork_id": "porta-palatina", "from_title": "Cappella della Sacra Sindone", "to_title": "Porta Palatina", "profile": "foot-walking", "distance_m": 467.3, "duration_min": 5.6083333333333334, "notes": "Segmento generato automaticamente con ORS tra due tappe consecutive." }, "geometry": { "type": "Point", "coordinates": [ 7.6839752, 45.0758215 ] } },
{ "type": "Feature", "properties": { "full_id": "n11061384926", "osm_id": "11061384926", "name": "Oro puro", "service_type": "food_drink", "service_subtype": "cafe", "route_id": "torino_reale_monumentale", "route_title": "Torino Reale e Monumentale", "segment_id": "torino_reale_monumentale_03", "segment_index": 3, "from_artwork_id": "cappella-sindone", "to_artwork_id": "porta-palatina", "from_title": "Cappella della Sacra Sindone", "to_title": "Porta Palatina", "profile": "foot-walking", "distance_m": 467.3, "duration_min": 5.6083333333333334, "notes": "Segmento generato automaticamente con ORS tra due tappe consecutive." }, "geometry": { "type": "Point", "coordinates": [ 7.6835753, 45.0718437 ] } },
{ "type": "Feature", "properties": { "full_id": "n11556571831", "osm_id": "11556571831", "name": "Caffè Plaza", "service_type": "food_drink", "service_subtype": "cafe", "route_id": "torino_reale_monumentale", "route_title": "Torino Reale e Monumentale", "segment_id": "torino_reale_monumentale_03", "segment_index": 3, "from_artwork_id": "cappella-sindone", "to_artwork_id": "porta-palatina", "from_title": "Cappella della Sacra Sindone", "to_title": "Porta Palatina", "profile": "foot-walking", "distance_m": 467.3, "duration_min": 5.6083333333333334, "notes": "Segmento generato automaticamente con ORS tra due tappe consecutive." }, "geometry": { "type": "Point", "coordinates": [ 7.6835678, 45.0758464 ] } },
{ "type": "Feature", "properties": { "full_id": "n11659712782", "osm_id": "11659712782", "name": "Caffè Ala", "service_type": "food_drink", "service_subtype": "cafe", "route_id": "torino_reale_monumentale", "route_title": "Torino Reale e Monumentale", "segment_id": "torino_reale_monumentale_03", "segment_index": 3, "from_artwork_id": "cappella-sindone", "to_artwork_id": "porta-palatina", "from_title": "Cappella della Sacra Sindone", "to_title": "Porta Palatina", "profile": "foot-walking", "distance_m": 467.3, "duration_min": 5.6083333333333334, "notes": "Segmento generato automaticamente con ORS tra due tappe consecutive." }, "geometry": { "type": "Point", "coordinates": [ 7.6825808, 45.0753442 ] } },
{ "type": "Feature", "properties": { "full_id": "n11659714384", "osm_id": "11659714384", "name": "Res Publica", "service_type": "food_drink", "service_subtype": "cafe", "route_id": "torino_reale_monumentale", "route_title": "Torino Reale e Monumentale", "segment_id": "torino_reale_monumentale_03", "segment_index": 3, "from_artwork_id": "cappella-sindone", "to_artwork_id": "porta-palatina", "from_title": "Cappella della Sacra Sindone", "to_title": "Porta Palatina", "profile": "foot-walking", "distance_m": 467.3, "duration_min": 5.6083333333333334, "notes": "Segmento generato automaticamente con ORS tra due tappe consecutive." }, "geometry": { "type": "Point", "coordinates": [ 7.6825792, 45.075834899999982 ] } },
{ "type": "Feature", "properties": { "full_id": "n11898100208", "osm_id": "11898100208", "name": "Avocuddle café", "service_type": "food_drink", "service_subtype": "cafe", "route_id": "torino_reale_monumentale", "route_title": "Torino Reale e Monumentale", "segment_id": "torino_reale_monumentale_03", "segment_index": 3, "from_artwork_id": "cappella-sindone", "to_artwork_id": "porta-palatina", "from_title": "Cappella della Sacra Sindone", "to_title": "Porta Palatina", "profile": "foot-walking", "distance_m": 467.3, "duration_min": 5.6083333333333334, "notes": "Segmento generato automaticamente con ORS tra due tappe consecutive." }, "geometry": { "type": "Point", "coordinates": [ 7.683413, 45.0752792 ] } },
{ "type": "Feature", "properties": { "full_id": "n12423081673", "osm_id": "12423081673", "name": "Caffetteria da Mario", "service_type": "food_drink", "service_subtype": "cafe", "route_id": "torino_reale_monumentale", "route_title": "Torino Reale e Monumentale", "segment_id": "torino_reale_monumentale_03", "segment_index": 3, "from_artwork_id": "cappella-sindone", "to_artwork_id": "porta-palatina", "from_title": "Cappella della Sacra Sindone", "to_title": "Porta Palatina", "profile": "foot-walking", "distance_m": 467.3, "duration_min": 5.6083333333333334, "notes": "Segmento generato automaticamente con ORS tra due tappe consecutive." }, "geometry": { "type": "Point", "coordinates": [ 7.6817783, 45.074077 ] } },
{ "type": "Feature", "properties": { "full_id": "n12914892804", "osm_id": "12914892804", "name": "Moody Cafe' Torino", "service_type": "food_drink", "service_subtype": "cafe", "route_id": "torino_reale_monumentale", "route_title": "Torino Reale e Monumentale", "segment_id": "torino_reale_monumentale_03", "segment_index": 3, "from_artwork_id": "cappella-sindone", "to_artwork_id": "porta-palatina", "from_title": "Cappella della Sacra Sindone", "to_title": "Porta Palatina", "profile": "foot-walking", "distance_m": 467.3, "duration_min": 5.6083333333333334, "notes": "Segmento generato automaticamente con ORS tra due tappe consecutive." }, "geometry": { "type": "Point", "coordinates": [ 7.6842461, 45.0756494 ] } },
{ "type": "Feature", "properties": { "full_id": "n4836095522", "osm_id": "4836095522", "name": "Gelateria Vanilla", "service_type": "food_drink", "service_subtype": "ice_cream", "route_id": "torino_reale_monumentale", "route_title": "Torino Reale e Monumentale", "segment_id": "torino_reale_monumentale_03", "segment_index": 3, "from_artwork_id": "cappella-sindone", "to_artwork_id": "porta-palatina", "from_title": "Cappella della Sacra Sindone", "to_title": "Porta Palatina", "profile": "foot-walking", "distance_m": 467.3, "duration_min": 5.6083333333333334, "notes": "Segmento generato automaticamente con ORS tra due tappe consecutive." }, "geometry": { "type": "Point", "coordinates": [ 7.6843549, 45.0720345 ] } },
{ "type": "Feature", "properties": { "full_id": "n1198867556", "osm_id": "1198867556", "name": "Garibaldi", "service_type": "transport", "service_subtype": "bus_stop", "route_id": "torino_reale_monumentale", "route_title": "Torino Reale e Monumentale", "segment_id": "torino_reale_monumentale_03", "segment_index": 3, "from_artwork_id": "cappella-sindone", "to_artwork_id": "porta-palatina", "from_title": "Cappella della Sacra Sindone", "to_title": "Porta Palatina", "profile": "foot-walking", "distance_m": 467.3, "duration_min": 5.6083333333333334, "notes": "Segmento generato automaticamente con ORS tra due tappe consecutive." }, "geometry": { "type": "Point", "coordinates": [ 7.6837258, 45.0718764 ] } },
{ "type": "Feature", "properties": { "full_id": "n1198867567", "osm_id": "1198867567", "name": "Porta Palazzo Sud", "service_type": "transport", "service_subtype": "bus_stop", "route_id": "torino_reale_monumentale", "route_title": "Torino Reale e Monumentale", "segment_id": "torino_reale_monumentale_03", "segment_index": 3, "from_artwork_id": "cappella-sindone", "to_artwork_id": "porta-palatina", "from_title": "Cappella della Sacra Sindone", "to_title": "Porta Palatina", "profile": "foot-walking", "distance_m": 467.3, "duration_min": 5.6083333333333334, "notes": "Segmento generato automaticamente con ORS tra due tappe consecutive." }, "geometry": { "type": "Point", "coordinates": [ 7.6831326, 45.076085399999982 ] } },
{ "type": "Feature", "properties": { "full_id": "n1198867687", "osm_id": "1198867687", "name": "Duomo - Musei Reali", "service_type": "transport", "service_subtype": "bus_stop", "route_id": "torino_reale_monumentale", "route_title": "Torino Reale e Monumentale", "segment_id": "torino_reale_monumentale_03", "segment_index": 3, "from_artwork_id": "cappella-sindone", "to_artwork_id": "porta-palatina", "from_title": "Cappella della Sacra Sindone", "to_title": "Porta Palatina", "profile": "foot-walking", "distance_m": 467.3, "duration_min": 5.6083333333333334, "notes": "Segmento generato automaticamente con ORS tra due tappe consecutive." }, "geometry": { "type": "Point", "coordinates": [ 7.6853037, 45.0743182 ] } },
{ "type": "Feature", "properties": { "full_id": "n1262194968", "osm_id": "1262194968", "name": "XI Febbraio", "service_type": "transport", "service_subtype": "bus_stop", "route_id": "torino_reale_monumentale", "route_title": "Torino Reale e Monumentale", "segment_id": "torino_reale_monumentale_03", "segment_index": 3, "from_artwork_id": "cappella-sindone", "to_artwork_id": "porta-palatina", "from_title": "Cappella della Sacra Sindone", "to_title": "Porta Palatina", "profile": "foot-walking", "distance_m": 467.3, "duration_min": 5.6083333333333334, "notes": "Segmento generato automaticamente con ORS tra due tappe consecutive." }, "geometry": { "type": "Point", "coordinates": [ 7.6869572, 45.0757165 ] } },
{ "type": "Feature", "properties": { "full_id": "n1262196877", "osm_id": "1262196877", "name": "Porta Palazzo Est", "service_type": "transport", "service_subtype": "bus_stop", "route_id": "torino_reale_monumentale", "route_title": "Torino Reale e Monumentale", "segment_id": "torino_reale_monumentale_03", "segment_index": 3, "from_artwork_id": "cappella-sindone", "to_artwork_id": "porta-palatina", "from_title": "Cappella della Sacra Sindone", "to_title": "Porta Palatina", "profile": "foot-walking", "distance_m": 467.3, "duration_min": 5.6083333333333334, "notes": "Segmento generato automaticamente con ORS tra due tappe consecutive." }, "geometry": { "type": "Point", "coordinates": [ 7.6844825, 45.0764365 ] } },
{ "type": "Feature", "properties": { "full_id": "n1262209326", "osm_id": "1262209326", "name": "XI Febbraio", "service_type": "transport", "service_subtype": "bus_stop", "route_id": "torino_reale_monumentale", "route_title": "Torino Reale e Monumentale", "segment_id": "torino_reale_monumentale_03", "segment_index": 3, "from_artwork_id": "cappella-sindone", "to_artwork_id": "porta-palatina", "from_title": "Cappella della Sacra Sindone", "to_title": "Porta Palatina", "profile": "foot-walking", "distance_m": 467.3, "duration_min": 5.6083333333333334, "notes": "Segmento generato automaticamente con ORS tra due tappe consecutive." }, "geometry": { "type": "Point", "coordinates": [ 7.6870977, 45.075468 ] } },
{ "type": "Feature", "properties": { "full_id": "n941491730", "osm_id": "941491730", "name": "Duomo - Musei Reali", "service_type": "transport", "service_subtype": "tram_stop", "route_id": "torino_reale_monumentale", "route_title": "Torino Reale e Monumentale", "segment_id": "torino_reale_monumentale_03", "segment_index": 3, "from_artwork_id": "cappella-sindone", "to_artwork_id": "porta-palatina", "from_title": "Cappella della Sacra Sindone", "to_title": "Porta Palatina", "profile": "foot-walking", "distance_m": 467.3, "duration_min": 5.6083333333333334, "notes": "Segmento generato automaticamente con ORS tra due tappe consecutive." }, "geometry": { "type": "Point", "coordinates": [ 7.6852852, 45.0743305 ] } },
{ "type": "Feature", "properties": { "full_id": "n947981932", "osm_id": "947981932", "name": "XI Febbraio", "service_type": "transport", "service_subtype": "tram_stop", "route_id": "torino_reale_monumentale", "route_title": "Torino Reale e Monumentale", "segment_id": "torino_reale_monumentale_03", "segment_index": 3, "from_artwork_id": "cappella-sindone", "to_artwork_id": "porta-palatina", "from_title": "Cappella della Sacra Sindone", "to_title": "Porta Palatina", "profile": "foot-walking", "distance_m": 467.3, "duration_min": 5.6083333333333334, "notes": "Segmento generato automaticamente con ORS tra due tappe consecutive." }, "geometry": { "type": "Point", "coordinates": [ 7.6871098, 45.0755032 ] } },
{ "type": "Feature", "properties": { "full_id": "n947982084", "osm_id": "947982084", "name": "XI Febbraio", "service_type": "transport", "service_subtype": "tram_stop", "route_id": "torino_reale_monumentale", "route_title": "Torino Reale e Monumentale", "segment_id": "torino_reale_monumentale_03", "segment_index": 3, "from_artwork_id": "cappella-sindone", "to_artwork_id": "porta-palatina", "from_title": "Cappella della Sacra Sindone", "to_title": "Porta Palatina", "profile": "foot-walking", "distance_m": 467.3, "duration_min": 5.6083333333333334, "notes": "Segmento generato automaticamente con ORS tra due tappe consecutive." }, "geometry": { "type": "Point", "coordinates": [ 7.6869416, 45.0756945 ] } },
{ "type": "Feature", "properties": { "full_id": "n948016167", "osm_id": "948016167", "name": "Porta Palazzo Est", "service_type": "transport", "service_subtype": "tram_stop", "route_id": "torino_reale_monumentale", "route_title": "Torino Reale e Monumentale", "segment_id": "torino_reale_monumentale_03", "segment_index": 3, "from_artwork_id": "cappella-sindone", "to_artwork_id": "porta-palatina", "from_title": "Cappella della Sacra Sindone", "to_title": "Porta Palatina", "profile": "foot-walking", "distance_m": 467.3, "duration_min": 5.6083333333333334, "notes": "Segmento generato automaticamente con ORS tra due tappe consecutive." }, "geometry": { "type": "Point", "coordinates": [ 7.6845018, 45.0764571 ] } },
{ "type": "Feature", "properties": { "full_id": "n1167320769", "osm_id": "1167320769", "name": "Porta Palazzo Sud", "service_type": "transport", "service_subtype": "tram_stop", "route_id": "torino_reale_monumentale", "route_title": "Torino Reale e Monumentale", "segment_id": "torino_reale_monumentale_03", "segment_index": 3, "from_artwork_id": "cappella-sindone", "to_artwork_id": "porta-palatina", "from_title": "Cappella della Sacra Sindone", "to_title": "Porta Palatina", "profile": "foot-walking", "distance_m": 467.3, "duration_min": 5.6083333333333334, "notes": "Segmento generato automaticamente con ORS tra due tappe consecutive." }, "geometry": { "type": "Point", "coordinates": [ 7.6831567, 45.0760799 ] } },
{ "type": "Feature", "properties": { "full_id": "n1167320980", "osm_id": "1167320980", "name": "Garibaldi", "service_type": "transport", "service_subtype": "tram_stop", "route_id": "torino_reale_monumentale", "route_title": "Torino Reale e Monumentale", "segment_id": "torino_reale_monumentale_03", "segment_index": 3, "from_artwork_id": "cappella-sindone", "to_artwork_id": "porta-palatina", "from_title": "Cappella della Sacra Sindone", "to_title": "Porta Palatina", "profile": "foot-walking", "distance_m": 467.3, "duration_min": 5.6083333333333334, "notes": "Segmento generato automaticamente con ORS tra due tappe consecutive." }, "geometry": { "type": "Point", "coordinates": [ 7.6837141, 45.0718796 ] } },
{ "type": "Feature", "properties": { "full_id": "n3051586234", "osm_id": "3051586234", "name": "Caffe delle Scienze", "service_type": "food_drink", "service_subtype": "bar", "route_id": "torino_reale_monumentale", "route_title": "Torino Reale e Monumentale", "segment_id": "torino_reale_monumentale_04", "segment_index": 4, "from_artwork_id": "porta-palatina", "to_artwork_id": "dito-colombo", "from_title": "Porta Palatina", "to_title": "Il Dito di Colombo", "profile": "foot-walking", "distance_m": 1008.6, "duration_min": 12.103333333333333, "notes": "Segmento generato automaticamente con ORS tra due tappe consecutive." }, "geometry": { "type": "Point", "coordinates": [ 7.6855724, 45.0699298 ] } },
{ "type": "Feature", "properties": { "full_id": "n4408801352", "osm_id": "4408801352", "name": "Ingrosso Minuto", "service_type": "food_drink", "service_subtype": "bar", "route_id": "torino_reale_monumentale", "route_title": "Torino Reale e Monumentale", "segment_id": "torino_reale_monumentale_04", "segment_index": 4, "from_artwork_id": "porta-palatina", "to_artwork_id": "dito-colombo", "from_title": "Porta Palatina", "to_title": "Il Dito di Colombo", "profile": "foot-walking", "distance_m": 1008.6, "duration_min": 12.103333333333333, "notes": "Segmento generato automaticamente con ORS tra due tappe consecutive." }, "geometry": { "type": "Point", "coordinates": [ 7.6830378, 45.0746377 ] } },
{ "type": "Feature", "properties": { "full_id": "n4443922515", "osm_id": "4443922515", "name": null, "service_type": "food_drink", "service_subtype": "bar", "route_id": "torino_reale_monumentale", "route_title": "Torino Reale e Monumentale", "segment_id": "torino_reale_monumentale_04", "segment_index": 4, "from_artwork_id": "porta-palatina", "to_artwork_id": "dito-colombo", "from_title": "Porta Palatina", "to_title": "Il Dito di Colombo", "profile": "foot-walking", "distance_m": 1008.6, "duration_min": 12.103333333333333, "notes": "Segmento generato automaticamente con ORS tra due tappe consecutive." }, "geometry": { "type": "Point", "coordinates": [ 7.6830678, 45.073682200000015 ] } },
{ "type": "Feature", "properties": { "full_id": "n4735870355", "osm_id": "4735870355", "name": "swag drink and food", "service_type": "food_drink", "service_subtype": "bar", "route_id": "torino_reale_monumentale", "route_title": "Torino Reale e Monumentale", "segment_id": "torino_reale_monumentale_04", "segment_index": 4, "from_artwork_id": "porta-palatina", "to_artwork_id": "dito-colombo", "from_title": "Porta Palatina", "to_title": "Il Dito di Colombo", "profile": "foot-walking", "distance_m": 1008.6, "duration_min": 12.103333333333333, "notes": "Segmento generato automaticamente con ORS tra due tappe consecutive." }, "geometry": { "type": "Point", "coordinates": [ 7.6910861, 45.073638699999989 ] } },
{ "type": "Feature", "properties": { "full_id": "n5428422639", "osm_id": "5428422639", "name": "Forno Ricca", "service_type": "food_drink", "service_subtype": "bar", "route_id": "torino_reale_monumentale", "route_title": "Torino Reale e Monumentale", "segment_id": "torino_reale_monumentale_04", "segment_index": 4, "from_artwork_id": "porta-palatina", "to_artwork_id": "dito-colombo", "from_title": "Porta Palatina", "to_title": "Il Dito di Colombo", "profile": "foot-walking", "distance_m": 1008.6, "duration_min": 12.103333333333333, "notes": "Segmento generato automaticamente con ORS tra due tappe consecutive." }, "geometry": { "type": "Point", "coordinates": [ 7.683328, 45.0734925 ] } },
{ "type": "Feature", "properties": { "full_id": "n12165781943", "osm_id": "12165781943", "name": "AB", "service_type": "food_drink", "service_subtype": "bar", "route_id": "torino_reale_monumentale", "route_title": "Torino Reale e Monumentale", "segment_id": "torino_reale_monumentale_04", "segment_index": 4, "from_artwork_id": "porta-palatina", "to_artwork_id": "dito-colombo", "from_title": "Porta Palatina", "to_title": "Il Dito di Colombo", "profile": "foot-walking", "distance_m": 1008.6, "duration_min": 12.103333333333333, "notes": "Segmento generato automaticamente con ORS tra due tappe consecutive." }, "geometry": { "type": "Point", "coordinates": [ 7.6839943, 45.0743163 ] } },
{ "type": "Feature", "properties": { "full_id": "n13813164228", "osm_id": "13813164228", "name": "Ramo d'oro", "service_type": "food_drink", "service_subtype": "bar", "route_id": "torino_reale_monumentale", "route_title": "Torino Reale e Monumentale", "segment_id": "torino_reale_monumentale_04", "segment_index": 4, "from_artwork_id": "porta-palatina", "to_artwork_id": "dito-colombo", "from_title": "Porta Palatina", "to_title": "Il Dito di Colombo", "profile": "foot-walking", "distance_m": 1008.6, "duration_min": 12.103333333333333, "notes": "Segmento generato automaticamente con ORS tra due tappe consecutive." }, "geometry": { "type": "Point", "coordinates": [ 7.683406, 45.074892 ] } },
{ "type": "Feature", "properties": { "full_id": "n1487933346", "osm_id": "1487933346", "name": "Caffè Baratti e Milano", "service_type": "food_drink", "service_subtype": "cafe", "route_id": "torino_reale_monumentale", "route_title": "Torino Reale e Monumentale", "segment_id": "torino_reale_monumentale_04", "segment_index": 4, "from_artwork_id": "porta-palatina", "to_artwork_id": "dito-colombo", "from_title": "Porta Palatina", "to_title": "Il Dito di Colombo", "profile": "foot-walking", "distance_m": 1008.6, "duration_min": 12.103333333333333, "notes": "Segmento generato automaticamente con ORS tra due tappe consecutive." }, "geometry": { "type": "Point", "coordinates": [ 7.6866058, 45.0697211 ] } },
{ "type": "Feature", "properties": { "full_id": "n3363502752", "osm_id": "3363502752", "name": "Caffè Reale", "service_type": "food_drink", "service_subtype": "cafe", "route_id": "torino_reale_monumentale", "route_title": "Torino Reale e Monumentale", "segment_id": "torino_reale_monumentale_04", "segment_index": 4, "from_artwork_id": "porta-palatina", "to_artwork_id": "dito-colombo", "from_title": "Porta Palatina", "to_title": "Il Dito di Colombo", "profile": "foot-walking", "distance_m": 1008.6, "duration_min": 12.103333333333333, "notes": "Segmento generato automaticamente con ORS tra due tappe consecutive." }, "geometry": { "type": "Point", "coordinates": [ 7.6859549, 45.0734691 ] } },
{ "type": "Feature", "properties": { "full_id": "n3774212366", "osm_id": "3774212366", "name": "Fiorio", "service_type": "food_drink", "service_subtype": "cafe", "route_id": "torino_reale_monumentale", "route_title": "Torino Reale e Monumentale", "segment_id": "torino_reale_monumentale_04", "segment_index": 4, "from_artwork_id": "porta-palatina", "to_artwork_id": "dito-colombo", "from_title": "Porta Palatina", "to_title": "Il Dito di Colombo", "profile": "foot-walking", "distance_m": 1008.6, "duration_min": 12.103333333333333, "notes": "Segmento generato automaticamente con ORS tra due tappe consecutive." }, "geometry": { "type": "Point", "coordinates": [ 7.6844204, 45.0713398 ] } },
{ "type": "Feature", "properties": { "full_id": "n3898754185", "osm_id": "3898754185", "name": "Natura", "service_type": "food_drink", "service_subtype": "cafe", "route_id": "torino_reale_monumentale", "route_title": "Torino Reale e Monumentale", "segment_id": "torino_reale_monumentale_04", "segment_index": 4, "from_artwork_id": "porta-palatina", "to_artwork_id": "dito-colombo", "from_title": "Porta Palatina", "to_title": "Il Dito di Colombo", "profile": "foot-walking", "distance_m": 1008.6, "duration_min": 12.103333333333333, "notes": "Segmento generato automaticamente con ORS tra due tappe consecutive." }, "geometry": { "type": "Point", "coordinates": [ 7.6873112, 45.0698573 ] } },
{ "type": "Feature", "properties": { "full_id": "n4736058970", "osm_id": "4736058970", "name": "Caffè Mulassano", "service_type": "food_drink", "service_subtype": "cafe", "route_id": "torino_reale_monumentale", "route_title": "Torino Reale e Monumentale", "segment_id": "torino_reale_monumentale_04", "segment_index": 4, "from_artwork_id": "porta-palatina", "to_artwork_id": "dito-colombo", "from_title": "Porta Palatina", "to_title": "Il Dito di Colombo", "profile": "foot-walking", "distance_m": 1008.6, "duration_min": 12.103333333333333, "notes": "Segmento generato automaticamente con ORS tra due tappe consecutive." }, "geometry": { "type": "Point", "coordinates": [ 7.6868085, 45.0698461 ] } },
{ "type": "Feature", "properties": { "full_id": "n5113659516", "osm_id": "5113659516", "name": "cafe bar universita", "service_type": "food_drink", "service_subtype": "cafe", "route_id": "torino_reale_monumentale", "route_title": "Torino Reale e Monumentale", "segment_id": "torino_reale_monumentale_04", "segment_index": 4, "from_artwork_id": "porta-palatina", "to_artwork_id": "dito-colombo", "from_title": "Porta Palatina", "to_title": "Il Dito di Colombo", "profile": "foot-walking", "distance_m": 1008.6, "duration_min": 12.103333333333333, "notes": "Segmento generato automaticamente con ORS tra due tappe consecutive." }, "geometry": { "type": "Point", "coordinates": [ 7.6877854, 45.069549 ] } },
{ "type": "Feature", "properties": { "full_id": "n5117626883", "osm_id": "5117626883", "name": "Caffè Roberto", "service_type": "food_drink", "service_subtype": "cafe", "route_id": "torino_reale_monumentale", "route_title": "Torino Reale e Monumentale", "segment_id": "torino_reale_monumentale_04", "segment_index": 4, "from_artwork_id": "porta-palatina", "to_artwork_id": "dito-colombo", "from_title": "Porta Palatina", "to_title": "Il Dito di Colombo", "profile": "foot-walking", "distance_m": 1008.6, "duration_min": 12.103333333333333, "notes": "Segmento generato automaticamente con ORS tra due tappe consecutive." }, "geometry": { "type": "Point", "coordinates": [ 7.6876447, 45.070017 ] } },
{ "type": "Feature", "properties": { "full_id": "n5941325187", "osm_id": "5941325187", "name": "Caffè Regio", "service_type": "food_drink", "service_subtype": "cafe", "route_id": "torino_reale_monumentale", "route_title": "Torino Reale e Monumentale", "segment_id": "torino_reale_monumentale_04", "segment_index": 4, "from_artwork_id": "porta-palatina", "to_artwork_id": "dito-colombo", "from_title": "Porta Palatina", "to_title": "Il Dito di Colombo", "profile": "foot-walking", "distance_m": 1008.6, "duration_min": 12.103333333333333, "notes": "Segmento generato automaticamente con ORS tra due tappe consecutive." }, "geometry": { "type": "Point", "coordinates": [ 7.6875001, 45.0701076 ] } },
{ "type": "Feature", "properties": { "full_id": "n8797532046", "osm_id": "8797532046", "name": "Caffè Pigalle 2.1", "service_type": "food_drink", "service_subtype": "cafe", "route_id": "torino_reale_monumentale", "route_title": "Torino Reale e Monumentale", "segment_id": "torino_reale_monumentale_04", "segment_index": 4, "from_artwork_id": "porta-palatina", "to_artwork_id": "dito-colombo", "from_title": "Porta Palatina", "to_title": "Il Dito di Colombo", "profile": "foot-walking", "distance_m": 1008.6, "duration_min": 12.103333333333333, "notes": "Segmento generato automaticamente con ORS tra due tappe consecutive." }, "geometry": { "type": "Point", "coordinates": [ 7.6869295, 45.0771706 ] } },
{ "type": "Feature", "properties": { "full_id": "n9831817303", "osm_id": "9831817303", "name": "Bar Alessia", "service_type": "food_drink", "service_subtype": "cafe", "route_id": "torino_reale_monumentale", "route_title": "Torino Reale e Monumentale", "segment_id": "torino_reale_monumentale_04", "segment_index": 4, "from_artwork_id": "porta-palatina", "to_artwork_id": "dito-colombo", "from_title": "Porta Palatina", "to_title": "Il Dito di Colombo", "profile": "foot-walking", "distance_m": 1008.6, "duration_min": 12.103333333333333, "notes": "Segmento generato automaticamente con ORS tra due tappe consecutive." }, "geometry": { "type": "Point", "coordinates": [ 7.6839752, 45.0758215 ] } },
{ "type": "Feature", "properties": { "full_id": "n11556571831", "osm_id": "11556571831", "name": "Caffè Plaza", "service_type": "food_drink", "service_subtype": "cafe", "route_id": "torino_reale_monumentale", "route_title": "Torino Reale e Monumentale", "segment_id": "torino_reale_monumentale_04", "segment_index": 4, "from_artwork_id": "porta-palatina", "to_artwork_id": "dito-colombo", "from_title": "Porta Palatina", "to_title": "Il Dito di Colombo", "profile": "foot-walking", "distance_m": 1008.6, "duration_min": 12.103333333333333, "notes": "Segmento generato automaticamente con ORS tra due tappe consecutive." }, "geometry": { "type": "Point", "coordinates": [ 7.6835678, 45.0758464 ] } },
{ "type": "Feature", "properties": { "full_id": "n11608160970", "osm_id": "11608160970", "name": "Caffè Regina", "service_type": "food_drink", "service_subtype": "cafe", "route_id": "torino_reale_monumentale", "route_title": "Torino Reale e Monumentale", "segment_id": "torino_reale_monumentale_04", "segment_index": 4, "from_artwork_id": "porta-palatina", "to_artwork_id": "dito-colombo", "from_title": "Porta Palatina", "to_title": "Il Dito di Colombo", "profile": "foot-walking", "distance_m": 1008.6, "duration_min": 12.103333333333333, "notes": "Segmento generato automaticamente con ORS tra due tappe consecutive." }, "geometry": { "type": "Point", "coordinates": [ 7.6871269, 45.075823899999989 ] } },
{ "type": "Feature", "properties": { "full_id": "n11659712782", "osm_id": "11659712782", "name": "Caffè Ala", "service_type": "food_drink", "service_subtype": "cafe", "route_id": "torino_reale_monumentale", "route_title": "Torino Reale e Monumentale", "segment_id": "torino_reale_monumentale_04", "segment_index": 4, "from_artwork_id": "porta-palatina", "to_artwork_id": "dito-colombo", "from_title": "Porta Palatina", "to_title": "Il Dito di Colombo", "profile": "foot-walking", "distance_m": 1008.6, "duration_min": 12.103333333333333, "notes": "Segmento generato automaticamente con ORS tra due tappe consecutive." }, "geometry": { "type": "Point", "coordinates": [ 7.6825808, 45.0753442 ] } },
{ "type": "Feature", "properties": { "full_id": "n11659714384", "osm_id": "11659714384", "name": "Res Publica", "service_type": "food_drink", "service_subtype": "cafe", "route_id": "torino_reale_monumentale", "route_title": "Torino Reale e Monumentale", "segment_id": "torino_reale_monumentale_04", "segment_index": 4, "from_artwork_id": "porta-palatina", "to_artwork_id": "dito-colombo", "from_title": "Porta Palatina", "to_title": "Il Dito di Colombo", "profile": "foot-walking", "distance_m": 1008.6, "duration_min": 12.103333333333333, "notes": "Segmento generato automaticamente con ORS tra due tappe consecutive." }, "geometry": { "type": "Point", "coordinates": [ 7.6825792, 45.075834899999982 ] } },
{ "type": "Feature", "properties": { "full_id": "n11898100208", "osm_id": "11898100208", "name": "Avocuddle café", "service_type": "food_drink", "service_subtype": "cafe", "route_id": "torino_reale_monumentale", "route_title": "Torino Reale e Monumentale", "segment_id": "torino_reale_monumentale_04", "segment_index": 4, "from_artwork_id": "porta-palatina", "to_artwork_id": "dito-colombo", "from_title": "Porta Palatina", "to_title": "Il Dito di Colombo", "profile": "foot-walking", "distance_m": 1008.6, "duration_min": 12.103333333333333, "notes": "Segmento generato automaticamente con ORS tra due tappe consecutive." }, "geometry": { "type": "Point", "coordinates": [ 7.683413, 45.0752792 ] } },
{ "type": "Feature", "properties": { "full_id": "n12165781942", "osm_id": "12165781942", "name": "Caffé Roberto", "service_type": "food_drink", "service_subtype": "cafe", "route_id": "torino_reale_monumentale", "route_title": "Torino Reale e Monumentale", "segment_id": "torino_reale_monumentale_04", "segment_index": 4, "from_artwork_id": "porta-palatina", "to_artwork_id": "dito-colombo", "from_title": "Porta Palatina", "to_title": "Il Dito di Colombo", "profile": "foot-walking", "distance_m": 1008.6, "duration_min": 12.103333333333333, "notes": "Segmento generato automaticamente con ORS tra due tappe consecutive." }, "geometry": { "type": "Point", "coordinates": [ 7.6876276, 45.0701605 ] } },
{ "type": "Feature", "properties": { "full_id": "n12914892804", "osm_id": "12914892804", "name": "Moody Cafe' Torino", "service_type": "food_drink", "service_subtype": "cafe", "route_id": "torino_reale_monumentale", "route_title": "Torino Reale e Monumentale", "segment_id": "torino_reale_monumentale_04", "segment_index": 4, "from_artwork_id": "porta-palatina", "to_artwork_id": "dito-colombo", "from_title": "Porta Palatina", "to_title": "Il Dito di Colombo", "profile": "foot-walking", "distance_m": 1008.6, "duration_min": 12.103333333333333, "notes": "Segmento generato automaticamente con ORS tra due tappe consecutive." }, "geometry": { "type": "Point", "coordinates": [ 7.6842461, 45.0756494 ] } },
{ "type": "Feature", "properties": { "full_id": "n13208536996", "osm_id": "13208536996", "name": "Bar Franco", "service_type": "food_drink", "service_subtype": "cafe", "route_id": "torino_reale_monumentale", "route_title": "Torino Reale e Monumentale", "segment_id": "torino_reale_monumentale_04", "segment_index": 4, "from_artwork_id": "porta-palatina", "to_artwork_id": "dito-colombo", "from_title": "Porta Palatina", "to_title": "Il Dito di Colombo", "profile": "foot-walking", "distance_m": 1008.6, "duration_min": 12.103333333333333, "notes": "Segmento generato automaticamente con ORS tra due tappe consecutive." }, "geometry": { "type": "Point", "coordinates": [ 7.6850487, 45.0773462 ] } },
{ "type": "Feature", "properties": { "full_id": "n4736058939", "osm_id": "4736058939", "name": "Menodiciotto", "service_type": "food_drink", "service_subtype": "ice_cream", "route_id": "torino_reale_monumentale", "route_title": "Torino Reale e Monumentale", "segment_id": "torino_reale_monumentale_04", "segment_index": 4, "from_artwork_id": "porta-palatina", "to_artwork_id": "dito-colombo", "from_title": "Porta Palatina", "to_title": "Il Dito di Colombo", "profile": "foot-walking", "distance_m": 1008.6, "duration_min": 12.103333333333333, "notes": "Segmento generato automaticamente con ORS tra due tappe consecutive." }, "geometry": { "type": "Point", "coordinates": [ 7.6856669, 45.070122 ] } },
{ "type": "Feature", "properties": { "full_id": "n1198867567", "osm_id": "1198867567", "name": "Porta Palazzo Sud", "service_type": "transport", "service_subtype": "bus_stop", "route_id": "torino_reale_monumentale", "route_title": "Torino Reale e Monumentale", "segment_id": "torino_reale_monumentale_04", "segment_index": 4, "from_artwork_id": "porta-palatina", "to_artwork_id": "dito-colombo", "from_title": "Porta Palatina", "to_title": "Il Dito di Colombo", "profile": "foot-walking", "distance_m": 1008.6, "duration_min": 12.103333333333333, "notes": "Segmento generato automaticamente con ORS tra due tappe consecutive." }, "geometry": { "type": "Point", "coordinates": [ 7.6831326, 45.076085399999982 ] } },
{ "type": "Feature", "properties": { "full_id": "n1198867687", "osm_id": "1198867687", "name": "Duomo - Musei Reali", "service_type": "transport", "service_subtype": "bus_stop", "route_id": "torino_reale_monumentale", "route_title": "Torino Reale e Monumentale", "segment_id": "torino_reale_monumentale_04", "segment_index": 4, "from_artwork_id": "porta-palatina", "to_artwork_id": "dito-colombo", "from_title": "Porta Palatina", "to_title": "Il Dito di Colombo", "profile": "foot-walking", "distance_m": 1008.6, "duration_min": 12.103333333333333, "notes": "Segmento generato automaticamente con ORS tra due tappe consecutive." }, "geometry": { "type": "Point", "coordinates": [ 7.6853037, 45.0743182 ] } },
{ "type": "Feature", "properties": { "full_id": "n1262183610", "osm_id": "1262183610", "name": "Regina Margherita", "service_type": "transport", "service_subtype": "bus_stop", "route_id": "torino_reale_monumentale", "route_title": "Torino Reale e Monumentale", "segment_id": "torino_reale_monumentale_04", "segment_index": 4, "from_artwork_id": "porta-palatina", "to_artwork_id": "dito-colombo", "from_title": "Porta Palatina", "to_title": "Il Dito di Colombo", "profile": "foot-walking", "distance_m": 1008.6, "duration_min": 12.103333333333333, "notes": "Segmento generato automaticamente con ORS tra due tappe consecutive." }, "geometry": { "type": "Point", "coordinates": [ 7.690353, 45.075199 ] } },
{ "type": "Feature", "properties": { "full_id": "n1262190131", "osm_id": "1262190131", "name": "Castello", "service_type": "transport", "service_subtype": "bus_stop", "route_id": "torino_reale_monumentale", "route_title": "Torino Reale e Monumentale", "segment_id": "torino_reale_monumentale_04", "segment_index": 4, "from_artwork_id": "porta-palatina", "to_artwork_id": "dito-colombo", "from_title": "Porta Palatina", "to_title": "Il Dito di Colombo", "profile": "foot-walking", "distance_m": 1008.6, "duration_min": 12.103333333333333, "notes": "Segmento generato automaticamente con ORS tra due tappe consecutive." }, "geometry": { "type": "Point", "coordinates": [ 7.6853713, 45.0703952 ] } },
{ "type": "Feature", "properties": { "full_id": "n1262190386", "osm_id": "1262190386", "name": "Rondò Rivella", "service_type": "transport", "service_subtype": "bus_stop", "route_id": "torino_reale_monumentale", "route_title": "Torino Reale e Monumentale", "segment_id": "torino_reale_monumentale_04", "segment_index": 4, "from_artwork_id": "porta-palatina", "to_artwork_id": "dito-colombo", "from_title": "Porta Palatina", "to_title": "Il Dito di Colombo", "profile": "foot-walking", "distance_m": 1008.6, "duration_min": 12.103333333333333, "notes": "Segmento generato automaticamente con ORS tra due tappe consecutive." }, "geometry": { "type": "Point", "coordinates": [ 7.6889717, 45.0741237 ] } },
{ "type": "Feature", "properties": { "full_id": "n1262194968", "osm_id": "1262194968", "name": "XI Febbraio", "service_type": "transport", "service_subtype": "bus_stop", "route_id": "torino_reale_monumentale", "route_title": "Torino Reale e Monumentale", "segment_id": "torino_reale_monumentale_04", "segment_index": 4, "from_artwork_id": "porta-palatina", "to_artwork_id": "dito-colombo", "from_title": "Porta Palatina", "to_title": "Il Dito di Colombo", "profile": "foot-walking", "distance_m": 1008.6, "duration_min": 12.103333333333333, "notes": "Segmento generato automaticamente con ORS tra due tappe consecutive." }, "geometry": { "type": "Point", "coordinates": [ 7.6869572, 45.0757165 ] } },
{ "type": "Feature", "properties": { "full_id": "n1262195510", "osm_id": "1262195510", "name": "Giardini Reali", "service_type": "transport", "service_subtype": "bus_stop", "route_id": "torino_reale_monumentale", "route_title": "Torino Reale e Monumentale", "segment_id": "torino_reale_monumentale_04", "segment_index": 4, "from_artwork_id": "porta-palatina", "to_artwork_id": "dito-colombo", "from_title": "Porta Palatina", "to_title": "Il Dito di Colombo", "profile": "foot-walking", "distance_m": 1008.6, "duration_min": 12.103333333333333, "notes": "Segmento generato automaticamente con ORS tra due tappe consecutive." }, "geometry": { "type": "Point", "coordinates": [ 7.6905893, 45.0743041 ] } },
{ "type": "Feature", "properties": { "full_id": "n1262195824", "osm_id": "1262195824", "name": "Giardini Reali", "service_type": "transport", "service_subtype": "bus_stop", "route_id": "torino_reale_monumentale", "route_title": "Torino Reale e Monumentale", "segment_id": "torino_reale_monumentale_04", "segment_index": 4, "from_artwork_id": "porta-palatina", "to_artwork_id": "dito-colombo", "from_title": "Porta Palatina", "to_title": "Il Dito di Colombo", "profile": "foot-walking", "distance_m": 1008.6, "duration_min": 12.103333333333333, "notes": "Segmento generato automaticamente con ORS tra due tappe consecutive." }, "geometry": { "type": "Point", "coordinates": [ 7.6900013, 45.0725708 ] } },
{ "type": "Feature", "properties": { "full_id": "n1262196877", "osm_id": "1262196877", "name": "Porta Palazzo Est", "service_type": "transport", "service_subtype": "bus_stop", "route_id": "torino_reale_monumentale", "route_title": "Torino Reale e Monumentale", "segment_id": "torino_reale_monumentale_04", "segment_index": 4, "from_artwork_id": "porta-palatina", "to_artwork_id": "dito-colombo", "from_title": "Porta Palatina", "to_title": "Il Dito di Colombo", "profile": "foot-walking", "distance_m": 1008.6, "duration_min": 12.103333333333333, "notes": "Segmento generato automaticamente con ORS tra due tappe consecutive." }, "geometry": { "type": "Point", "coordinates": [ 7.6844825, 45.0764365 ] } },
{ "type": "Feature", "properties": { "full_id": "n1262198250", "osm_id": "1262198250", "name": "Fiochetto", "service_type": "transport", "service_subtype": "bus_stop", "route_id": "torino_reale_monumentale", "route_title": "Torino Reale e Monumentale", "segment_id": "torino_reale_monumentale_04", "segment_index": 4, "from_artwork_id": "porta-palatina", "to_artwork_id": "dito-colombo", "from_title": "Porta Palatina", "to_title": "Il Dito di Colombo", "profile": "foot-walking", "distance_m": 1008.6, "duration_min": 12.103333333333333, "notes": "Segmento generato automaticamente con ORS tra due tappe consecutive." }, "geometry": { "type": "Point", "coordinates": [ 7.6868946, 45.0763085 ] } },
{ "type": "Feature", "properties": { "full_id": "n1262199697", "osm_id": "1262199697", "name": "XI Febbraio", "service_type": "transport", "service_subtype": "bus_stop", "route_id": "torino_reale_monumentale", "route_title": "Torino Reale e Monumentale", "segment_id": "torino_reale_monumentale_04", "segment_index": 4, "from_artwork_id": "porta-palatina", "to_artwork_id": "dito-colombo", "from_title": "Porta Palatina", "to_title": "Il Dito di Colombo", "profile": "foot-walking", "distance_m": 1008.6, "duration_min": 12.103333333333333, "notes": "Segmento generato automaticamente con ORS tra due tappe consecutive." }, "geometry": { "type": "Point", "coordinates": [ 7.6871901, 45.0753239 ] } },
{ "type": "Feature", "properties": { "full_id": "n1262200404", "osm_id": "1262200404", "name": "Rondò Rivella", "service_type": "transport", "service_subtype": "bus_stop", "route_id": "torino_reale_monumentale", "route_title": "Torino Reale e Monumentale", "segment_id": "torino_reale_monumentale_04", "segment_index": 4, "from_artwork_id": "porta-palatina", "to_artwork_id": "dito-colombo", "from_title": "Porta Palatina", "to_title": "Il Dito di Colombo", "profile": "foot-walking", "distance_m": 1008.6, "duration_min": 12.103333333333333, "notes": "Segmento generato automaticamente con ORS tra due tappe consecutive." }, "geometry": { "type": "Point", "coordinates": [ 7.6892037, 45.074309499999984 ] } },
{ "type": "Feature", "properties": { "full_id": "n1262201395", "osm_id": "1262201395", "name": "Fiochetto", "service_type": "transport", "service_subtype": "bus_stop", "route_id": "torino_reale_monumentale", "route_title": "Torino Reale e Monumentale", "segment_id": "torino_reale_monumentale_04", "segment_index": 4, "from_artwork_id": "porta-palatina", "to_artwork_id": "dito-colombo", "from_title": "Porta Palatina", "to_title": "Il Dito di Colombo", "profile": "foot-walking", "distance_m": 1008.6, "duration_min": 12.103333333333333, "notes": "Segmento generato automaticamente con ORS tra due tappe consecutive." }, "geometry": { "type": "Point", "coordinates": [ 7.6866283, 45.076244199999984 ] } },
{ "type": "Feature", "properties": { "full_id": "n1262204512", "osm_id": "1262204512", "name": "Porta Palazzo Nord", "service_type": "transport", "service_subtype": "bus_stop", "route_id": "torino_reale_monumentale", "route_title": "Torino Reale e Monumentale", "segment_id": "torino_reale_monumentale_04", "segment_index": 4, "from_artwork_id": "porta-palatina", "to_artwork_id": "dito-colombo", "from_title": "Porta Palatina", "to_title": "Il Dito di Colombo", "profile": "foot-walking", "distance_m": 1008.6, "duration_min": 12.103333333333333, "notes": "Segmento generato automaticamente con ORS tra due tappe consecutive." }, "geometry": { "type": "Point", "coordinates": [ 7.6840671, 45.0773742 ] } },
{ "type": "Feature", "properties": { "full_id": "n1262204567", "osm_id": "1262204567", "name": "Giardini Reali", "service_type": "transport", "service_subtype": "bus_stop", "route_id": "torino_reale_monumentale", "route_title": "Torino Reale e Monumentale", "segment_id": "torino_reale_monumentale_04", "segment_index": 4, "from_artwork_id": "porta-palatina", "to_artwork_id": "dito-colombo", "from_title": "Porta Palatina", "to_title": "Il Dito di Colombo", "profile": "foot-walking", "distance_m": 1008.6, "duration_min": 12.103333333333333, "notes": "Segmento generato automaticamente con ORS tra due tappe consecutive." }, "geometry": { "type": "Point", "coordinates": [ 7.6905498, 45.0745178 ] } },
{ "type": "Feature", "properties": { "full_id": "n1262207476", "osm_id": "1262207476", "name": "Castello", "service_type": "transport", "service_subtype": "bus_stop", "route_id": "torino_reale_monumentale", "route_title": "Torino Reale e Monumentale", "segment_id": "torino_reale_monumentale_04", "segment_index": 4, "from_artwork_id": "porta-palatina", "to_artwork_id": "dito-colombo", "from_title": "Porta Palatina", "to_title": "Il Dito di Colombo", "profile": "foot-walking", "distance_m": 1008.6, "duration_min": 12.103333333333333, "notes": "Segmento generato automaticamente con ORS tra due tappe consecutive." }, "geometry": { "type": "Point", "coordinates": [ 7.6849471, 45.0706322 ] } },
{ "type": "Feature", "properties": { "full_id": "n1262209326", "osm_id": "1262209326", "name": "XI Febbraio", "service_type": "transport", "service_subtype": "bus_stop", "route_id": "torino_reale_monumentale", "route_title": "Torino Reale e Monumentale", "segment_id": "torino_reale_monumentale_04", "segment_index": 4, "from_artwork_id": "porta-palatina", "to_artwork_id": "dito-colombo", "from_title": "Porta Palatina", "to_title": "Il Dito di Colombo", "profile": "foot-walking", "distance_m": 1008.6, "duration_min": 12.103333333333333, "notes": "Segmento generato automaticamente con ORS tra due tappe consecutive." }, "geometry": { "type": "Point", "coordinates": [ 7.6870977, 45.075468 ] } },
{ "type": "Feature", "properties": { "full_id": "n1262210312", "osm_id": "1262210312", "name": "Giardini Reali", "service_type": "transport", "service_subtype": "bus_stop", "route_id": "torino_reale_monumentale", "route_title": "Torino Reale e Monumentale", "segment_id": "torino_reale_monumentale_04", "segment_index": 4, "from_artwork_id": "porta-palatina", "to_artwork_id": "dito-colombo", "from_title": "Porta Palatina", "to_title": "Il Dito di Colombo", "profile": "foot-walking", "distance_m": 1008.6, "duration_min": 12.103333333333333, "notes": "Segmento generato automaticamente con ORS tra due tappe consecutive." }, "geometry": { "type": "Point", "coordinates": [ 7.6898859, 45.0723072 ] } },
{ "type": "Feature", "properties": { "full_id": "n1262212644", "osm_id": "1262212644", "name": "Regina Margherita", "service_type": "transport", "service_subtype": "bus_stop", "route_id": "torino_reale_monumentale", "route_title": "Torino Reale e Monumentale", "segment_id": "torino_reale_monumentale_04", "segment_index": 4, "from_artwork_id": "porta-palatina", "to_artwork_id": "dito-colombo", "from_title": "Porta Palatina", "to_title": "Il Dito di Colombo", "profile": "foot-walking", "distance_m": 1008.6, "duration_min": 12.103333333333333, "notes": "Segmento generato automaticamente con ORS tra due tappe consecutive." }, "geometry": { "type": "Point", "coordinates": [ 7.6908984, 45.0751366 ] } },
{ "type": "Feature", "properties": { "full_id": "n1491228854", "osm_id": "1491228854", "name": "Piazza Castello", "service_type": "transport", "service_subtype": "bus_stop", "route_id": "torino_reale_monumentale", "route_title": "Torino Reale e Monumentale", "segment_id": "torino_reale_monumentale_04", "segment_index": 4, "from_artwork_id": "porta-palatina", "to_artwork_id": "dito-colombo", "from_title": "Porta Palatina", "to_title": "Il Dito di Colombo", "profile": "foot-walking", "distance_m": 1008.6, "duration_min": 12.103333333333333, "notes": "Segmento generato automaticamente con ORS tra due tappe consecutive." }, "geometry": { "type": "Point", "coordinates": [ 7.6865906, 45.0700846 ] } },
{ "type": "Feature", "properties": { "full_id": "n11657164483", "osm_id": "11657164483", "name": "Castello Est Capolinea", "service_type": "transport", "service_subtype": "bus_stop", "route_id": "torino_reale_monumentale", "route_title": "Torino Reale e Monumentale", "segment_id": "torino_reale_monumentale_04", "segment_index": 4, "from_artwork_id": "porta-palatina", "to_artwork_id": "dito-colombo", "from_title": "Porta Palatina", "to_title": "Il Dito di Colombo", "profile": "foot-walking", "distance_m": 1008.6, "duration_min": 12.103333333333333, "notes": "Segmento generato automaticamente con ORS tra due tappe consecutive." }, "geometry": { "type": "Point", "coordinates": [ 7.6870212, 45.0708299 ] } },
{ "type": "Feature", "properties": { "full_id": "n11657164484", "osm_id": "11657164484", "name": "Castello Capolinea", "service_type": "transport", "service_subtype": "bus_stop", "route_id": "torino_reale_monumentale", "route_title": "Torino Reale e Monumentale", "segment_id": "torino_reale_monumentale_04", "segment_index": 4, "from_artwork_id": "porta-palatina", "to_artwork_id": "dito-colombo", "from_title": "Porta Palatina", "to_title": "Il Dito di Colombo", "profile": "foot-walking", "distance_m": 1008.6, "duration_min": 12.103333333333333, "notes": "Segmento generato automaticamente con ORS tra due tappe consecutive." }, "geometry": { "type": "Point", "coordinates": [ 7.6868105, 45.0707193 ] } },
{ "type": "Feature", "properties": { "full_id": "n941491730", "osm_id": "941491730", "name": "Duomo - Musei Reali", "service_type": "transport", "service_subtype": "tram_stop", "route_id": "torino_reale_monumentale", "route_title": "Torino Reale e Monumentale", "segment_id": "torino_reale_monumentale_04", "segment_index": 4, "from_artwork_id": "porta-palatina", "to_artwork_id": "dito-colombo", "from_title": "Porta Palatina", "to_title": "Il Dito di Colombo", "profile": "foot-walking", "distance_m": 1008.6, "duration_min": 12.103333333333333, "notes": "Segmento generato automaticamente con ORS tra due tappe consecutive." }, "geometry": { "type": "Point", "coordinates": [ 7.6852852, 45.0743305 ] } },
{ "type": "Feature", "properties": { "full_id": "n943330768", "osm_id": "943330768", "name": "Castello", "service_type": "transport", "service_subtype": "tram_stop", "route_id": "torino_reale_monumentale", "route_title": "Torino Reale e Monumentale", "segment_id": "torino_reale_monumentale_04", "segment_index": 4, "from_artwork_id": "porta-palatina", "to_artwork_id": "dito-colombo", "from_title": "Porta Palatina", "to_title": "Il Dito di Colombo", "profile": "foot-walking", "distance_m": 1008.6, "duration_min": 12.103333333333333, "notes": "Segmento generato automaticamente con ORS tra due tappe consecutive." }, "geometry": { "type": "Point", "coordinates": [ 7.6853867, 45.0704138 ] } },
{ "type": "Feature", "properties": { "full_id": "n947981932", "osm_id": "947981932", "name": "XI Febbraio", "service_type": "transport", "service_subtype": "tram_stop", "route_id": "torino_reale_monumentale", "route_title": "Torino Reale e Monumentale", "segment_id": "torino_reale_monumentale_04", "segment_index": 4, "from_artwork_id": "porta-palatina", "to_artwork_id": "dito-colombo", "from_title": "Porta Palatina", "to_title": "Il Dito di Colombo", "profile": "foot-walking", "distance_m": 1008.6, "duration_min": 12.103333333333333, "notes": "Segmento generato automaticamente con ORS tra due tappe consecutive." }, "geometry": { "type": "Point", "coordinates": [ 7.6871098, 45.0755032 ] } },
{ "type": "Feature", "properties": { "full_id": "n947982084", "osm_id": "947982084", "name": "XI Febbraio", "service_type": "transport", "service_subtype": "tram_stop", "route_id": "torino_reale_monumentale", "route_title": "Torino Reale e Monumentale", "segment_id": "torino_reale_monumentale_04", "segment_index": 4, "from_artwork_id": "porta-palatina", "to_artwork_id": "dito-colombo", "from_title": "Porta Palatina", "to_title": "Il Dito di Colombo", "profile": "foot-walking", "distance_m": 1008.6, "duration_min": 12.103333333333333, "notes": "Segmento generato automaticamente con ORS tra due tappe consecutive." }, "geometry": { "type": "Point", "coordinates": [ 7.6869416, 45.0756945 ] } },
{ "type": "Feature", "properties": { "full_id": "n948016167", "osm_id": "948016167", "name": "Porta Palazzo Est", "service_type": "transport", "service_subtype": "tram_stop", "route_id": "torino_reale_monumentale", "route_title": "Torino Reale e Monumentale", "segment_id": "torino_reale_monumentale_04", "segment_index": 4, "from_artwork_id": "porta-palatina", "to_artwork_id": "dito-colombo", "from_title": "Porta Palatina", "to_title": "Il Dito di Colombo", "profile": "foot-walking", "distance_m": 1008.6, "duration_min": 12.103333333333333, "notes": "Segmento generato automaticamente con ORS tra due tappe consecutive." }, "geometry": { "type": "Point", "coordinates": [ 7.6845018, 45.0764571 ] } },
{ "type": "Feature", "properties": { "full_id": "n1167320769", "osm_id": "1167320769", "name": "Porta Palazzo Sud", "service_type": "transport", "service_subtype": "tram_stop", "route_id": "torino_reale_monumentale", "route_title": "Torino Reale e Monumentale", "segment_id": "torino_reale_monumentale_04", "segment_index": 4, "from_artwork_id": "porta-palatina", "to_artwork_id": "dito-colombo", "from_title": "Porta Palatina", "to_title": "Il Dito di Colombo", "profile": "foot-walking", "distance_m": 1008.6, "duration_min": 12.103333333333333, "notes": "Segmento generato automaticamente con ORS tra due tappe consecutive." }, "geometry": { "type": "Point", "coordinates": [ 7.6831567, 45.0760799 ] } },
{ "type": "Feature", "properties": { "full_id": "n1167320925", "osm_id": "1167320925", "name": "Porta Palazzo Nord", "service_type": "transport", "service_subtype": "tram_stop", "route_id": "torino_reale_monumentale", "route_title": "Torino Reale e Monumentale", "segment_id": "torino_reale_monumentale_04", "segment_index": 4, "from_artwork_id": "porta-palatina", "to_artwork_id": "dito-colombo", "from_title": "Porta Palatina", "to_title": "Il Dito di Colombo", "profile": "foot-walking", "distance_m": 1008.6, "duration_min": 12.103333333333333, "notes": "Segmento generato automaticamente con ORS tra due tappe consecutive." }, "geometry": { "type": "Point", "coordinates": [ 7.6840403, 45.0773833 ] } },
{ "type": "Feature", "properties": { "full_id": "n1168270491", "osm_id": "1168270491", "name": "Giardini Reali", "service_type": "transport", "service_subtype": "tram_stop", "route_id": "torino_reale_monumentale", "route_title": "Torino Reale e Monumentale", "segment_id": "torino_reale_monumentale_04", "segment_index": 4, "from_artwork_id": "porta-palatina", "to_artwork_id": "dito-colombo", "from_title": "Porta Palatina", "to_title": "Il Dito di Colombo", "profile": "foot-walking", "distance_m": 1008.6, "duration_min": 12.103333333333333, "notes": "Segmento generato automaticamente con ORS tra due tappe consecutive." }, "geometry": { "type": "Point", "coordinates": [ 7.6905578, 45.0744995 ] } },
{ "type": "Feature", "properties": { "full_id": "n1229263814", "osm_id": "1229263814", "name": "Giardini Reali", "service_type": "transport", "service_subtype": "tram_stop", "route_id": "torino_reale_monumentale", "route_title": "Torino Reale e Monumentale", "segment_id": "torino_reale_monumentale_04", "segment_index": 4, "from_artwork_id": "porta-palatina", "to_artwork_id": "dito-colombo", "from_title": "Porta Palatina", "to_title": "Il Dito di Colombo", "profile": "foot-walking", "distance_m": 1008.6, "duration_min": 12.103333333333333, "notes": "Segmento generato automaticamente con ORS tra due tappe consecutive." }, "geometry": { "type": "Point", "coordinates": [ 7.6899674, 45.0725638 ] } },
{ "type": "Feature", "properties": { "full_id": "n1229263851", "osm_id": "1229263851", "name": "Castello Capolinea", "service_type": "transport", "service_subtype": "tram_stop", "route_id": "torino_reale_monumentale", "route_title": "Torino Reale e Monumentale", "segment_id": "torino_reale_monumentale_04", "segment_index": 4, "from_artwork_id": "porta-palatina", "to_artwork_id": "dito-colombo", "from_title": "Porta Palatina", "to_title": "Il Dito di Colombo", "profile": "foot-walking", "distance_m": 1008.6, "duration_min": 12.103333333333333, "notes": "Segmento generato automaticamente con ORS tra due tappe consecutive." }, "geometry": { "type": "Point", "coordinates": [ 7.6868499, 45.0707242 ] } },
{ "type": "Feature", "properties": { "full_id": "n1229263857", "osm_id": "1229263857", "name": "Rondò Rivella", "service_type": "transport", "service_subtype": "tram_stop", "route_id": "torino_reale_monumentale", "route_title": "Torino Reale e Monumentale", "segment_id": "torino_reale_monumentale_04", "segment_index": 4, "from_artwork_id": "porta-palatina", "to_artwork_id": "dito-colombo", "from_title": "Porta Palatina", "to_title": "Il Dito di Colombo", "profile": "foot-walking", "distance_m": 1008.6, "duration_min": 12.103333333333333, "notes": "Segmento generato automaticamente con ORS tra due tappe consecutive." }, "geometry": { "type": "Point", "coordinates": [ 7.6891142, 45.0742634 ] } },
{ "type": "Feature", "properties": { "full_id": "n1229263917", "osm_id": "1229263917", "name": "Giardini Reali", "service_type": "transport", "service_subtype": "tram_stop", "route_id": "torino_reale_monumentale", "route_title": "Torino Reale e Monumentale", "segment_id": "torino_reale_monumentale_04", "segment_index": 4, "from_artwork_id": "porta-palatina", "to_artwork_id": "dito-colombo", "from_title": "Porta Palatina", "to_title": "Il Dito di Colombo", "profile": "foot-walking", "distance_m": 1008.6, "duration_min": 12.103333333333333, "notes": "Segmento generato automaticamente con ORS tra due tappe consecutive." }, "geometry": { "type": "Point", "coordinates": [ 7.6899122, 45.0723029 ] } },
{ "type": "Feature", "properties": { "full_id": "n1229264035", "osm_id": "1229264035", "name": "Rondò Rivella", "service_type": "transport", "service_subtype": "tram_stop", "route_id": "torino_reale_monumentale", "route_title": "Torino Reale e Monumentale", "segment_id": "torino_reale_monumentale_04", "segment_index": 4, "from_artwork_id": "porta-palatina", "to_artwork_id": "dito-colombo", "from_title": "Porta Palatina", "to_title": "Il Dito di Colombo", "profile": "foot-walking", "distance_m": 1008.6, "duration_min": 12.103333333333333, "notes": "Segmento generato automaticamente con ORS tra due tappe consecutive." }, "geometry": { "type": "Point", "coordinates": [ 7.689004, 45.07412870000001 ] } },
{ "type": "Feature", "properties": { "full_id": "n1370347434", "osm_id": "1370347434", "name": "Castello", "service_type": "transport", "service_subtype": "tram_stop", "route_id": "torino_reale_monumentale", "route_title": "Torino Reale e Monumentale", "segment_id": "torino_reale_monumentale_04", "segment_index": 4, "from_artwork_id": "porta-palatina", "to_artwork_id": "dito-colombo", "from_title": "Porta Palatina", "to_title": "Il Dito di Colombo", "profile": "foot-walking", "distance_m": 1008.6, "duration_min": 12.103333333333333, "notes": "Segmento generato automaticamente con ORS tra due tappe consecutive." }, "geometry": { "type": "Point", "coordinates": [ 7.6849195, 45.0706137 ] } },
{ "type": "Feature", "properties": { "full_id": "n1370347438", "osm_id": "1370347438", "name": "Castello Est Capolinea", "service_type": "transport", "service_subtype": "tram_stop", "route_id": "torino_reale_monumentale", "route_title": "Torino Reale e Monumentale", "segment_id": "torino_reale_monumentale_04", "segment_index": 4, "from_artwork_id": "porta-palatina", "to_artwork_id": "dito-colombo", "from_title": "Porta Palatina", "to_title": "Il Dito di Colombo", "profile": "foot-walking", "distance_m": 1008.6, "duration_min": 12.103333333333333, "notes": "Segmento generato automaticamente con ORS tra due tappe consecutive." }, "geometry": { "type": "Point", "coordinates": [ 7.6869898, 45.0708538 ] } },
{ "type": "Feature", "properties": { "full_id": "n11660081125", "osm_id": "11660081125", "name": "Giardini Reali", "service_type": "transport", "service_subtype": "tram_stop", "route_id": "torino_reale_monumentale", "route_title": "Torino Reale e Monumentale", "segment_id": "torino_reale_monumentale_04", "segment_index": 4, "from_artwork_id": "porta-palatina", "to_artwork_id": "dito-colombo", "from_title": "Porta Palatina", "to_title": "Il Dito di Colombo", "profile": "foot-walking", "distance_m": 1008.6, "duration_min": 12.103333333333333, "notes": "Segmento generato automaticamente con ORS tra due tappe consecutive." }, "geometry": { "type": "Point", "coordinates": [ 7.6906021, 45.0743304 ] } },
{ "type": "Feature", "properties": { "full_id": "n3051586234", "osm_id": "3051586234", "name": "Caffe delle Scienze", "service_type": "food_drink", "service_subtype": "bar", "route_id": "torino_reale_monumentale", "route_title": "Torino Reale e Monumentale", "segment_id": "torino_reale_monumentale_05", "segment_index": 5, "from_artwork_id": "dito-colombo", "to_artwork_id": "mole-antonelliana", "from_title": "Il Dito di Colombo", "to_title": "Mole Antonelliana", "profile": "foot-walking", "distance_m": 699.6, "duration_min": 8.395, "notes": "Segmento generato automaticamente con ORS tra due tappe consecutive." }, "geometry": { "type": "Point", "coordinates": [ 7.6855724, 45.0699298 ] } },
{ "type": "Feature", "properties": { "full_id": "n3113567232", "osm_id": "3113567232", "name": "Gilda", "service_type": "food_drink", "service_subtype": "bar", "route_id": "torino_reale_monumentale", "route_title": "Torino Reale e Monumentale", "segment_id": "torino_reale_monumentale_05", "segment_index": 5, "from_artwork_id": "dito-colombo", "to_artwork_id": "mole-antonelliana", "from_title": "Il Dito di Colombo", "to_title": "Mole Antonelliana", "profile": "foot-walking", "distance_m": 699.6, "duration_min": 8.395, "notes": "Segmento generato automaticamente con ORS tra due tappe consecutive." }, "geometry": { "type": "Point", "coordinates": [ 7.6915673, 45.0674581 ] } },
{ "type": "Feature", "properties": { "full_id": "n5117627166", "osm_id": "5117627166", "name": "Blah Blah", "service_type": "food_drink", "service_subtype": "bar", "route_id": "torino_reale_monumentale", "route_title": "Torino Reale e Monumentale", "segment_id": "torino_reale_monumentale_05", "segment_index": 5, "from_artwork_id": "dito-colombo", "to_artwork_id": "mole-antonelliana", "from_title": "Il Dito di Colombo", "to_title": "Mole Antonelliana", "profile": "foot-walking", "distance_m": 699.6, "duration_min": 8.395, "notes": "Segmento generato automaticamente con ORS tra due tappe consecutive." }, "geometry": { "type": "Point", "coordinates": [ 7.689471, 45.068834699999989 ] } },
{ "type": "Feature", "properties": { "full_id": "n5771060672", "osm_id": "5771060672", "name": "Gelateria delle Alpi", "service_type": "food_drink", "service_subtype": "bar", "route_id": "torino_reale_monumentale", "route_title": "Torino Reale e Monumentale", "segment_id": "torino_reale_monumentale_05", "segment_index": 5, "from_artwork_id": "dito-colombo", "to_artwork_id": "mole-antonelliana", "from_title": "Il Dito di Colombo", "to_title": "Mole Antonelliana", "profile": "foot-walking", "distance_m": 699.6, "duration_min": 8.395, "notes": "Segmento generato automaticamente con ORS tra due tappe consecutive." }, "geometry": { "type": "Point", "coordinates": [ 7.6898852, 45.068177799999987 ] } },
{ "type": "Feature", "properties": { "full_id": "n13839721501", "osm_id": "13839721501", "name": "The Place", "service_type": "food_drink", "service_subtype": "bar", "route_id": "torino_reale_monumentale", "route_title": "Torino Reale e Monumentale", "segment_id": "torino_reale_monumentale_05", "segment_index": 5, "from_artwork_id": "dito-colombo", "to_artwork_id": "mole-antonelliana", "from_title": "Il Dito di Colombo", "to_title": "Mole Antonelliana", "profile": "foot-walking", "distance_m": 699.6, "duration_min": 8.395, "notes": "Segmento generato automaticamente con ORS tra due tappe consecutive." }, "geometry": { "type": "Point", "coordinates": [ 7.6940484, 45.0678376 ] } },
{ "type": "Feature", "properties": { "full_id": "n320937721", "osm_id": "320937721", "name": "Caffetteria Carlo Alberto", "service_type": "food_drink", "service_subtype": "cafe", "route_id": "torino_reale_monumentale", "route_title": "Torino Reale e Monumentale", "segment_id": "torino_reale_monumentale_05", "segment_index": 5, "from_artwork_id": "dito-colombo", "to_artwork_id": "mole-antonelliana", "from_title": "Il Dito di Colombo", "to_title": "Mole Antonelliana", "profile": "foot-walking", "distance_m": 699.6, "duration_min": 8.395, "notes": "Segmento generato automaticamente con ORS tra due tappe consecutive." }, "geometry": { "type": "Point", "coordinates": [ 7.6870089, 45.0689192 ] } },
{ "type": "Feature", "properties": { "full_id": "n1487933346", "osm_id": "1487933346", "name": "Caffè Baratti e Milano", "service_type": "food_drink", "service_subtype": "cafe", "route_id": "torino_reale_monumentale", "route_title": "Torino Reale e Monumentale", "segment_id": "torino_reale_monumentale_05", "segment_index": 5, "from_artwork_id": "dito-colombo", "to_artwork_id": "mole-antonelliana", "from_title": "Il Dito di Colombo", "to_title": "Mole Antonelliana", "profile": "foot-walking", "distance_m": 699.6, "duration_min": 8.395, "notes": "Segmento generato automaticamente con ORS tra due tappe consecutive." }, "geometry": { "type": "Point", "coordinates": [ 7.6866058, 45.0697211 ] } },
{ "type": "Feature", "properties": { "full_id": "n3051585734", "osm_id": "3051585734", "name": "Al Montebello", "service_type": "food_drink", "service_subtype": "cafe", "route_id": "torino_reale_monumentale", "route_title": "Torino Reale e Monumentale", "segment_id": "torino_reale_monumentale_05", "segment_index": 5, "from_artwork_id": "dito-colombo", "to_artwork_id": "mole-antonelliana", "from_title": "Il Dito di Colombo", "to_title": "Mole Antonelliana", "profile": "foot-walking", "distance_m": 699.6, "duration_min": 8.395, "notes": "Segmento generato automaticamente con ORS tra due tappe consecutive." }, "geometry": { "type": "Point", "coordinates": [ 7.6927817, 45.0691241 ] } },
{ "type": "Feature", "properties": { "full_id": "n3363437031", "osm_id": "3363437031", "name": "Caffè Gelateria Fiorio", "service_type": "food_drink", "service_subtype": "cafe", "route_id": "torino_reale_monumentale", "route_title": "Torino Reale e Monumentale", "segment_id": "torino_reale_monumentale_05", "segment_index": 5, "from_artwork_id": "dito-colombo", "to_artwork_id": "mole-antonelliana", "from_title": "Il Dito di Colombo", "to_title": "Mole Antonelliana", "profile": "foot-walking", "distance_m": 699.6, "duration_min": 8.395, "notes": "Segmento generato automaticamente con ORS tra due tappe consecutive." }, "geometry": { "type": "Point", "coordinates": [ 7.6881141, 45.0694059 ] } },
{ "type": "Feature", "properties": { "full_id": "n3774212366", "osm_id": "3774212366", "name": "Fiorio", "service_type": "food_drink", "service_subtype": "cafe", "route_id": "torino_reale_monumentale", "route_title": "Torino Reale e Monumentale", "segment_id": "torino_reale_monumentale_05", "segment_index": 5, "from_artwork_id": "dito-colombo", "to_artwork_id": "mole-antonelliana", "from_title": "Il Dito di Colombo", "to_title": "Mole Antonelliana", "profile": "foot-walking", "distance_m": 699.6, "duration_min": 8.395, "notes": "Segmento generato automaticamente con ORS tra due tappe consecutive." }, "geometry": { "type": "Point", "coordinates": [ 7.6844204, 45.0713398 ] } },
{ "type": "Feature", "properties": { "full_id": "n3898754185", "osm_id": "3898754185", "name": "Natura", "service_type": "food_drink", "service_subtype": "cafe", "route_id": "torino_reale_monumentale", "route_title": "Torino Reale e Monumentale", "segment_id": "torino_reale_monumentale_05", "segment_index": 5, "from_artwork_id": "dito-colombo", "to_artwork_id": "mole-antonelliana", "from_title": "Il Dito di Colombo", "to_title": "Mole Antonelliana", "profile": "foot-walking", "distance_m": 699.6, "duration_min": 8.395, "notes": "Segmento generato automaticamente con ORS tra due tappe consecutive." }, "geometry": { "type": "Point", "coordinates": [ 7.6873112, 45.0698573 ] } },
{ "type": "Feature", "properties": { "full_id": "n4736058970", "osm_id": "4736058970", "name": "Caffè Mulassano", "service_type": "food_drink", "service_subtype": "cafe", "route_id": "torino_reale_monumentale", "route_title": "Torino Reale e Monumentale", "segment_id": "torino_reale_monumentale_05", "segment_index": 5, "from_artwork_id": "dito-colombo", "to_artwork_id": "mole-antonelliana", "from_title": "Il Dito di Colombo", "to_title": "Mole Antonelliana", "profile": "foot-walking", "distance_m": 699.6, "duration_min": 8.395, "notes": "Segmento generato automaticamente con ORS tra due tappe consecutive." }, "geometry": { "type": "Point", "coordinates": [ 7.6868085, 45.0698461 ] } },
{ "type": "Feature", "properties": { "full_id": "n5028810721", "osm_id": "5028810721", "name": "PastHouse", "service_type": "food_drink", "service_subtype": "cafe", "route_id": "torino_reale_monumentale", "route_title": "Torino Reale e Monumentale", "segment_id": "torino_reale_monumentale_05", "segment_index": 5, "from_artwork_id": "dito-colombo", "to_artwork_id": "mole-antonelliana", "from_title": "Il Dito di Colombo", "to_title": "Mole Antonelliana", "profile": "foot-walking", "distance_m": 699.6, "duration_min": 8.395, "notes": "Segmento generato automaticamente con ORS tra due tappe consecutive." }, "geometry": { "type": "Point", "coordinates": [ 7.6928555, 45.0692324 ] } },
{ "type": "Feature", "properties": { "full_id": "n5113659496", "osm_id": "5113659496", "name": "Bar gelateria", "service_type": "food_drink", "service_subtype": "cafe", "route_id": "torino_reale_monumentale", "route_title": "Torino Reale e Monumentale", "segment_id": "torino_reale_monumentale_05", "segment_index": 5, "from_artwork_id": "dito-colombo", "to_artwork_id": "mole-antonelliana", "from_title": "Il Dito di Colombo", "to_title": "Mole Antonelliana", "profile": "foot-walking", "distance_m": 699.6, "duration_min": 8.395, "notes": "Segmento generato automaticamente con ORS tra due tappe consecutive." }, "geometry": { "type": "Point", "coordinates": [ 7.689047, 45.0687517 ] } },
{ "type": "Feature", "properties": { "full_id": "n5113659516", "osm_id": "5113659516", "name": "cafe bar universita", "service_type": "food_drink", "service_subtype": "cafe", "route_id": "torino_reale_monumentale", "route_title": "Torino Reale e Monumentale", "segment_id": "torino_reale_monumentale_05", "segment_index": 5, "from_artwork_id": "dito-colombo", "to_artwork_id": "mole-antonelliana", "from_title": "Il Dito di Colombo", "to_title": "Mole Antonelliana", "profile": "foot-walking", "distance_m": 699.6, "duration_min": 8.395, "notes": "Segmento generato automaticamente con ORS tra due tappe consecutive." }, "geometry": { "type": "Point", "coordinates": [ 7.6877854, 45.069549 ] } },
{ "type": "Feature", "properties": { "full_id": "n5117626883", "osm_id": "5117626883", "name": "Caffè Roberto", "service_type": "food_drink", "service_subtype": "cafe", "route_id": "torino_reale_monumentale", "route_title": "Torino Reale e Monumentale", "segment_id": "torino_reale_monumentale_05", "segment_index": 5, "from_artwork_id": "dito-colombo", "to_artwork_id": "mole-antonelliana", "from_title": "Il Dito di Colombo", "to_title": "Mole Antonelliana", "profile": "foot-walking", "distance_m": 699.6, "duration_min": 8.395, "notes": "Segmento generato automaticamente con ORS tra due tappe consecutive." }, "geometry": { "type": "Point", "coordinates": [ 7.6876447, 45.070017 ] } },
{ "type": "Feature", "properties": { "full_id": "n5117627174", "osm_id": "5117627174", "name": "Caffeteria Po", "service_type": "food_drink", "service_subtype": "cafe", "route_id": "torino_reale_monumentale", "route_title": "Torino Reale e Monumentale", "segment_id": "torino_reale_monumentale_05", "segment_index": 5, "from_artwork_id": "dito-colombo", "to_artwork_id": "mole-antonelliana", "from_title": "Il Dito di Colombo", "to_title": "Mole Antonelliana", "profile": "foot-walking", "distance_m": 699.6, "duration_min": 8.395, "notes": "Segmento generato automaticamente con ORS tra due tappe consecutive." }, "geometry": { "type": "Point", "coordinates": [ 7.6901765, 45.0683736 ] } },
{ "type": "Feature", "properties": { "full_id": "n5152012366", "osm_id": "5152012366", "name": "Efeso Bistrot Café", "service_type": "food_drink", "service_subtype": "cafe", "route_id": "torino_reale_monumentale", "route_title": "Torino Reale e Monumentale", "segment_id": "torino_reale_monumentale_05", "segment_index": 5, "from_artwork_id": "dito-colombo", "to_artwork_id": "mole-antonelliana", "from_title": "Il Dito di Colombo", "to_title": "Mole Antonelliana", "profile": "foot-walking", "distance_m": 699.6, "duration_min": 8.395, "notes": "Segmento generato automaticamente con ORS tra due tappe consecutive." }, "geometry": { "type": "Point", "coordinates": [ 7.692694, 45.0681383 ] } },
{ "type": "Feature", "properties": { "full_id": "n5941324679", "osm_id": "5941324679", "name": "Se Puede", "service_type": "food_drink", "service_subtype": "cafe", "route_id": "torino_reale_monumentale", "route_title": "Torino Reale e Monumentale", "segment_id": "torino_reale_monumentale_05", "segment_index": 5, "from_artwork_id": "dito-colombo", "to_artwork_id": "mole-antonelliana", "from_title": "Il Dito di Colombo", "to_title": "Mole Antonelliana", "profile": "foot-walking", "distance_m": 699.6, "duration_min": 8.395, "notes": "Segmento generato automaticamente con ORS tra due tappe consecutive." }, "geometry": { "type": "Point", "coordinates": [ 7.6934361, 45.0680907 ] } },
{ "type": "Feature", "properties": { "full_id": "n5941325187", "osm_id": "5941325187", "name": "Caffè Regio", "service_type": "food_drink", "service_subtype": "cafe", "route_id": "torino_reale_monumentale", "route_title": "Torino Reale e Monumentale", "segment_id": "torino_reale_monumentale_05", "segment_index": 5, "from_artwork_id": "dito-colombo", "to_artwork_id": "mole-antonelliana", "from_title": "Il Dito di Colombo", "to_title": "Mole Antonelliana", "profile": "foot-walking", "distance_m": 699.6, "duration_min": 8.395, "notes": "Segmento generato automaticamente con ORS tra due tappe consecutive." }, "geometry": { "type": "Point", "coordinates": [ 7.6875001, 45.0701076 ] } },
{ "type": "Feature", "properties": { "full_id": "n5941325215", "osm_id": "5941325215", "name": "Espresseria Della ribalta", "service_type": "food_drink", "service_subtype": "cafe", "route_id": "torino_reale_monumentale", "route_title": "Torino Reale e Monumentale", "segment_id": "torino_reale_monumentale_05", "segment_index": 5, "from_artwork_id": "dito-colombo", "to_artwork_id": "mole-antonelliana", "from_title": "Il Dito di Colombo", "to_title": "Mole Antonelliana", "profile": "foot-walking", "distance_m": 699.6, "duration_min": 8.395, "notes": "Segmento generato automaticamente con ORS tra due tappe consecutive." }, "geometry": { "type": "Point", "coordinates": [ 7.691162, 45.069325 ] } },
{ "type": "Feature", "properties": { "full_id": "n5941325221", "osm_id": "5941325221", "name": "Caffè Nuovo Nazionale", "service_type": "food_drink", "service_subtype": "cafe", "route_id": "torino_reale_monumentale", "route_title": "Torino Reale e Monumentale", "segment_id": "torino_reale_monumentale_05", "segment_index": 5, "from_artwork_id": "dito-colombo", "to_artwork_id": "mole-antonelliana", "from_title": "Il Dito di Colombo", "to_title": "Mole Antonelliana", "profile": "foot-walking", "distance_m": 699.6, "duration_min": 8.395, "notes": "Segmento generato automaticamente con ORS tra due tappe consecutive." }, "geometry": { "type": "Point", "coordinates": [ 7.6902359, 45.0679791 ] } },
{ "type": "Feature", "properties": { "full_id": "n12165781942", "osm_id": "12165781942", "name": "Caffé Roberto", "service_type": "food_drink", "service_subtype": "cafe", "route_id": "torino_reale_monumentale", "route_title": "Torino Reale e Monumentale", "segment_id": "torino_reale_monumentale_05", "segment_index": 5, "from_artwork_id": "dito-colombo", "to_artwork_id": "mole-antonelliana", "from_title": "Il Dito di Colombo", "to_title": "Mole Antonelliana", "profile": "foot-walking", "distance_m": 699.6, "duration_min": 8.395, "notes": "Segmento generato automaticamente con ORS tra due tappe consecutive." }, "geometry": { "type": "Point", "coordinates": [ 7.6876276, 45.0701605 ] } },
{ "type": "Feature", "properties": { "full_id": "n13340544602", "osm_id": "13340544602", "name": "Barney's", "service_type": "food_drink", "service_subtype": "cafe", "route_id": "torino_reale_monumentale", "route_title": "Torino Reale e Monumentale", "segment_id": "torino_reale_monumentale_05", "segment_index": 5, "from_artwork_id": "dito-colombo", "to_artwork_id": "mole-antonelliana", "from_title": "Il Dito di Colombo", "to_title": "Mole Antonelliana", "profile": "foot-walking", "distance_m": 699.6, "duration_min": 8.395, "notes": "Segmento generato automaticamente con ORS tra due tappe consecutive." }, "geometry": { "type": "Point", "coordinates": [ 7.6879468, 45.0686329 ] } },
{ "type": "Feature", "properties": { "full_id": "n3113566837", "osm_id": "3113566837", "name": "La Romana", "service_type": "food_drink", "service_subtype": "ice_cream", "route_id": "torino_reale_monumentale", "route_title": "Torino Reale e Monumentale", "segment_id": "torino_reale_monumentale_05", "segment_index": 5, "from_artwork_id": "dito-colombo", "to_artwork_id": "mole-antonelliana", "from_title": "Il Dito di Colombo", "to_title": "Mole Antonelliana", "profile": "foot-walking", "distance_m": 699.6, "duration_min": 8.395, "notes": "Segmento generato automaticamente con ORS tra due tappe consecutive." }, "geometry": { "type": "Point", "coordinates": [ 7.6929763, 45.069378 ] } },
{ "type": "Feature", "properties": { "full_id": "n4736058939", "osm_id": "4736058939", "name": "Menodiciotto", "service_type": "food_drink", "service_subtype": "ice_cream", "route_id": "torino_reale_monumentale", "route_title": "Torino Reale e Monumentale", "segment_id": "torino_reale_monumentale_05", "segment_index": 5, "from_artwork_id": "dito-colombo", "to_artwork_id": "mole-antonelliana", "from_title": "Il Dito di Colombo", "to_title": "Mole Antonelliana", "profile": "foot-walking", "distance_m": 699.6, "duration_min": 8.395, "notes": "Segmento generato automaticamente con ORS tra due tappe consecutive." }, "geometry": { "type": "Point", "coordinates": [ 7.6856669, 45.070122 ] } },
{ "type": "Feature", "properties": { "full_id": "n5117626900", "osm_id": "5117626900", "name": "Alberto Marchetti", "service_type": "food_drink", "service_subtype": "ice_cream", "route_id": "torino_reale_monumentale", "route_title": "Torino Reale e Monumentale", "segment_id": "torino_reale_monumentale_05", "segment_index": 5, "from_artwork_id": "dito-colombo", "to_artwork_id": "mole-antonelliana", "from_title": "Il Dito di Colombo", "to_title": "Mole Antonelliana", "profile": "foot-walking", "distance_m": 699.6, "duration_min": 8.395, "notes": "Segmento generato automaticamente con ORS tra due tappe consecutive." }, "geometry": { "type": "Point", "coordinates": [ 7.6910174, 45.067828 ] } },
{ "type": "Feature", "properties": { "full_id": "n9762086186", "osm_id": "9762086186", "name": "CioccolatItaliani", "service_type": "food_drink", "service_subtype": "ice_cream", "route_id": "torino_reale_monumentale", "route_title": "Torino Reale e Monumentale", "segment_id": "torino_reale_monumentale_05", "segment_index": 5, "from_artwork_id": "dito-colombo", "to_artwork_id": "mole-antonelliana", "from_title": "Il Dito di Colombo", "to_title": "Mole Antonelliana", "profile": "foot-walking", "distance_m": 699.6, "duration_min": 8.395, "notes": "Segmento generato automaticamente con ORS tra due tappe consecutive." }, "geometry": { "type": "Point", "coordinates": [ 7.6938082, 45.0675405 ] } },
{ "type": "Feature", "properties": { "full_id": "n11378257734", "osm_id": "11378257734", "name": "Via Trento - Gelato & Caffè", "service_type": "food_drink", "service_subtype": "ice_cream", "route_id": "torino_reale_monumentale", "route_title": "Torino Reale e Monumentale", "segment_id": "torino_reale_monumentale_05", "segment_index": 5, "from_artwork_id": "dito-colombo", "to_artwork_id": "mole-antonelliana", "from_title": "Il Dito di Colombo", "to_title": "Mole Antonelliana", "profile": "foot-walking", "distance_m": 699.6, "duration_min": 8.395, "notes": "Segmento generato automaticamente con ORS tra due tappe consecutive." }, "geometry": { "type": "Point", "coordinates": [ 7.6922045, 45.0666765 ] } },
{ "type": "Feature", "properties": { "full_id": "n13176516424", "osm_id": "13176516424", "name": "Crem Glasse", "service_type": "food_drink", "service_subtype": "ice_cream", "route_id": "torino_reale_monumentale", "route_title": "Torino Reale e Monumentale", "segment_id": "torino_reale_monumentale_05", "segment_index": 5, "from_artwork_id": "dito-colombo", "to_artwork_id": "mole-antonelliana", "from_title": "Il Dito di Colombo", "to_title": "Mole Antonelliana", "profile": "foot-walking", "distance_m": 699.6, "duration_min": 8.395, "notes": "Segmento generato automaticamente con ORS tra due tappe consecutive." }, "geometry": { "type": "Point", "coordinates": [ 7.6913531, 45.0672344 ] } },
{ "type": "Feature", "properties": { "full_id": "n1185414577", "osm_id": "1185414577", "name": "Po", "service_type": "transport", "service_subtype": "bus_stop", "route_id": "torino_reale_monumentale", "route_title": "Torino Reale e Monumentale", "segment_id": "torino_reale_monumentale_05", "segment_index": 5, "from_artwork_id": "dito-colombo", "to_artwork_id": "mole-antonelliana", "from_title": "Il Dito di Colombo", "to_title": "Mole Antonelliana", "profile": "foot-walking", "distance_m": 699.6, "duration_min": 8.395, "notes": "Segmento generato automaticamente con ORS tra due tappe consecutive." }, "geometry": { "type": "Point", "coordinates": [ 7.6906121, 45.06876590000001 ] } },
{ "type": "Feature", "properties": { "full_id": "n1262190131", "osm_id": "1262190131", "name": "Castello", "service_type": "transport", "service_subtype": "bus_stop", "route_id": "torino_reale_monumentale", "route_title": "Torino Reale e Monumentale", "segment_id": "torino_reale_monumentale_05", "segment_index": 5, "from_artwork_id": "dito-colombo", "to_artwork_id": "mole-antonelliana", "from_title": "Il Dito di Colombo", "to_title": "Mole Antonelliana", "profile": "foot-walking", "distance_m": 699.6, "duration_min": 8.395, "notes": "Segmento generato automaticamente con ORS tra due tappe consecutive." }, "geometry": { "type": "Point", "coordinates": [ 7.6853713, 45.0703952 ] } },
{ "type": "Feature", "properties": { "full_id": "n1262196798", "osm_id": "1262196798", "name": "Ferrari", "service_type": "transport", "service_subtype": "bus_stop", "route_id": "torino_reale_monumentale", "route_title": "Torino Reale e Monumentale", "segment_id": "torino_reale_monumentale_05", "segment_index": 5, "from_artwork_id": "dito-colombo", "to_artwork_id": "mole-antonelliana", "from_title": "Il Dito di Colombo", "to_title": "Mole Antonelliana", "profile": "foot-walking", "distance_m": 699.6, "duration_min": 8.395, "notes": "Segmento generato automaticamente con ORS tra due tappe consecutive." }, "geometry": { "type": "Point", "coordinates": [ 7.6946995, 45.0689542 ] } },
{ "type": "Feature", "properties": { "full_id": "n1262196900", "osm_id": "1262196900", "name": "Montebello", "service_type": "transport", "service_subtype": "bus_stop", "route_id": "torino_reale_monumentale", "route_title": "Torino Reale e Monumentale", "segment_id": "torino_reale_monumentale_05", "segment_index": 5, "from_artwork_id": "dito-colombo", "to_artwork_id": "mole-antonelliana", "from_title": "Il Dito di Colombo", "to_title": "Mole Antonelliana", "profile": "foot-walking", "distance_m": 699.6, "duration_min": 8.395, "notes": "Segmento generato automaticamente con ORS tra due tappe consecutive." }, "geometry": { "type": "Point", "coordinates": [ 7.692925, 45.0695208 ] } },
{ "type": "Feature", "properties": { "full_id": "n1262198026", "osm_id": "1262198026", "name": "Accademia Albertina", "service_type": "transport", "service_subtype": "bus_stop", "route_id": "torino_reale_monumentale", "route_title": "Torino Reale e Monumentale", "segment_id": "torino_reale_monumentale_05", "segment_index": 5, "from_artwork_id": "dito-colombo", "to_artwork_id": "mole-antonelliana", "from_title": "Il Dito di Colombo", "to_title": "Mole Antonelliana", "profile": "foot-walking", "distance_m": 699.6, "duration_min": 8.395, "notes": "Segmento generato automaticamente con ORS tra due tappe consecutive." }, "geometry": { "type": "Point", "coordinates": [ 7.6900316, 45.068243 ] } },
{ "type": "Feature", "properties": { "full_id": "n1262200213", "osm_id": "1262200213", "name": "Sant'Ottavio", "service_type": "transport", "service_subtype": "bus_stop", "route_id": "torino_reale_monumentale", "route_title": "Torino Reale e Monumentale", "segment_id": "torino_reale_monumentale_05", "segment_index": 5, "from_artwork_id": "dito-colombo", "to_artwork_id": "mole-antonelliana", "from_title": "Il Dito di Colombo", "to_title": "Mole Antonelliana", "profile": "foot-walking", "distance_m": 699.6, "duration_min": 8.395, "notes": "Segmento generato automaticamente con ORS tra due tappe consecutive." }, "geometry": { "type": "Point", "coordinates": [ 7.69243, 45.0666807 ] } },
{ "type": "Feature", "properties": { "full_id": "n1262203030", "osm_id": "1262203030", "name": "Sant'Ottavio", "service_type": "transport", "service_subtype": "bus_stop", "route_id": "torino_reale_monumentale", "route_title": "Torino Reale e Monumentale", "segment_id": "torino_reale_monumentale_05", "segment_index": 5, "from_artwork_id": "dito-colombo", "to_artwork_id": "mole-antonelliana", "from_title": "Il Dito di Colombo", "to_title": "Mole Antonelliana", "profile": "foot-walking", "distance_m": 699.6, "duration_min": 8.395, "notes": "Segmento generato automaticamente con ORS tra due tappe consecutive." }, "geometry": { "type": "Point", "coordinates": [ 7.69313, 45.0671 ] } },
{ "type": "Feature", "properties": { "full_id": "n1262207476", "osm_id": "1262207476", "name": "Castello", "service_type": "transport", "service_subtype": "bus_stop", "route_id": "torino_reale_monumentale", "route_title": "Torino Reale e Monumentale", "segment_id": "torino_reale_monumentale_05", "segment_index": 5, "from_artwork_id": "dito-colombo", "to_artwork_id": "mole-antonelliana", "from_title": "Il Dito di Colombo", "to_title": "Mole Antonelliana", "profile": "foot-walking", "distance_m": 699.6, "duration_min": 8.395, "notes": "Segmento generato automaticamente con ORS tra due tappe consecutive." }, "geometry": { "type": "Point", "coordinates": [ 7.6849471, 45.0706322 ] } },
{ "type": "Feature", "properties": { "full_id": "n1262208323", "osm_id": "1262208323", "name": "Po", "service_type": "transport", "service_subtype": "bus_stop", "route_id": "torino_reale_monumentale", "route_title": "Torino Reale e Monumentale", "segment_id": "torino_reale_monumentale_05", "segment_index": 5, "from_artwork_id": "dito-colombo", "to_artwork_id": "mole-antonelliana", "from_title": "Il Dito di Colombo", "to_title": "Mole Antonelliana", "profile": "foot-walking", "distance_m": 699.6, "duration_min": 8.395, "notes": "Segmento generato automaticamente con ORS tra due tappe consecutive." }, "geometry": { "type": "Point", "coordinates": [ 7.6898794, 45.0675793 ] } },
{ "type": "Feature", "properties": { "full_id": "n1262209112", "osm_id": "1262209112", "name": "Mole Antonelliana", "service_type": "transport", "service_subtype": "bus_stop", "route_id": "torino_reale_monumentale", "route_title": "Torino Reale e Monumentale", "segment_id": "torino_reale_monumentale_05", "segment_index": 5, "from_artwork_id": "dito-colombo", "to_artwork_id": "mole-antonelliana", "from_title": "Il Dito di Colombo", "to_title": "Mole Antonelliana", "profile": "foot-walking", "distance_m": 699.6, "duration_min": 8.395, "notes": "Segmento generato automaticamente con ORS tra due tappe consecutive." }, "geometry": { "type": "Point", "coordinates": [ 7.693693, 45.0705047 ] } },
{ "type": "Feature", "properties": { "full_id": "n1262209930", "osm_id": "1262209930", "name": "Rossini", "service_type": "transport", "service_subtype": "bus_stop", "route_id": "torino_reale_monumentale", "route_title": "Torino Reale e Monumentale", "segment_id": "torino_reale_monumentale_05", "segment_index": 5, "from_artwork_id": "dito-colombo", "to_artwork_id": "mole-antonelliana", "from_title": "Il Dito di Colombo", "to_title": "Mole Antonelliana", "profile": "foot-walking", "distance_m": 699.6, "duration_min": 8.395, "notes": "Segmento generato automaticamente con ORS tra due tappe consecutive." }, "geometry": { "type": "Point", "coordinates": [ 7.6904328, 45.06804 ] } },
{ "type": "Feature", "properties": { "full_id": "n1262212401", "osm_id": "1262212401", "name": "Sant'Ottavio", "service_type": "transport", "service_subtype": "bus_stop", "route_id": "torino_reale_monumentale", "route_title": "Torino Reale e Monumentale", "segment_id": "torino_reale_monumentale_05", "segment_index": 5, "from_artwork_id": "dito-colombo", "to_artwork_id": "mole-antonelliana", "from_title": "Il Dito di Colombo", "to_title": "Mole Antonelliana", "profile": "foot-walking", "distance_m": 699.6, "duration_min": 8.395, "notes": "Segmento generato automaticamente con ORS tra due tappe consecutive." }, "geometry": { "type": "Point", "coordinates": [ 7.6933562, 45.0671405 ] } },
{ "type": "Feature", "properties": { "full_id": "n1491228854", "osm_id": "1491228854", "name": "Piazza Castello", "service_type": "transport", "service_subtype": "bus_stop", "route_id": "torino_reale_monumentale", "route_title": "Torino Reale e Monumentale", "segment_id": "torino_reale_monumentale_05", "segment_index": 5, "from_artwork_id": "dito-colombo", "to_artwork_id": "mole-antonelliana", "from_title": "Il Dito di Colombo", "to_title": "Mole Antonelliana", "profile": "foot-walking", "distance_m": 699.6, "duration_min": 8.395, "notes": "Segmento generato automaticamente con ORS tra due tappe consecutive." }, "geometry": { "type": "Point", "coordinates": [ 7.6865906, 45.0700846 ] } },
{ "type": "Feature", "properties": { "full_id": "n3350079082", "osm_id": "3350079082", "name": "Palazzo Nuovo", "service_type": "transport", "service_subtype": "bus_stop", "route_id": "torino_reale_monumentale", "route_title": "Torino Reale e Monumentale", "segment_id": "torino_reale_monumentale_05", "segment_index": 5, "from_artwork_id": "dito-colombo", "to_artwork_id": "mole-antonelliana", "from_title": "Il Dito di Colombo", "to_title": "Mole Antonelliana", "profile": "foot-walking", "distance_m": 699.6, "duration_min": 8.395, "notes": "Segmento generato automaticamente con ORS tra due tappe consecutive." }, "geometry": { "type": "Point", "coordinates": [ 7.6951426, 45.0691989 ] } },
{ "type": "Feature", "properties": { "full_id": "n6851570620", "osm_id": "6851570620", "name": "Verdi", "service_type": "transport", "service_subtype": "bus_stop", "route_id": "torino_reale_monumentale", "route_title": "Torino Reale e Monumentale", "segment_id": "torino_reale_monumentale_05", "segment_index": 5, "from_artwork_id": "dito-colombo", "to_artwork_id": "mole-antonelliana", "from_title": "Il Dito di Colombo", "to_title": "Mole Antonelliana", "profile": "foot-walking", "distance_m": 699.6, "duration_min": 8.395, "notes": "Segmento generato automaticamente con ORS tra due tappe consecutive." }, "geometry": { "type": "Point", "coordinates": [ 7.6906462, 45.0686482 ] } },
{ "type": "Feature", "properties": { "full_id": "n11657164483", "osm_id": "11657164483", "name": "Castello Est Capolinea", "service_type": "transport", "service_subtype": "bus_stop", "route_id": "torino_reale_monumentale", "route_title": "Torino Reale e Monumentale", "segment_id": "torino_reale_monumentale_05", "segment_index": 5, "from_artwork_id": "dito-colombo", "to_artwork_id": "mole-antonelliana", "from_title": "Il Dito di Colombo", "to_title": "Mole Antonelliana", "profile": "foot-walking", "distance_m": 699.6, "duration_min": 8.395, "notes": "Segmento generato automaticamente con ORS tra due tappe consecutive." }, "geometry": { "type": "Point", "coordinates": [ 7.6870212, 45.0708299 ] } },
{ "type": "Feature", "properties": { "full_id": "n11657164484", "osm_id": "11657164484", "name": "Castello Capolinea", "service_type": "transport", "service_subtype": "bus_stop", "route_id": "torino_reale_monumentale", "route_title": "Torino Reale e Monumentale", "segment_id": "torino_reale_monumentale_05", "segment_index": 5, "from_artwork_id": "dito-colombo", "to_artwork_id": "mole-antonelliana", "from_title": "Il Dito di Colombo", "to_title": "Mole Antonelliana", "profile": "foot-walking", "distance_m": 699.6, "duration_min": 8.395, "notes": "Segmento generato automaticamente con ORS tra due tappe consecutive." }, "geometry": { "type": "Point", "coordinates": [ 7.6868105, 45.0707193 ] } },
{ "type": "Feature", "properties": { "full_id": "n943330768", "osm_id": "943330768", "name": "Castello", "service_type": "transport", "service_subtype": "tram_stop", "route_id": "torino_reale_monumentale", "route_title": "Torino Reale e Monumentale", "segment_id": "torino_reale_monumentale_05", "segment_index": 5, "from_artwork_id": "dito-colombo", "to_artwork_id": "mole-antonelliana", "from_title": "Il Dito di Colombo", "to_title": "Mole Antonelliana", "profile": "foot-walking", "distance_m": 699.6, "duration_min": 8.395, "notes": "Segmento generato automaticamente con ORS tra due tappe consecutive." }, "geometry": { "type": "Point", "coordinates": [ 7.6853867, 45.0704138 ] } },
{ "type": "Feature", "properties": { "full_id": "n1168270504", "osm_id": "1168270504", "name": "Palazzo Nuovo", "service_type": "transport", "service_subtype": "tram_stop", "route_id": "torino_reale_monumentale", "route_title": "Torino Reale e Monumentale", "segment_id": "torino_reale_monumentale_05", "segment_index": 5, "from_artwork_id": "dito-colombo", "to_artwork_id": "mole-antonelliana", "from_title": "Il Dito di Colombo", "to_title": "Mole Antonelliana", "profile": "foot-walking", "distance_m": 699.6, "duration_min": 8.395, "notes": "Segmento generato automaticamente con ORS tra due tappe consecutive." }, "geometry": { "type": "Point", "coordinates": [ 7.6951914, 45.0692277 ] } },
{ "type": "Feature", "properties": { "full_id": "n1229263851", "osm_id": "1229263851", "name": "Castello Capolinea", "service_type": "transport", "service_subtype": "tram_stop", "route_id": "torino_reale_monumentale", "route_title": "Torino Reale e Monumentale", "segment_id": "torino_reale_monumentale_05", "segment_index": 5, "from_artwork_id": "dito-colombo", "to_artwork_id": "mole-antonelliana", "from_title": "Il Dito di Colombo", "to_title": "Mole Antonelliana", "profile": "foot-walking", "distance_m": 699.6, "duration_min": 8.395, "notes": "Segmento generato automaticamente con ORS tra due tappe consecutive." }, "geometry": { "type": "Point", "coordinates": [ 7.6868499, 45.0707242 ] } },
{ "type": "Feature", "properties": { "full_id": "n1229264040", "osm_id": "1229264040", "name": "Po", "service_type": "transport", "service_subtype": "tram_stop", "route_id": "torino_reale_monumentale", "route_title": "Torino Reale e Monumentale", "segment_id": "torino_reale_monumentale_05", "segment_index": 5, "from_artwork_id": "dito-colombo", "to_artwork_id": "mole-antonelliana", "from_title": "Il Dito di Colombo", "to_title": "Mole Antonelliana", "profile": "foot-walking", "distance_m": 699.6, "duration_min": 8.395, "notes": "Segmento generato automaticamente con ORS tra due tappe consecutive." }, "geometry": { "type": "Point", "coordinates": [ 7.6898548, 45.0675814 ] } },
{ "type": "Feature", "properties": { "full_id": "n1230710263", "osm_id": "1230710263", "name": "Mole Antonelliana", "service_type": "transport", "service_subtype": "tram_stop", "route_id": "torino_reale_monumentale", "route_title": "Torino Reale e Monumentale", "segment_id": "torino_reale_monumentale_05", "segment_index": 5, "from_artwork_id": "dito-colombo", "to_artwork_id": "mole-antonelliana", "from_title": "Il Dito di Colombo", "to_title": "Mole Antonelliana", "profile": "foot-walking", "distance_m": 699.6, "duration_min": 8.395, "notes": "Segmento generato automaticamente con ORS tra due tappe consecutive." }, "geometry": { "type": "Point", "coordinates": [ 7.693809, 45.0705776 ] } },
{ "type": "Feature", "properties": { "full_id": "n1370347434", "osm_id": "1370347434", "name": "Castello", "service_type": "transport", "service_subtype": "tram_stop", "route_id": "torino_reale_monumentale", "route_title": "Torino Reale e Monumentale", "segment_id": "torino_reale_monumentale_05", "segment_index": 5, "from_artwork_id": "dito-colombo", "to_artwork_id": "mole-antonelliana", "from_title": "Il Dito di Colombo", "to_title": "Mole Antonelliana", "profile": "foot-walking", "distance_m": 699.6, "duration_min": 8.395, "notes": "Segmento generato automaticamente con ORS tra due tappe consecutive." }, "geometry": { "type": "Point", "coordinates": [ 7.6849195, 45.0706137 ] } },
{ "type": "Feature", "properties": { "full_id": "n1370347438", "osm_id": "1370347438", "name": "Castello Est Capolinea", "service_type": "transport", "service_subtype": "tram_stop", "route_id": "torino_reale_monumentale", "route_title": "Torino Reale e Monumentale", "segment_id": "torino_reale_monumentale_05", "segment_index": 5, "from_artwork_id": "dito-colombo", "to_artwork_id": "mole-antonelliana", "from_title": "Il Dito di Colombo", "to_title": "Mole Antonelliana", "profile": "foot-walking", "distance_m": 699.6, "duration_min": 8.395, "notes": "Segmento generato automaticamente con ORS tra due tappe consecutive." }, "geometry": { "type": "Point", "coordinates": [ 7.6869898, 45.0708538 ] } },
{ "type": "Feature", "properties": { "full_id": "n12616325336", "osm_id": "12616325336", "name": "Rossini", "service_type": "transport", "service_subtype": "tram_stop", "route_id": "torino_reale_monumentale", "route_title": "Torino Reale e Monumentale", "segment_id": "torino_reale_monumentale_05", "segment_index": 5, "from_artwork_id": "dito-colombo", "to_artwork_id": "mole-antonelliana", "from_title": "Il Dito di Colombo", "to_title": "Mole Antonelliana", "profile": "foot-walking", "distance_m": 699.6, "duration_min": 8.395, "notes": "Segmento generato automaticamente con ORS tra due tappe consecutive." }, "geometry": { "type": "Point", "coordinates": [ 7.6904253, 45.068035699999989 ] } },
{ "type": "Feature", "properties": { "full_id": "n12715581035", "osm_id": "12715581035", "name": "Sant'Ottavio", "service_type": "transport", "service_subtype": "tram_stop", "route_id": "torino_reale_monumentale", "route_title": "Torino Reale e Monumentale", "segment_id": "torino_reale_monumentale_05", "segment_index": 5, "from_artwork_id": "dito-colombo", "to_artwork_id": "mole-antonelliana", "from_title": "Il Dito di Colombo", "to_title": "Mole Antonelliana", "profile": "foot-walking", "distance_m": 699.6, "duration_min": 8.395, "notes": "Segmento generato automaticamente con ORS tra due tappe consecutive." }, "geometry": { "type": "Point", "coordinates": [ 7.6924329, 45.066697899999987 ] } },
{ "type": "Feature", "properties": { "full_id": "n12715581050", "osm_id": "12715581050", "name": "Accademia Albertina", "service_type": "transport", "service_subtype": "tram_stop", "route_id": "torino_reale_monumentale", "route_title": "Torino Reale e Monumentale", "segment_id": "torino_reale_monumentale_05", "segment_index": 5, "from_artwork_id": "dito-colombo", "to_artwork_id": "mole-antonelliana", "from_title": "Il Dito di Colombo", "to_title": "Mole Antonelliana", "profile": "foot-walking", "distance_m": 699.6, "duration_min": 8.395, "notes": "Segmento generato automaticamente con ORS tra due tappe consecutive." }, "geometry": { "type": "Point", "coordinates": [ 7.690025, 45.0682602 ] } },
{ "type": "Feature", "properties": { "full_id": "n12978416484", "osm_id": "12978416484", "name": "Po", "service_type": "transport", "service_subtype": "tram_stop", "route_id": "torino_reale_monumentale", "route_title": "Torino Reale e Monumentale", "segment_id": "torino_reale_monumentale_05", "segment_index": 5, "from_artwork_id": "dito-colombo", "to_artwork_id": "mole-antonelliana", "from_title": "Il Dito di Colombo", "to_title": "Mole Antonelliana", "profile": "foot-walking", "distance_m": 699.6, "duration_min": 8.395, "notes": "Segmento generato automaticamente con ORS tra due tappe consecutive." }, "geometry": { "type": "Point", "coordinates": [ 7.690639, 45.068773099999987 ] } },
{ "type": "Feature", "properties": { "full_id": "n12978416485", "osm_id": "12978416485", "name": "Verdi", "service_type": "transport", "service_subtype": "tram_stop", "route_id": "torino_reale_monumentale", "route_title": "Torino Reale e Monumentale", "segment_id": "torino_reale_monumentale_05", "segment_index": 5, "from_artwork_id": "dito-colombo", "to_artwork_id": "mole-antonelliana", "from_title": "Il Dito di Colombo", "to_title": "Mole Antonelliana", "profile": "foot-walking", "distance_m": 699.6, "duration_min": 8.395, "notes": "Segmento generato automaticamente con ORS tra due tappe consecutive." }, "geometry": { "type": "Point", "coordinates": [ 7.6906203, 45.0686551 ] } },
{ "type": "Feature", "properties": { "full_id": "n2018175888", "osm_id": "2018175888", "name": "Caffetteria degli Angeli", "service_type": "food_drink", "service_subtype": "bar", "route_id": "contemporaneo_centro_mole", "route_title": "Arte Contemporanea tra Centro e Mole", "segment_id": "contemporaneo_centro_mole_01", "segment_index": 1, "from_artwork_id": "testa-michelangelo", "to_artwork_id": "palazzo-piercing", "from_title": "Testa rovesciata del David", "to_title": "Baci Urbani (Palazzo con il Piercing)", "profile": "foot-walking", "distance_m": 793.8, "duration_min": 9.525, "notes": "Segmento generato automaticamente con ORS tra due tappe consecutive." }, "geometry": { "type": "Point", "coordinates": [ 7.6844502, 45.0728711 ] } },
{ "type": "Feature", "properties": { "full_id": "n2018175892", "osm_id": "2018175892", "name": "Duomo", "service_type": "food_drink", "service_subtype": "bar", "route_id": "contemporaneo_centro_mole", "route_title": "Arte Contemporanea tra Centro e Mole", "segment_id": "contemporaneo_centro_mole_01", "segment_index": 1, "from_artwork_id": "testa-michelangelo", "to_artwork_id": "palazzo-piercing", "from_title": "Testa rovesciata del David", "to_title": "Baci Urbani (Palazzo con il Piercing)", "profile": "foot-walking", "distance_m": 793.8, "duration_min": 9.525, "notes": "Segmento generato automaticamente con ORS tra due tappe consecutive." }, "geometry": { "type": "Point", "coordinates": [ 7.6839762, 45.0724362 ] } },
{ "type": "Feature", "properties": { "full_id": "n2018175901", "osm_id": "2018175901", "name": null, "service_type": "food_drink", "service_subtype": "bar", "route_id": "contemporaneo_centro_mole", "route_title": "Arte Contemporanea tra Centro e Mole", "segment_id": "contemporaneo_centro_mole_01", "segment_index": 1, "from_artwork_id": "testa-michelangelo", "to_artwork_id": "palazzo-piercing", "from_title": "Testa rovesciata del David", "to_title": "Baci Urbani (Palazzo con il Piercing)", "profile": "foot-walking", "distance_m": 793.8, "duration_min": 9.525, "notes": "Segmento generato automaticamente con ORS tra due tappe consecutive." }, "geometry": { "type": "Point", "coordinates": [ 7.6831045, 45.0711364 ] } },
{ "type": "Feature", "properties": { "full_id": "n2068288947", "osm_id": "2068288947", "name": "Bar Francia", "service_type": "food_drink", "service_subtype": "bar", "route_id": "contemporaneo_centro_mole", "route_title": "Arte Contemporanea tra Centro e Mole", "segment_id": "contemporaneo_centro_mole_01", "segment_index": 1, "from_artwork_id": "testa-michelangelo", "to_artwork_id": "palazzo-piercing", "from_title": "Testa rovesciata del David", "to_title": "Baci Urbani (Palazzo con il Piercing)", "profile": "foot-walking", "distance_m": 793.8, "duration_min": 9.525, "notes": "Segmento generato automaticamente con ORS tra due tappe consecutive." }, "geometry": { "type": "Point", "coordinates": [ 7.6838406, 45.0715756 ] } },
{ "type": "Feature", "properties": { "full_id": "n4443922515", "osm_id": "4443922515", "name": null, "service_type": "food_drink", "service_subtype": "bar", "route_id": "contemporaneo_centro_mole", "route_title": "Arte Contemporanea tra Centro e Mole", "segment_id": "contemporaneo_centro_mole_01", "segment_index": 1, "from_artwork_id": "testa-michelangelo", "to_artwork_id": "palazzo-piercing", "from_title": "Testa rovesciata del David", "to_title": "Baci Urbani (Palazzo con il Piercing)", "profile": "foot-walking", "distance_m": 793.8, "duration_min": 9.525, "notes": "Segmento generato automaticamente con ORS tra due tappe consecutive." }, "geometry": { "type": "Point", "coordinates": [ 7.6830678, 45.073682200000015 ] } },
{ "type": "Feature", "properties": { "full_id": "n4444014760", "osm_id": "4444014760", "name": "Bar Antica Piazza delle Erbe", "service_type": "food_drink", "service_subtype": "bar", "route_id": "contemporaneo_centro_mole", "route_title": "Arte Contemporanea tra Centro e Mole", "segment_id": "contemporaneo_centro_mole_01", "segment_index": 1, "from_artwork_id": "testa-michelangelo", "to_artwork_id": "palazzo-piercing", "from_title": "Testa rovesciata del David", "to_title": "Baci Urbani (Palazzo con il Piercing)", "profile": "foot-walking", "distance_m": 793.8, "duration_min": 9.525, "notes": "Segmento generato automaticamente con ORS tra due tappe consecutive." }, "geometry": { "type": "Point", "coordinates": [ 7.6839889, 45.0721498 ] } },
{ "type": "Feature", "properties": { "full_id": "n4736052792", "osm_id": "4736052792", "name": "Bar Cavour", "service_type": "food_drink", "service_subtype": "bar", "route_id": "contemporaneo_centro_mole", "route_title": "Arte Contemporanea tra Centro e Mole", "segment_id": "contemporaneo_centro_mole_01", "segment_index": 1, "from_artwork_id": "testa-michelangelo", "to_artwork_id": "palazzo-piercing", "from_title": "Testa rovesciata del David", "to_title": "Baci Urbani (Palazzo con il Piercing)", "profile": "foot-walking", "distance_m": 793.8, "duration_min": 9.525, "notes": "Segmento generato automaticamente con ORS tra due tappe consecutive." }, "geometry": { "type": "Point", "coordinates": [ 7.6849443, 45.0695715 ] } },
{ "type": "Feature", "properties": { "full_id": "n5117626917", "osm_id": "5117626917", "name": "La Sosta", "service_type": "food_drink", "service_subtype": "bar", "route_id": "contemporaneo_centro_mole", "route_title": "Arte Contemporanea tra Centro e Mole", "segment_id": "contemporaneo_centro_mole_01", "segment_index": 1, "from_artwork_id": "testa-michelangelo", "to_artwork_id": "palazzo-piercing", "from_title": "Testa rovesciata del David", "to_title": "Baci Urbani (Palazzo con il Piercing)", "profile": "foot-walking", "distance_m": 793.8, "duration_min": 9.525, "notes": "Segmento generato automaticamente con ORS tra due tappe consecutive." }, "geometry": { "type": "Point", "coordinates": [ 7.6813171, 45.0726102 ] } },
{ "type": "Feature", "properties": { "full_id": "n5428422639", "osm_id": "5428422639", "name": "Forno Ricca", "service_type": "food_drink", "service_subtype": "bar", "route_id": "contemporaneo_centro_mole", "route_title": "Arte Contemporanea tra Centro e Mole", "segment_id": "contemporaneo_centro_mole_01", "segment_index": 1, "from_artwork_id": "testa-michelangelo", "to_artwork_id": "palazzo-piercing", "from_title": "Testa rovesciata del David", "to_title": "Baci Urbani (Palazzo con il Piercing)", "profile": "foot-walking", "distance_m": 793.8, "duration_min": 9.525, "notes": "Segmento generato automaticamente con ORS tra due tappe consecutive." }, "geometry": { "type": "Point", "coordinates": [ 7.683328, 45.0734925 ] } },
{ "type": "Feature", "properties": { "full_id": "n5719659722", "osm_id": "5719659722", "name": "The Loft", "service_type": "food_drink", "service_subtype": "bar", "route_id": "contemporaneo_centro_mole", "route_title": "Arte Contemporanea tra Centro e Mole", "segment_id": "contemporaneo_centro_mole_01", "segment_index": 1, "from_artwork_id": "testa-michelangelo", "to_artwork_id": "palazzo-piercing", "from_title": "Testa rovesciata del David", "to_title": "Baci Urbani (Palazzo con il Piercing)", "profile": "foot-walking", "distance_m": 793.8, "duration_min": 9.525, "notes": "Segmento generato automaticamente con ORS tra due tappe consecutive." }, "geometry": { "type": "Point", "coordinates": [ 7.686415, 45.0680891 ] } },
{ "type": "Feature", "properties": { "full_id": "n1599012282", "osm_id": "1599012282", "name": "Strattà", "service_type": "food_drink", "service_subtype": "cafe", "route_id": "contemporaneo_centro_mole", "route_title": "Arte Contemporanea tra Centro e Mole", "segment_id": "contemporaneo_centro_mole_01", "segment_index": 1, "from_artwork_id": "testa-michelangelo", "to_artwork_id": "palazzo-piercing", "from_title": "Testa rovesciata del David", "to_title": "Baci Urbani (Palazzo con il Piercing)", "profile": "foot-walking", "distance_m": 793.8, "duration_min": 9.525, "notes": "Segmento generato automaticamente con ORS tra due tappe consecutive." }, "geometry": { "type": "Point", "coordinates": [ 7.6829804, 45.0674347 ] } },
{ "type": "Feature", "properties": { "full_id": "n2018127841", "osm_id": "2018127841", "name": "Caffè Torino", "service_type": "food_drink", "service_subtype": "cafe", "route_id": "contemporaneo_centro_mole", "route_title": "Arte Contemporanea tra Centro e Mole", "segment_id": "contemporaneo_centro_mole_01", "segment_index": 1, "from_artwork_id": "testa-michelangelo", "to_artwork_id": "palazzo-piercing", "from_title": "Testa rovesciata del David", "to_title": "Baci Urbani (Palazzo con il Piercing)", "profile": "foot-walking", "distance_m": 793.8, "duration_min": 9.525, "notes": "Segmento generato automaticamente con ORS tra due tappe consecutive." }, "geometry": { "type": "Point", "coordinates": [ 7.6817924, 45.067533599999983 ] } },
{ "type": "Feature", "properties": { "full_id": "n2018175897", "osm_id": "2018175897", "name": "Cafè Perotti", "service_type": "food_drink", "service_subtype": "cafe", "route_id": "contemporaneo_centro_mole", "route_title": "Arte Contemporanea tra Centro e Mole", "segment_id": "contemporaneo_centro_mole_01", "segment_index": 1, "from_artwork_id": "testa-michelangelo", "to_artwork_id": "palazzo-piercing", "from_title": "Testa rovesciata del David", "to_title": "Baci Urbani (Palazzo con il Piercing)", "profile": "foot-walking", "distance_m": 793.8, "duration_min": 9.525, "notes": "Segmento generato automaticamente con ORS tra due tappe consecutive." }, "geometry": { "type": "Point", "coordinates": [ 7.6832776, 45.0710671 ] } },
{ "type": "Feature", "properties": { "full_id": "n2026209249", "osm_id": "2026209249", "name": "Pepino", "service_type": "food_drink", "service_subtype": "cafe", "route_id": "contemporaneo_centro_mole", "route_title": "Arte Contemporanea tra Centro e Mole", "segment_id": "contemporaneo_centro_mole_01", "segment_index": 1, "from_artwork_id": "testa-michelangelo", "to_artwork_id": "palazzo-piercing", "from_title": "Testa rovesciata del David", "to_title": "Baci Urbani (Palazzo con il Piercing)", "profile": "foot-walking", "distance_m": 793.8, "duration_min": 9.525, "notes": "Segmento generato automaticamente con ORS tra due tappe consecutive." }, "geometry": { "type": "Point", "coordinates": [ 7.6845851, 45.0690975 ] } },
{ "type": "Feature", "properties": { "full_id": "n2068316260", "osm_id": "2068316260", "name": "Cafe Savoia", "service_type": "food_drink", "service_subtype": "cafe", "route_id": "contemporaneo_centro_mole", "route_title": "Arte Contemporanea tra Centro e Mole", "segment_id": "contemporaneo_centro_mole_01", "segment_index": 1, "from_artwork_id": "testa-michelangelo", "to_artwork_id": "palazzo-piercing", "from_title": "Testa rovesciata del David", "to_title": "Baci Urbani (Palazzo con il Piercing)", "profile": "foot-walking", "distance_m": 793.8, "duration_min": 9.525, "notes": "Segmento generato automaticamente con ORS tra due tappe consecutive." }, "geometry": { "type": "Point", "coordinates": [ 7.6842708, 45.0714108 ] } },
{ "type": "Feature", "properties": { "full_id": "n2068324878", "osm_id": "2068324878", "name": "Caffetteria Cristal", "service_type": "food_drink", "service_subtype": "cafe", "route_id": "contemporaneo_centro_mole", "route_title": "Arte Contemporanea tra Centro e Mole", "segment_id": "contemporaneo_centro_mole_01", "segment_index": 1, "from_artwork_id": "testa-michelangelo", "to_artwork_id": "palazzo-piercing", "from_title": "Testa rovesciata del David", "to_title": "Baci Urbani (Palazzo con il Piercing)", "profile": "foot-walking", "distance_m": 793.8, "duration_min": 9.525, "notes": "Segmento generato automaticamente con ORS tra due tappe consecutive." }, "geometry": { "type": "Point", "coordinates": [ 7.6829921, 45.0701746 ] } },
{ "type": "Feature", "properties": { "full_id": "n2068375174", "osm_id": "2068375174", "name": "Torrefazione Beccuti", "service_type": "food_drink", "service_subtype": "cafe", "route_id": "contemporaneo_centro_mole", "route_title": "Arte Contemporanea tra Centro e Mole", "segment_id": "contemporaneo_centro_mole_01", "segment_index": 1, "from_artwork_id": "testa-michelangelo", "to_artwork_id": "palazzo-piercing", "from_title": "Testa rovesciata del David", "to_title": "Baci Urbani (Palazzo con il Piercing)", "profile": "foot-walking", "distance_m": 793.8, "duration_min": 9.525, "notes": "Segmento generato automaticamente con ORS tra due tappe consecutive." }, "geometry": { "type": "Point", "coordinates": [ 7.6814662, 45.0706754 ] } },
{ "type": "Feature", "properties": { "full_id": "n3113566633", "osm_id": "3113566633", "name": "Farmacia del Cambio", "service_type": "food_drink", "service_subtype": "cafe", "route_id": "contemporaneo_centro_mole", "route_title": "Arte Contemporanea tra Centro e Mole", "segment_id": "contemporaneo_centro_mole_01", "segment_index": 1, "from_artwork_id": "testa-michelangelo", "to_artwork_id": "palazzo-piercing", "from_title": "Testa rovesciata del David", "to_title": "Baci Urbani (Palazzo con il Piercing)", "profile": "foot-walking", "distance_m": 793.8, "duration_min": 9.525, "notes": "Segmento generato automaticamente con ORS tra due tappe consecutive." }, "geometry": { "type": "Point", "coordinates": [ 7.6849442, 45.0695933 ] } },
{ "type": "Feature", "properties": { "full_id": "n3329639493", "osm_id": "3329639493", "name": "Caffè San Carlo", "service_type": "food_drink", "service_subtype": "cafe", "route_id": "contemporaneo_centro_mole", "route_title": "Arte Contemporanea tra Centro e Mole", "segment_id": "contemporaneo_centro_mole_01", "segment_index": 1, "from_artwork_id": "testa-michelangelo", "to_artwork_id": "palazzo-piercing", "from_title": "Testa rovesciata del David", "to_title": "Baci Urbani (Palazzo con il Piercing)", "profile": "foot-walking", "distance_m": 793.8, "duration_min": 9.525, "notes": "Segmento generato automaticamente con ORS tra due tappe consecutive." }, "geometry": { "type": "Point", "coordinates": [ 7.6824451, 45.0684756 ] } },
{ "type": "Feature", "properties": { "full_id": "n3363464693", "osm_id": "3363464693", "name": "caffetteria Palazzo di Città", "service_type": "food_drink", "service_subtype": "cafe", "route_id": "contemporaneo_centro_mole", "route_title": "Arte Contemporanea tra Centro e Mole", "segment_id": "contemporaneo_centro_mole_01", "segment_index": 1, "from_artwork_id": "testa-michelangelo", "to_artwork_id": "palazzo-piercing", "from_title": "Testa rovesciata del David", "to_title": "Baci Urbani (Palazzo con il Piercing)", "profile": "foot-walking", "distance_m": 793.8, "duration_min": 9.525, "notes": "Segmento generato automaticamente con ORS tra due tappe consecutive." }, "geometry": { "type": "Point", "coordinates": [ 7.6813062, 45.0728134 ] } },
{ "type": "Feature", "properties": { "full_id": "n3774212366", "osm_id": "3774212366", "name": "Fiorio", "service_type": "food_drink", "service_subtype": "cafe", "route_id": "contemporaneo_centro_mole", "route_title": "Arte Contemporanea tra Centro e Mole", "segment_id": "contemporaneo_centro_mole_01", "segment_index": 1, "from_artwork_id": "testa-michelangelo", "to_artwork_id": "palazzo-piercing", "from_title": "Testa rovesciata del David", "to_title": "Baci Urbani (Palazzo con il Piercing)", "profile": "foot-walking", "distance_m": 793.8, "duration_min": 9.525, "notes": "Segmento generato automaticamente con ORS tra due tappe consecutive." }, "geometry": { "type": "Point", "coordinates": [ 7.6844204, 45.0713398 ] } },
{ "type": "Feature", "properties": { "full_id": "n4736058642", "osm_id": "4736058642", "name": "Caffè Mokita", "service_type": "food_drink", "service_subtype": "cafe", "route_id": "contemporaneo_centro_mole", "route_title": "Arte Contemporanea tra Centro e Mole", "segment_id": "contemporaneo_centro_mole_01", "segment_index": 1, "from_artwork_id": "testa-michelangelo", "to_artwork_id": "palazzo-piercing", "from_title": "Testa rovesciata del David", "to_title": "Baci Urbani (Palazzo con il Piercing)", "profile": "foot-walking", "distance_m": 793.8, "duration_min": 9.525, "notes": "Segmento generato automaticamente con ORS tra due tappe consecutive." }, "geometry": { "type": "Point", "coordinates": [ 7.6826974, 45.06698 ] } },
{ "type": "Feature", "properties": { "full_id": "n4736079147", "osm_id": "4736079147", "name": "New Prosit", "service_type": "food_drink", "service_subtype": "cafe", "route_id": "contemporaneo_centro_mole", "route_title": "Arte Contemporanea tra Centro e Mole", "segment_id": "contemporaneo_centro_mole_01", "segment_index": 1, "from_artwork_id": "testa-michelangelo", "to_artwork_id": "palazzo-piercing", "from_title": "Testa rovesciata del David", "to_title": "Baci Urbani (Palazzo con il Piercing)", "profile": "foot-walking", "distance_m": 793.8, "duration_min": 9.525, "notes": "Segmento generato automaticamente con ORS tra due tappe consecutive." }, "geometry": { "type": "Point", "coordinates": [ 7.6830106, 45.0733361 ] } },
{ "type": "Feature", "properties": { "full_id": "n4736081802", "osm_id": "4736081802", "name": "The Tea", "service_type": "food_drink", "service_subtype": "cafe", "route_id": "contemporaneo_centro_mole", "route_title": "Arte Contemporanea tra Centro e Mole", "segment_id": "contemporaneo_centro_mole_01", "segment_index": 1, "from_artwork_id": "testa-michelangelo", "to_artwork_id": "palazzo-piercing", "from_title": "Testa rovesciata del David", "to_title": "Baci Urbani (Palazzo con il Piercing)", "profile": "foot-walking", "distance_m": 793.8, "duration_min": 9.525, "notes": "Segmento generato automaticamente con ORS tra due tappe consecutive." }, "geometry": { "type": "Point", "coordinates": [ 7.6812818, 45.073606599999984 ] } },
{ "type": "Feature", "properties": { "full_id": "n4736083839", "osm_id": "4736083839", "name": "Pankè", "service_type": "food_drink", "service_subtype": "cafe", "route_id": "contemporaneo_centro_mole", "route_title": "Arte Contemporanea tra Centro e Mole", "segment_id": "contemporaneo_centro_mole_01", "segment_index": 1, "from_artwork_id": "testa-michelangelo", "to_artwork_id": "palazzo-piercing", "from_title": "Testa rovesciata del David", "to_title": "Baci Urbani (Palazzo con il Piercing)", "profile": "foot-walking", "distance_m": 793.8, "duration_min": 9.525, "notes": "Segmento generato automaticamente con ORS tra due tappe consecutive." }, "geometry": { "type": "Point", "coordinates": [ 7.6815852, 45.072705 ] } },
{ "type": "Feature", "properties": { "full_id": "n5113659218", "osm_id": "5113659218", "name": "cln", "service_type": "food_drink", "service_subtype": "cafe", "route_id": "contemporaneo_centro_mole", "route_title": "Arte Contemporanea tra Centro e Mole", "segment_id": "contemporaneo_centro_mole_01", "segment_index": 1, "from_artwork_id": "testa-michelangelo", "to_artwork_id": "palazzo-piercing", "from_title": "Testa rovesciata del David", "to_title": "Baci Urbani (Palazzo con il Piercing)", "profile": "foot-walking", "distance_m": 793.8, "duration_min": 9.525, "notes": "Segmento generato automaticamente con ORS tra due tappe consecutive." }, "geometry": { "type": "Point", "coordinates": [ 7.6825862, 45.06677 ] } },
{ "type": "Feature", "properties": { "full_id": "n5113659448", "osm_id": "5113659448", "name": "Neuv Caval'd Brôns", "service_type": "food_drink", "service_subtype": "cafe", "route_id": "contemporaneo_centro_mole", "route_title": "Arte Contemporanea tra Centro e Mole", "segment_id": "contemporaneo_centro_mole_01", "segment_index": 1, "from_artwork_id": "testa-michelangelo", "to_artwork_id": "palazzo-piercing", "from_title": "Testa rovesciata del David", "to_title": "Baci Urbani (Palazzo con il Piercing)", "profile": "foot-walking", "distance_m": 793.8, "duration_min": 9.525, "notes": "Segmento generato automaticamente con ORS tra due tappe consecutive." }, "geometry": { "type": "Point", "coordinates": [ 7.6833782, 45.0678684 ] } },
{ "type": "Feature", "properties": { "full_id": "n5117626914", "osm_id": "5117626914", "name": "Caffè Risorgimento", "service_type": "food_drink", "service_subtype": "cafe", "route_id": "contemporaneo_centro_mole", "route_title": "Arte Contemporanea tra Centro e Mole", "segment_id": "contemporaneo_centro_mole_01", "segment_index": 1, "from_artwork_id": "testa-michelangelo", "to_artwork_id": "palazzo-piercing", "from_title": "Testa rovesciata del David", "to_title": "Baci Urbani (Palazzo con il Piercing)", "profile": "foot-walking", "distance_m": 793.8, "duration_min": 9.525, "notes": "Segmento generato automaticamente con ORS tra due tappe consecutive." }, "geometry": { "type": "Point", "coordinates": [ 7.686071, 45.0681197 ] } },
{ "type": "Feature", "properties": { "full_id": "n5121453862", "osm_id": "5121453862", "name": "Deep space lounge", "service_type": "food_drink", "service_subtype": "cafe", "route_id": "contemporaneo_centro_mole", "route_title": "Arte Contemporanea tra Centro e Mole", "segment_id": "contemporaneo_centro_mole_01", "segment_index": 1, "from_artwork_id": "testa-michelangelo", "to_artwork_id": "palazzo-piercing", "from_title": "Testa rovesciata del David", "to_title": "Baci Urbani (Palazzo con il Piercing)", "profile": "foot-walking", "distance_m": 793.8, "duration_min": 9.525, "notes": "Segmento generato automaticamente con ORS tra due tappe consecutive." }, "geometry": { "type": "Point", "coordinates": [ 7.6823924, 45.0697661 ] } },
{ "type": "Feature", "properties": { "full_id": "n5155823122", "osm_id": "5155823122", "name": "L Caval D Brons Ristorante Malabar", "service_type": "food_drink", "service_subtype": "cafe", "route_id": "contemporaneo_centro_mole", "route_title": "Arte Contemporanea tra Centro e Mole", "segment_id": "contemporaneo_centro_mole_01", "segment_index": 1, "from_artwork_id": "testa-michelangelo", "to_artwork_id": "palazzo-piercing", "from_title": "Testa rovesciata del David", "to_title": "Baci Urbani (Palazzo con il Piercing)", "profile": "foot-walking", "distance_m": 793.8, "duration_min": 9.525, "notes": "Segmento generato automaticamente con ORS tra due tappe consecutive." }, "geometry": { "type": "Point", "coordinates": [ 7.6833738, 45.068007 ] } },
{ "type": "Feature", "properties": { "full_id": "n5416460421", "osm_id": "5416460421", "name": "Costadoro Coffee Lab Diamante", "service_type": "food_drink", "service_subtype": "cafe", "route_id": "contemporaneo_centro_mole", "route_title": "Arte Contemporanea tra Centro e Mole", "segment_id": "contemporaneo_centro_mole_01", "segment_index": 1, "from_artwork_id": "testa-michelangelo", "to_artwork_id": "palazzo-piercing", "from_title": "Testa rovesciata del David", "to_title": "Baci Urbani (Palazzo con il Piercing)", "profile": "foot-walking", "distance_m": 793.8, "duration_min": 9.525, "notes": "Segmento generato automaticamente con ORS tra due tappe consecutive." }, "geometry": { "type": "Point", "coordinates": [ 7.6825223, 45.066108 ] } },
{ "type": "Feature", "properties": { "full_id": "n5493352633", "osm_id": "5493352633", "name": "Happiness", "service_type": "food_drink", "service_subtype": "cafe", "route_id": "contemporaneo_centro_mole", "route_title": "Arte Contemporanea tra Centro e Mole", "segment_id": "contemporaneo_centro_mole_01", "segment_index": 1, "from_artwork_id": "testa-michelangelo", "to_artwork_id": "palazzo-piercing", "from_title": "Testa rovesciata del David", "to_title": "Baci Urbani (Palazzo con il Piercing)", "profile": "foot-walking", "distance_m": 793.8, "duration_min": 9.525, "notes": "Segmento generato automaticamente con ORS tra due tappe consecutive." }, "geometry": { "type": "Point", "coordinates": [ 7.6847314, 45.066507799999989 ] } },
{ "type": "Feature", "properties": { "full_id": "n5998205156", "osm_id": "5998205156", "name": "TLALOC", "service_type": "food_drink", "service_subtype": "cafe", "route_id": "contemporaneo_centro_mole", "route_title": "Arte Contemporanea tra Centro e Mole", "segment_id": "contemporaneo_centro_mole_01", "segment_index": 1, "from_artwork_id": "testa-michelangelo", "to_artwork_id": "palazzo-piercing", "from_title": "Testa rovesciata del David", "to_title": "Baci Urbani (Palazzo con il Piercing)", "profile": "foot-walking", "distance_m": 793.8, "duration_min": 9.525, "notes": "Segmento generato automaticamente con ORS tra due tappe consecutive." }, "geometry": { "type": "Point", "coordinates": [ 7.6823688, 45.0727764 ] } },
{ "type": "Feature", "properties": { "full_id": "n5998205157", "osm_id": "5998205157", "name": "Il nostro cioccolato", "service_type": "food_drink", "service_subtype": "cafe", "route_id": "contemporaneo_centro_mole", "route_title": "Arte Contemporanea tra Centro e Mole", "segment_id": "contemporaneo_centro_mole_01", "segment_index": 1, "from_artwork_id": "testa-michelangelo", "to_artwork_id": "palazzo-piercing", "from_title": "Testa rovesciata del David", "to_title": "Baci Urbani (Palazzo con il Piercing)", "profile": "foot-walking", "distance_m": 793.8, "duration_min": 9.525, "notes": "Segmento generato automaticamente con ORS tra due tappe consecutive." }, "geometry": { "type": "Point", "coordinates": [ 7.682464, 45.0727461 ] } },
{ "type": "Feature", "properties": { "full_id": "n5998252948", "osm_id": "5998252948", "name": "12oz", "service_type": "food_drink", "service_subtype": "cafe", "route_id": "contemporaneo_centro_mole", "route_title": "Arte Contemporanea tra Centro e Mole", "segment_id": "contemporaneo_centro_mole_01", "segment_index": 1, "from_artwork_id": "testa-michelangelo", "to_artwork_id": "palazzo-piercing", "from_title": "Testa rovesciata del David", "to_title": "Baci Urbani (Palazzo con il Piercing)", "profile": "foot-walking", "distance_m": 793.8, "duration_min": 9.525, "notes": "Segmento generato automaticamente con ORS tra due tappe consecutive." }, "geometry": { "type": "Point", "coordinates": [ 7.6820983, 45.0722931 ] } },
{ "type": "Feature", "properties": { "full_id": "n6960480385", "osm_id": "6960480385", "name": "Minimarket", "service_type": "food_drink", "service_subtype": "cafe", "route_id": "contemporaneo_centro_mole", "route_title": "Arte Contemporanea tra Centro e Mole", "segment_id": "contemporaneo_centro_mole_01", "segment_index": 1, "from_artwork_id": "testa-michelangelo", "to_artwork_id": "palazzo-piercing", "from_title": "Testa rovesciata del David", "to_title": "Baci Urbani (Palazzo con il Piercing)", "profile": "foot-walking", "distance_m": 793.8, "duration_min": 9.525, "notes": "Segmento generato automaticamente con ORS tra due tappe consecutive." }, "geometry": { "type": "Point", "coordinates": [ 7.6840672, 45.0723034 ] } },
{ "type": "Feature", "properties": { "full_id": "n7023660665", "osm_id": "7023660665", "name": "Caffetteria Novecento", "service_type": "food_drink", "service_subtype": "cafe", "route_id": "contemporaneo_centro_mole", "route_title": "Arte Contemporanea tra Centro e Mole", "segment_id": "contemporaneo_centro_mole_01", "segment_index": 1, "from_artwork_id": "testa-michelangelo", "to_artwork_id": "palazzo-piercing", "from_title": "Testa rovesciata del David", "to_title": "Baci Urbani (Palazzo con il Piercing)", "profile": "foot-walking", "distance_m": 793.8, "duration_min": 9.525, "notes": "Segmento generato automaticamente con ORS tra due tappe consecutive." }, "geometry": { "type": "Point", "coordinates": [ 7.680222, 45.0715689 ] } },
{ "type": "Feature", "properties": { "full_id": "n10794907869", "osm_id": "10794907869", "name": "Gardenia Caffè Con Vitto", "service_type": "food_drink", "service_subtype": "cafe", "route_id": "contemporaneo_centro_mole", "route_title": "Arte Contemporanea tra Centro e Mole", "segment_id": "contemporaneo_centro_mole_01", "segment_index": 1, "from_artwork_id": "testa-michelangelo", "to_artwork_id": "palazzo-piercing", "from_title": "Testa rovesciata del David", "to_title": "Baci Urbani (Palazzo con il Piercing)", "profile": "foot-walking", "distance_m": 793.8, "duration_min": 9.525, "notes": "Segmento generato automaticamente con ORS tra due tappe consecutive." }, "geometry": { "type": "Point", "coordinates": [ 7.6805491, 45.0701907 ] } },
{ "type": "Feature", "properties": { "full_id": "n10803879306", "osm_id": "10803879306", "name": "Ziccat", "service_type": "food_drink", "service_subtype": "cafe", "route_id": "contemporaneo_centro_mole", "route_title": "Arte Contemporanea tra Centro e Mole", "segment_id": "contemporaneo_centro_mole_01", "segment_index": 1, "from_artwork_id": "testa-michelangelo", "to_artwork_id": "palazzo-piercing", "from_title": "Testa rovesciata del David", "to_title": "Baci Urbani (Palazzo con il Piercing)", "profile": "foot-walking", "distance_m": 793.8, "duration_min": 9.525, "notes": "Segmento generato automaticamente con ORS tra due tappe consecutive." }, "geometry": { "type": "Point", "coordinates": [ 7.6831105, 45.0707844 ] } },
{ "type": "Feature", "properties": { "full_id": "n10827139268", "osm_id": "10827139268", "name": "Bar Antica piazza delle erbe", "service_type": "food_drink", "service_subtype": "cafe", "route_id": "contemporaneo_centro_mole", "route_title": "Arte Contemporanea tra Centro e Mole", "segment_id": "contemporaneo_centro_mole_01", "segment_index": 1, "from_artwork_id": "testa-michelangelo", "to_artwork_id": "palazzo-piercing", "from_title": "Testa rovesciata del David", "to_title": "Baci Urbani (Palazzo con il Piercing)", "profile": "foot-walking", "distance_m": 793.8, "duration_min": 9.525, "notes": "Segmento generato automaticamente con ORS tra due tappe consecutive." }, "geometry": { "type": "Point", "coordinates": [ 7.6818, 45.0730879 ] } },
{ "type": "Feature", "properties": { "full_id": "n10951612316", "osm_id": "10951612316", "name": "Caffè Pietro Micca", "service_type": "food_drink", "service_subtype": "cafe", "route_id": "contemporaneo_centro_mole", "route_title": "Arte Contemporanea tra Centro e Mole", "segment_id": "contemporaneo_centro_mole_01", "segment_index": 1, "from_artwork_id": "testa-michelangelo", "to_artwork_id": "palazzo-piercing", "from_title": "Testa rovesciata del David", "to_title": "Baci Urbani (Palazzo con il Piercing)", "profile": "foot-walking", "distance_m": 793.8, "duration_min": 9.525, "notes": "Segmento generato automaticamente con ORS tra due tappe consecutive." }, "geometry": { "type": "Point", "coordinates": [ 7.6826506, 45.0707723 ] } },
{ "type": "Feature", "properties": { "full_id": "n11061384926", "osm_id": "11061384926", "name": "Oro puro", "service_type": "food_drink", "service_subtype": "cafe", "route_id": "contemporaneo_centro_mole", "route_title": "Arte Contemporanea tra Centro e Mole", "segment_id": "contemporaneo_centro_mole_01", "segment_index": 1, "from_artwork_id": "testa-michelangelo", "to_artwork_id": "palazzo-piercing", "from_title": "Testa rovesciata del David", "to_title": "Baci Urbani (Palazzo con il Piercing)", "profile": "foot-walking", "distance_m": 793.8, "duration_min": 9.525, "notes": "Segmento generato automaticamente con ORS tra due tappe consecutive." }, "geometry": { "type": "Point", "coordinates": [ 7.6835753, 45.0718437 ] } },
{ "type": "Feature", "properties": { "full_id": "n11078624682", "osm_id": "11078624682", "name": "D.A.F.", "service_type": "food_drink", "service_subtype": "cafe", "route_id": "contemporaneo_centro_mole", "route_title": "Arte Contemporanea tra Centro e Mole", "segment_id": "contemporaneo_centro_mole_01", "segment_index": 1, "from_artwork_id": "testa-michelangelo", "to_artwork_id": "palazzo-piercing", "from_title": "Testa rovesciata del David", "to_title": "Baci Urbani (Palazzo con il Piercing)", "profile": "foot-walking", "distance_m": 793.8, "duration_min": 9.525, "notes": "Segmento generato automaticamente con ORS tra due tappe consecutive." }, "geometry": { "type": "Point", "coordinates": [ 7.6836704, 45.070951099999988 ] } },
{ "type": "Feature", "properties": { "full_id": "n11328855589", "osm_id": "11328855589", "name": "Bar Stampa", "service_type": "food_drink", "service_subtype": "cafe", "route_id": "contemporaneo_centro_mole", "route_title": "Arte Contemporanea tra Centro e Mole", "segment_id": "contemporaneo_centro_mole_01", "segment_index": 1, "from_artwork_id": "testa-michelangelo", "to_artwork_id": "palazzo-piercing", "from_title": "Testa rovesciata del David", "to_title": "Baci Urbani (Palazzo con il Piercing)", "profile": "foot-walking", "distance_m": 793.8, "duration_min": 9.525, "notes": "Segmento generato automaticamente con ORS tra due tappe consecutive." }, "geometry": { "type": "Point", "coordinates": [ 7.6833762, 45.069388100000012 ] } },
{ "type": "Feature", "properties": { "full_id": "n11346897170", "osm_id": "11346897170", "name": "Luxery caffe Baki", "service_type": "food_drink", "service_subtype": "cafe", "route_id": "contemporaneo_centro_mole", "route_title": "Arte Contemporanea tra Centro e Mole", "segment_id": "contemporaneo_centro_mole_01", "segment_index": 1, "from_artwork_id": "testa-michelangelo", "to_artwork_id": "palazzo-piercing", "from_title": "Testa rovesciata del David", "to_title": "Baci Urbani (Palazzo con il Piercing)", "profile": "foot-walking", "distance_m": 793.8, "duration_min": 9.525, "notes": "Segmento generato automaticamente con ORS tra due tappe consecutive." }, "geometry": { "type": "Point", "coordinates": [ 7.6832209, 45.0698347 ] } },
{ "type": "Feature", "properties": { "full_id": "n11502659927", "osm_id": "11502659927", "name": "ST", "service_type": "food_drink", "service_subtype": "cafe", "route_id": "contemporaneo_centro_mole", "route_title": "Arte Contemporanea tra Centro e Mole", "segment_id": "contemporaneo_centro_mole_01", "segment_index": 1, "from_artwork_id": "testa-michelangelo", "to_artwork_id": "palazzo-piercing", "from_title": "Testa rovesciata del David", "to_title": "Baci Urbani (Palazzo con il Piercing)", "profile": "foot-walking", "distance_m": 793.8, "duration_min": 9.525, "notes": "Segmento generato automaticamente con ORS tra due tappe consecutive." }, "geometry": { "type": "Point", "coordinates": [ 7.6814082, 45.071647 ] } },
{ "type": "Feature", "properties": { "full_id": "n11577297413", "osm_id": "11577297413", "name": "Pulgar Lounge Bar", "service_type": "food_drink", "service_subtype": "cafe", "route_id": "contemporaneo_centro_mole", "route_title": "Arte Contemporanea tra Centro e Mole", "segment_id": "contemporaneo_centro_mole_01", "segment_index": 1, "from_artwork_id": "testa-michelangelo", "to_artwork_id": "palazzo-piercing", "from_title": "Testa rovesciata del David", "to_title": "Baci Urbani (Palazzo con il Piercing)", "profile": "foot-walking", "distance_m": 793.8, "duration_min": 9.525, "notes": "Segmento generato automaticamente con ORS tra due tappe consecutive." }, "geometry": { "type": "Point", "coordinates": [ 7.6806128, 45.0696298 ] } },
{ "type": "Feature", "properties": { "full_id": "n12423081673", "osm_id": "12423081673", "name": "Caffetteria da Mario", "service_type": "food_drink", "service_subtype": "cafe", "route_id": "contemporaneo_centro_mole", "route_title": "Arte Contemporanea tra Centro e Mole", "segment_id": "contemporaneo_centro_mole_01", "segment_index": 1, "from_artwork_id": "testa-michelangelo", "to_artwork_id": "palazzo-piercing", "from_title": "Testa rovesciata del David", "to_title": "Baci Urbani (Palazzo con il Piercing)", "profile": "foot-walking", "distance_m": 793.8, "duration_min": 9.525, "notes": "Segmento generato automaticamente con ORS tra due tappe consecutive." }, "geometry": { "type": "Point", "coordinates": [ 7.6817783, 45.074077 ] } },
{ "type": "Feature", "properties": { "full_id": "n12530236695", "osm_id": "12530236695", "name": "Obicà", "service_type": "food_drink", "service_subtype": "cafe", "route_id": "contemporaneo_centro_mole", "route_title": "Arte Contemporanea tra Centro e Mole", "segment_id": "contemporaneo_centro_mole_01", "segment_index": 1, "from_artwork_id": "testa-michelangelo", "to_artwork_id": "palazzo-piercing", "from_title": "Testa rovesciata del David", "to_title": "Baci Urbani (Palazzo con il Piercing)", "profile": "foot-walking", "distance_m": 793.8, "duration_min": 9.525, "notes": "Segmento generato automaticamente con ORS tra due tappe consecutive." }, "geometry": { "type": "Point", "coordinates": [ 7.6830277, 45.066098899999986 ] } },
{ "type": "Feature", "properties": { "full_id": "n12971427542", "osm_id": "12971427542", "name": "Caffetteria XX Settembre", "service_type": "food_drink", "service_subtype": "cafe", "route_id": "contemporaneo_centro_mole", "route_title": "Arte Contemporanea tra Centro e Mole", "segment_id": "contemporaneo_centro_mole_01", "segment_index": 1, "from_artwork_id": "testa-michelangelo", "to_artwork_id": "palazzo-piercing", "from_title": "Testa rovesciata del David", "to_title": "Baci Urbani (Palazzo con il Piercing)", "profile": "foot-walking", "distance_m": 793.8, "duration_min": 9.525, "notes": "Segmento generato automaticamente con ORS tra due tappe consecutive." }, "geometry": { "type": "Point", "coordinates": [ 7.6818533, 45.0692764 ] } },
{ "type": "Feature", "properties": { "full_id": "n13340475045", "osm_id": "13340475045", "name": "Al vej bicerin", "service_type": "food_drink", "service_subtype": "cafe", "route_id": "contemporaneo_centro_mole", "route_title": "Arte Contemporanea tra Centro e Mole", "segment_id": "contemporaneo_centro_mole_01", "segment_index": 1, "from_artwork_id": "testa-michelangelo", "to_artwork_id": "palazzo-piercing", "from_title": "Testa rovesciata del David", "to_title": "Baci Urbani (Palazzo con il Piercing)", "profile": "foot-walking", "distance_m": 793.8, "duration_min": 9.525, "notes": "Segmento generato automaticamente con ORS tra due tappe consecutive." }, "geometry": { "type": "Point", "coordinates": [ 7.6847795, 45.0661925 ] } },
{ "type": "Feature", "properties": { "full_id": "n13446464504", "osm_id": "13446464504", "name": "Caffè dei Guardinfanti", "service_type": "food_drink", "service_subtype": "cafe", "route_id": "contemporaneo_centro_mole", "route_title": "Arte Contemporanea tra Centro e Mole", "segment_id": "contemporaneo_centro_mole_01", "segment_index": 1, "from_artwork_id": "testa-michelangelo", "to_artwork_id": "palazzo-piercing", "from_title": "Testa rovesciata del David", "to_title": "Baci Urbani (Palazzo con il Piercing)", "profile": "foot-walking", "distance_m": 793.8, "duration_min": 9.525, "notes": "Segmento generato automaticamente con ORS tra due tappe consecutive." }, "geometry": { "type": "Point", "coordinates": [ 7.6812032, 45.0717451 ] } },
{ "type": "Feature", "properties": { "full_id": "n2786124665", "osm_id": "2786124665", "name": "Più di un gelato", "service_type": "food_drink", "service_subtype": "ice_cream", "route_id": "contemporaneo_centro_mole", "route_title": "Arte Contemporanea tra Centro e Mole", "segment_id": "contemporaneo_centro_mole_01", "segment_index": 1, "from_artwork_id": "testa-michelangelo", "to_artwork_id": "palazzo-piercing", "from_title": "Testa rovesciata del David", "to_title": "Baci Urbani (Palazzo con il Piercing)", "profile": "foot-walking", "distance_m": 793.8, "duration_min": 9.525, "notes": "Segmento generato automaticamente con ORS tra due tappe consecutive." }, "geometry": { "type": "Point", "coordinates": [ 7.6821905, 45.071534599999985 ] } },
{ "type": "Feature", "properties": { "full_id": "n4444034456", "osm_id": "4444034456", "name": "Gran Sicily", "service_type": "food_drink", "service_subtype": "ice_cream", "route_id": "contemporaneo_centro_mole", "route_title": "Arte Contemporanea tra Centro e Mole", "segment_id": "contemporaneo_centro_mole_01", "segment_index": 1, "from_artwork_id": "testa-michelangelo", "to_artwork_id": "palazzo-piercing", "from_title": "Testa rovesciata del David", "to_title": "Baci Urbani (Palazzo con il Piercing)", "profile": "foot-walking", "distance_m": 793.8, "duration_min": 9.525, "notes": "Segmento generato automaticamente con ORS tra due tappe consecutive." }, "geometry": { "type": "Point", "coordinates": [ 7.6833607, 45.0665719 ] } },
{ "type": "Feature", "properties": { "full_id": "n4836095522", "osm_id": "4836095522", "name": "Gelateria Vanilla", "service_type": "food_drink", "service_subtype": "ice_cream", "route_id": "contemporaneo_centro_mole", "route_title": "Arte Contemporanea tra Centro e Mole", "segment_id": "contemporaneo_centro_mole_01", "segment_index": 1, "from_artwork_id": "testa-michelangelo", "to_artwork_id": "palazzo-piercing", "from_title": "Testa rovesciata del David", "to_title": "Baci Urbani (Palazzo con il Piercing)", "profile": "foot-walking", "distance_m": 793.8, "duration_min": 9.525, "notes": "Segmento generato automaticamente con ORS tra due tappe consecutive." }, "geometry": { "type": "Point", "coordinates": [ 7.6843549, 45.0720345 ] } },
{ "type": "Feature", "properties": { "full_id": "n5117627169", "osm_id": "5117627169", "name": "La romana dal 1947", "service_type": "food_drink", "service_subtype": "ice_cream", "route_id": "contemporaneo_centro_mole", "route_title": "Arte Contemporanea tra Centro e Mole", "segment_id": "contemporaneo_centro_mole_01", "segment_index": 1, "from_artwork_id": "testa-michelangelo", "to_artwork_id": "palazzo-piercing", "from_title": "Testa rovesciata del David", "to_title": "Baci Urbani (Palazzo con il Piercing)", "profile": "foot-walking", "distance_m": 793.8, "duration_min": 9.525, "notes": "Segmento generato automaticamente con ORS tra due tappe consecutive." }, "geometry": { "type": "Point", "coordinates": [ 7.6822289, 45.0687405 ] } },
{ "type": "Feature", "properties": { "full_id": "n10811134364", "osm_id": "10811134364", "name": "Gelateria Peter Pan", "service_type": "food_drink", "service_subtype": "ice_cream", "route_id": "contemporaneo_centro_mole", "route_title": "Arte Contemporanea tra Centro e Mole", "segment_id": "contemporaneo_centro_mole_01", "segment_index": 1, "from_artwork_id": "testa-michelangelo", "to_artwork_id": "palazzo-piercing", "from_title": "Testa rovesciata del David", "to_title": "Baci Urbani (Palazzo con il Piercing)", "profile": "foot-walking", "distance_m": 793.8, "duration_min": 9.525, "notes": "Segmento generato automaticamente con ORS tra due tappe consecutive." }, "geometry": { "type": "Point", "coordinates": [ 7.6818982, 45.0696553 ] } },
{ "type": "Feature", "properties": { "full_id": "n10944305291", "osm_id": "10944305291", "name": "SanTo", "service_type": "food_drink", "service_subtype": "ice_cream", "route_id": "contemporaneo_centro_mole", "route_title": "Arte Contemporanea tra Centro e Mole", "segment_id": "contemporaneo_centro_mole_01", "segment_index": 1, "from_artwork_id": "testa-michelangelo", "to_artwork_id": "palazzo-piercing", "from_title": "Testa rovesciata del David", "to_title": "Baci Urbani (Palazzo con il Piercing)", "profile": "foot-walking", "distance_m": 793.8, "duration_min": 9.525, "notes": "Segmento generato automaticamente con ORS tra due tappe consecutive." }, "geometry": { "type": "Point", "coordinates": [ 7.6816573, 45.0708153 ] } },
{ "type": "Feature", "properties": { "full_id": "n11820095968", "osm_id": "11820095968", "name": "Biraghi", "service_type": "food_drink", "service_subtype": "ice_cream", "route_id": "contemporaneo_centro_mole", "route_title": "Arte Contemporanea tra Centro e Mole", "segment_id": "contemporaneo_centro_mole_01", "segment_index": 1, "from_artwork_id": "testa-michelangelo", "to_artwork_id": "palazzo-piercing", "from_title": "Testa rovesciata del David", "to_title": "Baci Urbani (Palazzo con il Piercing)", "profile": "foot-walking", "distance_m": 793.8, "duration_min": 9.525, "notes": "Segmento generato automaticamente con ORS tra due tappe consecutive." }, "geometry": { "type": "Point", "coordinates": [ 7.6819299, 45.0677247 ] } },
{ "type": "Feature", "properties": { "full_id": "n13075169872", "osm_id": "13075169872", "name": "Grom", "service_type": "food_drink", "service_subtype": "ice_cream", "route_id": "contemporaneo_centro_mole", "route_title": "Arte Contemporanea tra Centro e Mole", "segment_id": "contemporaneo_centro_mole_01", "segment_index": 1, "from_artwork_id": "testa-michelangelo", "to_artwork_id": "palazzo-piercing", "from_title": "Testa rovesciata del David", "to_title": "Baci Urbani (Palazzo con il Piercing)", "profile": "foot-walking", "distance_m": 793.8, "duration_min": 9.525, "notes": "Segmento generato automaticamente con ORS tra due tappe consecutive." }, "geometry": { "type": "Point", "coordinates": [ 7.6823385, 45.0720901 ] } },
{ "type": "Feature", "properties": { "full_id": "n1198867402", "osm_id": "1198867402", "name": "Bertola", "service_type": "transport", "service_subtype": "bus_stop", "route_id": "contemporaneo_centro_mole", "route_title": "Arte Contemporanea tra Centro e Mole", "segment_id": "contemporaneo_centro_mole_01", "segment_index": 1, "from_artwork_id": "testa-michelangelo", "to_artwork_id": "palazzo-piercing", "from_title": "Testa rovesciata del David", "to_title": "Baci Urbani (Palazzo con il Piercing)", "profile": "foot-walking", "distance_m": 793.8, "duration_min": 9.525, "notes": "Segmento generato automaticamente con ORS tra due tappe consecutive." }, "geometry": { "type": "Point", "coordinates": [ 7.682115, 45.0694568 ] } },
{ "type": "Feature", "properties": { "full_id": "n1198867537", "osm_id": "1198867537", "name": "Corte d'Appello", "service_type": "transport", "service_subtype": "bus_stop", "route_id": "contemporaneo_centro_mole", "route_title": "Arte Contemporanea tra Centro e Mole", "segment_id": "contemporaneo_centro_mole_01", "segment_index": 1, "from_artwork_id": "testa-michelangelo", "to_artwork_id": "palazzo-piercing", "from_title": "Testa rovesciata del David", "to_title": "Baci Urbani (Palazzo con il Piercing)", "profile": "foot-walking", "distance_m": 793.8, "duration_min": 9.525, "notes": "Segmento generato automaticamente con ORS tra due tappe consecutive." }, "geometry": { "type": "Point", "coordinates": [ 7.6816014, 45.073721 ] } },
{ "type": "Feature", "properties": { "full_id": "n1198867556", "osm_id": "1198867556", "name": "Garibaldi", "service_type": "transport", "service_subtype": "bus_stop", "route_id": "contemporaneo_centro_mole", "route_title": "Arte Contemporanea tra Centro e Mole", "segment_id": "contemporaneo_centro_mole_01", "segment_index": 1, "from_artwork_id": "testa-michelangelo", "to_artwork_id": "palazzo-piercing", "from_title": "Testa rovesciata del David", "to_title": "Baci Urbani (Palazzo con il Piercing)", "profile": "foot-walking", "distance_m": 793.8, "duration_min": 9.525, "notes": "Segmento generato automaticamente con ORS tra due tappe consecutive." }, "geometry": { "type": "Point", "coordinates": [ 7.6837258, 45.0718764 ] } },
{ "type": "Feature", "properties": { "full_id": "n1198867662", "osm_id": "1198867662", "name": "Bertola", "service_type": "transport", "service_subtype": "bus_stop", "route_id": "contemporaneo_centro_mole", "route_title": "Arte Contemporanea tra Centro e Mole", "segment_id": "contemporaneo_centro_mole_01", "segment_index": 1, "from_artwork_id": "testa-michelangelo", "to_artwork_id": "palazzo-piercing", "from_title": "Testa rovesciata del David", "to_title": "Baci Urbani (Palazzo con il Piercing)", "profile": "foot-walking", "distance_m": 793.8, "duration_min": 9.525, "notes": "Segmento generato automaticamente con ORS tra due tappe consecutive." }, "geometry": { "type": "Point", "coordinates": [ 7.6807576, 45.0695671 ] } },
{ "type": "Feature", "properties": { "full_id": "n1262188506", "osm_id": "1262188506", "name": "Bertola Capolinea", "service_type": "transport", "service_subtype": "bus_stop", "route_id": "contemporaneo_centro_mole", "route_title": "Arte Contemporanea tra Centro e Mole", "segment_id": "contemporaneo_centro_mole_01", "segment_index": 1, "from_artwork_id": "testa-michelangelo", "to_artwork_id": "palazzo-piercing", "from_title": "Testa rovesciata del David", "to_title": "Baci Urbani (Palazzo con il Piercing)", "profile": "foot-walking", "distance_m": 793.8, "duration_min": 9.525, "notes": "Segmento generato automaticamente con ORS tra due tappe consecutive." }, "geometry": { "type": "Point", "coordinates": [ 7.6814445, 45.0699533 ] } },
{ "type": "Feature", "properties": { "full_id": "n1262190131", "osm_id": "1262190131", "name": "Castello", "service_type": "transport", "service_subtype": "bus_stop", "route_id": "contemporaneo_centro_mole", "route_title": "Arte Contemporanea tra Centro e Mole", "segment_id": "contemporaneo_centro_mole_01", "segment_index": 1, "from_artwork_id": "testa-michelangelo", "to_artwork_id": "palazzo-piercing", "from_title": "Testa rovesciata del David", "to_title": "Baci Urbani (Palazzo con il Piercing)", "profile": "foot-walking", "distance_m": 793.8, "duration_min": 9.525, "notes": "Segmento generato automaticamente con ORS tra due tappe consecutive." }, "geometry": { "type": "Point", "coordinates": [ 7.6853713, 45.0703952 ] } },
{ "type": "Feature", "properties": { "full_id": "n1262197246", "osm_id": "1262197246", "name": "Bertola Capolinea", "service_type": "transport", "service_subtype": "bus_stop", "route_id": "contemporaneo_centro_mole", "route_title": "Arte Contemporanea tra Centro e Mole", "segment_id": "contemporaneo_centro_mole_01", "segment_index": 1, "from_artwork_id": "testa-michelangelo", "to_artwork_id": "palazzo-piercing", "from_title": "Testa rovesciata del David", "to_title": "Baci Urbani (Palazzo con il Piercing)", "profile": "foot-walking", "distance_m": 793.8, "duration_min": 9.525, "notes": "Segmento generato automaticamente con ORS tra due tappe consecutive." }, "geometry": { "type": "Point", "coordinates": [ 7.6819626, 45.0692868 ] } },
{ "type": "Feature", "properties": { "full_id": "n1262197678", "osm_id": "1262197678", "name": "Bertola", "service_type": "transport", "service_subtype": "bus_stop", "route_id": "contemporaneo_centro_mole", "route_title": "Arte Contemporanea tra Centro e Mole", "segment_id": "contemporaneo_centro_mole_01", "segment_index": 1, "from_artwork_id": "testa-michelangelo", "to_artwork_id": "palazzo-piercing", "from_title": "Testa rovesciata del David", "to_title": "Baci Urbani (Palazzo con il Piercing)", "profile": "foot-walking", "distance_m": 793.8, "duration_min": 9.525, "notes": "Segmento generato automaticamente con ORS tra due tappe consecutive." }, "geometry": { "type": "Point", "coordinates": [ 7.6813986, 45.0705169 ] } },
{ "type": "Feature", "properties": { "full_id": "n1262199837", "osm_id": "1262199837", "name": "Bertola Capolinea", "service_type": "transport", "service_subtype": "bus_stop", "route_id": "contemporaneo_centro_mole", "route_title": "Arte Contemporanea tra Centro e Mole", "segment_id": "contemporaneo_centro_mole_01", "segment_index": 1, "from_artwork_id": "testa-michelangelo", "to_artwork_id": "palazzo-piercing", "from_title": "Testa rovesciata del David", "to_title": "Baci Urbani (Palazzo con il Piercing)", "profile": "foot-walking", "distance_m": 793.8, "duration_min": 9.525, "notes": "Segmento generato automaticamente con ORS tra due tappe consecutive." }, "geometry": { "type": "Point", "coordinates": [ 7.6818623, 45.069801899999987 ] } },
{ "type": "Feature", "properties": { "full_id": "n1262207476", "osm_id": "1262207476", "name": "Castello", "service_type": "transport", "service_subtype": "bus_stop", "route_id": "contemporaneo_centro_mole", "route_title": "Arte Contemporanea tra Centro e Mole", "segment_id": "contemporaneo_centro_mole_01", "segment_index": 1, "from_artwork_id": "testa-michelangelo", "to_artwork_id": "palazzo-piercing", "from_title": "Testa rovesciata del David", "to_title": "Baci Urbani (Palazzo con il Piercing)", "profile": "foot-walking", "distance_m": 793.8, "duration_min": 9.525, "notes": "Segmento generato automaticamente con ORS tra due tappe consecutive." }, "geometry": { "type": "Point", "coordinates": [ 7.6849471, 45.0706322 ] } },
{ "type": "Feature", "properties": { "full_id": "n1262208216", "osm_id": "1262208216", "name": "Milano", "service_type": "transport", "service_subtype": "bus_stop", "route_id": "contemporaneo_centro_mole", "route_title": "Arte Contemporanea tra Centro e Mole", "segment_id": "contemporaneo_centro_mole_01", "segment_index": 1, "from_artwork_id": "testa-michelangelo", "to_artwork_id": "palazzo-piercing", "from_title": "Testa rovesciata del David", "to_title": "Baci Urbani (Palazzo con il Piercing)", "profile": "foot-walking", "distance_m": 793.8, "duration_min": 9.525, "notes": "Segmento generato automaticamente con ORS tra due tappe consecutive." }, "geometry": { "type": "Point", "coordinates": [ 7.6816321, 45.0735306 ] } },
{ "type": "Feature", "properties": { "full_id": "n1262208401", "osm_id": "1262208401", "name": "Bertola", "service_type": "transport", "service_subtype": "bus_stop", "route_id": "contemporaneo_centro_mole", "route_title": "Arte Contemporanea tra Centro e Mole", "segment_id": "contemporaneo_centro_mole_01", "segment_index": 1, "from_artwork_id": "testa-michelangelo", "to_artwork_id": "palazzo-piercing", "from_title": "Testa rovesciata del David", "to_title": "Baci Urbani (Palazzo con il Piercing)", "profile": "foot-walking", "distance_m": 793.8, "duration_min": 9.525, "notes": "Segmento generato automaticamente con ORS tra due tappe consecutive." }, "geometry": { "type": "Point", "coordinates": [ 7.6804786, 45.0705149 ] } },
{ "type": "Feature", "properties": { "full_id": "n1262209446", "osm_id": "1262209446", "name": "Roma", "service_type": "transport", "service_subtype": "bus_stop", "route_id": "contemporaneo_centro_mole", "route_title": "Arte Contemporanea tra Centro e Mole", "segment_id": "contemporaneo_centro_mole_01", "segment_index": 1, "from_artwork_id": "testa-michelangelo", "to_artwork_id": "palazzo-piercing", "from_title": "Testa rovesciata del David", "to_title": "Baci Urbani (Palazzo con il Piercing)", "profile": "foot-walking", "distance_m": 793.8, "duration_min": 9.525, "notes": "Segmento generato automaticamente con ORS tra due tappe consecutive." }, "geometry": { "type": "Point", "coordinates": [ 7.6836535, 45.0681219 ] } },
{ "type": "Feature", "properties": { "full_id": "n1262209581", "osm_id": "1262209581", "name": "Bertola Capolinea", "service_type": "transport", "service_subtype": "bus_stop", "route_id": "contemporaneo_centro_mole", "route_title": "Arte Contemporanea tra Centro e Mole", "segment_id": "contemporaneo_centro_mole_01", "segment_index": 1, "from_artwork_id": "testa-michelangelo", "to_artwork_id": "palazzo-piercing", "from_title": "Testa rovesciata del David", "to_title": "Baci Urbani (Palazzo con il Piercing)", "profile": "foot-walking", "distance_m": 793.8, "duration_min": 9.525, "notes": "Segmento generato automaticamente con ORS tra due tappe consecutive." }, "geometry": { "type": "Point", "coordinates": [ 7.6816003, 45.069892 ] } },
{ "type": "Feature", "properties": { "full_id": "n1491228856", "osm_id": "1491228856", "name": "XX Settembre", "service_type": "transport", "service_subtype": "bus_stop", "route_id": "contemporaneo_centro_mole", "route_title": "Arte Contemporanea tra Centro e Mole", "segment_id": "contemporaneo_centro_mole_01", "segment_index": 1, "from_artwork_id": "testa-michelangelo", "to_artwork_id": "palazzo-piercing", "from_title": "Testa rovesciata del David", "to_title": "Baci Urbani (Palazzo con il Piercing)", "profile": "foot-walking", "distance_m": 793.8, "duration_min": 9.525, "notes": "Segmento generato automaticamente con ORS tra due tappe consecutive." }, "geometry": { "type": "Point", "coordinates": [ 7.6811625, 45.0689924 ] } },
{ "type": "Feature", "properties": { "full_id": "n941491471", "osm_id": "941491471", "name": "Corte d'Appello", "service_type": "transport", "service_subtype": "tram_stop", "route_id": "contemporaneo_centro_mole", "route_title": "Arte Contemporanea tra Centro e Mole", "segment_id": "contemporaneo_centro_mole_01", "segment_index": 1, "from_artwork_id": "testa-michelangelo", "to_artwork_id": "palazzo-piercing", "from_title": "Testa rovesciata del David", "to_title": "Baci Urbani (Palazzo con il Piercing)", "profile": "foot-walking", "distance_m": 793.8, "duration_min": 9.525, "notes": "Segmento generato automaticamente con ORS tra due tappe consecutive." }, "geometry": { "type": "Point", "coordinates": [ 7.6816175, 45.0737194 ] } },
{ "type": "Feature", "properties": { "full_id": "n941491545", "osm_id": "941491545", "name": "Bertola", "service_type": "transport", "service_subtype": "tram_stop", "route_id": "contemporaneo_centro_mole", "route_title": "Arte Contemporanea tra Centro e Mole", "segment_id": "contemporaneo_centro_mole_01", "segment_index": 1, "from_artwork_id": "testa-michelangelo", "to_artwork_id": "palazzo-piercing", "from_title": "Testa rovesciata del David", "to_title": "Baci Urbani (Palazzo con il Piercing)", "profile": "foot-walking", "distance_m": 793.8, "duration_min": 9.525, "notes": "Segmento generato automaticamente con ORS tra due tappe consecutive." }, "geometry": { "type": "Point", "coordinates": [ 7.6821508, 45.0694161 ] } },
{ "type": "Feature", "properties": { "full_id": "n941491637", "osm_id": "941491637", "name": "Bertola", "service_type": "transport", "service_subtype": "tram_stop", "route_id": "contemporaneo_centro_mole", "route_title": "Arte Contemporanea tra Centro e Mole", "segment_id": "contemporaneo_centro_mole_01", "segment_index": 1, "from_artwork_id": "testa-michelangelo", "to_artwork_id": "palazzo-piercing", "from_title": "Testa rovesciata del David", "to_title": "Baci Urbani (Palazzo con il Piercing)", "profile": "foot-walking", "distance_m": 793.8, "duration_min": 9.525, "notes": "Segmento generato automaticamente con ORS tra due tappe consecutive." }, "geometry": { "type": "Point", "coordinates": [ 7.6807949, 45.0695607 ] } },
{ "type": "Feature", "properties": { "full_id": "n943330768", "osm_id": "943330768", "name": "Castello", "service_type": "transport", "service_subtype": "tram_stop", "route_id": "contemporaneo_centro_mole", "route_title": "Arte Contemporanea tra Centro e Mole", "segment_id": "contemporaneo_centro_mole_01", "segment_index": 1, "from_artwork_id": "testa-michelangelo", "to_artwork_id": "palazzo-piercing", "from_title": "Testa rovesciata del David", "to_title": "Baci Urbani (Palazzo con il Piercing)", "profile": "foot-walking", "distance_m": 793.8, "duration_min": 9.525, "notes": "Segmento generato automaticamente con ORS tra due tappe consecutive." }, "geometry": { "type": "Point", "coordinates": [ 7.6853867, 45.0704138 ] } },
{ "type": "Feature", "properties": { "full_id": "n1167320980", "osm_id": "1167320980", "name": "Garibaldi", "service_type": "transport", "service_subtype": "tram_stop", "route_id": "contemporaneo_centro_mole", "route_title": "Arte Contemporanea tra Centro e Mole", "segment_id": "contemporaneo_centro_mole_01", "segment_index": 1, "from_artwork_id": "testa-michelangelo", "to_artwork_id": "palazzo-piercing", "from_title": "Testa rovesciata del David", "to_title": "Baci Urbani (Palazzo con il Piercing)", "profile": "foot-walking", "distance_m": 793.8, "duration_min": 9.525, "notes": "Segmento generato automaticamente con ORS tra due tappe consecutive." }, "geometry": { "type": "Point", "coordinates": [ 7.6837141, 45.0718796 ] } },
{ "type": "Feature", "properties": { "full_id": "n1370347434", "osm_id": "1370347434", "name": "Castello", "service_type": "transport", "service_subtype": "tram_stop", "route_id": "contemporaneo_centro_mole", "route_title": "Arte Contemporanea tra Centro e Mole", "segment_id": "contemporaneo_centro_mole_01", "segment_index": 1, "from_artwork_id": "testa-michelangelo", "to_artwork_id": "palazzo-piercing", "from_title": "Testa rovesciata del David", "to_title": "Baci Urbani (Palazzo con il Piercing)", "profile": "foot-walking", "distance_m": 793.8, "duration_min": 9.525, "notes": "Segmento generato automaticamente con ORS tra due tappe consecutive." }, "geometry": { "type": "Point", "coordinates": [ 7.6849195, 45.0706137 ] } },
{ "type": "Feature", "properties": { "full_id": "n1624209624", "osm_id": "1624209624", "name": "Bertola", "service_type": "transport", "service_subtype": "tram_stop", "route_id": "contemporaneo_centro_mole", "route_title": "Arte Contemporanea tra Centro e Mole", "segment_id": "contemporaneo_centro_mole_01", "segment_index": 1, "from_artwork_id": "testa-michelangelo", "to_artwork_id": "palazzo-piercing", "from_title": "Testa rovesciata del David", "to_title": "Baci Urbani (Palazzo con il Piercing)", "profile": "foot-walking", "distance_m": 793.8, "duration_min": 9.525, "notes": "Segmento generato automaticamente con ORS tra due tappe consecutive." }, "geometry": { "type": "Point", "coordinates": [ 7.6813947, 45.0705563 ] } },
{ "type": "Feature", "properties": { "full_id": "n1843302903", "osm_id": "1843302903", "name": "Bertola", "service_type": "transport", "service_subtype": "tram_stop", "route_id": "contemporaneo_centro_mole", "route_title": "Arte Contemporanea tra Centro e Mole", "segment_id": "contemporaneo_centro_mole_01", "segment_index": 1, "from_artwork_id": "testa-michelangelo", "to_artwork_id": "palazzo-piercing", "from_title": "Testa rovesciata del David", "to_title": "Baci Urbani (Palazzo con il Piercing)", "profile": "foot-walking", "distance_m": 793.8, "duration_min": 9.525, "notes": "Segmento generato automaticamente con ORS tra due tappe consecutive." }, "geometry": { "type": "Point", "coordinates": [ 7.6804823, 45.0705006 ] } },
{ "type": "Feature", "properties": { "full_id": "n12101484058", "osm_id": "12101484058", "name": "Bertola", "service_type": "transport", "service_subtype": "tram_stop", "route_id": "contemporaneo_centro_mole", "route_title": "Arte Contemporanea tra Centro e Mole", "segment_id": "contemporaneo_centro_mole_01", "segment_index": 1, "from_artwork_id": "testa-michelangelo", "to_artwork_id": "palazzo-piercing", "from_title": "Testa rovesciata del David", "to_title": "Baci Urbani (Palazzo con il Piercing)", "profile": "foot-walking", "distance_m": 793.8, "duration_min": 9.525, "notes": "Segmento generato automaticamente con ORS tra due tappe consecutive." }, "geometry": { "type": "Point", "coordinates": [ 7.6808041, 45.0695577 ] } },
{ "type": "Feature", "properties": { "full_id": "n2018175888", "osm_id": "2018175888", "name": "Caffetteria degli Angeli", "service_type": "food_drink", "service_subtype": "bar", "route_id": "contemporaneo_centro_mole", "route_title": "Arte Contemporanea tra Centro e Mole", "segment_id": "contemporaneo_centro_mole_02", "segment_index": 2, "from_artwork_id": "palazzo-piercing", "to_artwork_id": "toro-muro", "from_title": "Baci Urbani (Palazzo con il Piercing)", "to_title": "T'ORO - Il Toro che esce dal muro", "profile": "foot-walking", "distance_m": 570.2, "duration_min": 6.8433333333333337, "notes": "Segmento generato automaticamente con ORS tra due tappe consecutive." }, "geometry": { "type": "Point", "coordinates": [ 7.6844502, 45.0728711 ] } },
{ "type": "Feature", "properties": { "full_id": "n2018175892", "osm_id": "2018175892", "name": "Duomo", "service_type": "food_drink", "service_subtype": "bar", "route_id": "contemporaneo_centro_mole", "route_title": "Arte Contemporanea tra Centro e Mole", "segment_id": "contemporaneo_centro_mole_02", "segment_index": 2, "from_artwork_id": "palazzo-piercing", "to_artwork_id": "toro-muro", "from_title": "Baci Urbani (Palazzo con il Piercing)", "to_title": "T'ORO - Il Toro che esce dal muro", "profile": "foot-walking", "distance_m": 570.2, "duration_min": 6.8433333333333337, "notes": "Segmento generato automaticamente con ORS tra due tappe consecutive." }, "geometry": { "type": "Point", "coordinates": [ 7.6839762, 45.0724362 ] } },
{ "type": "Feature", "properties": { "full_id": "n2018175901", "osm_id": "2018175901", "name": null, "service_type": "food_drink", "service_subtype": "bar", "route_id": "contemporaneo_centro_mole", "route_title": "Arte Contemporanea tra Centro e Mole", "segment_id": "contemporaneo_centro_mole_02", "segment_index": 2, "from_artwork_id": "palazzo-piercing", "to_artwork_id": "toro-muro", "from_title": "Baci Urbani (Palazzo con il Piercing)", "to_title": "T'ORO - Il Toro che esce dal muro", "profile": "foot-walking", "distance_m": 570.2, "duration_min": 6.8433333333333337, "notes": "Segmento generato automaticamente con ORS tra due tappe consecutive." }, "geometry": { "type": "Point", "coordinates": [ 7.6831045, 45.0711364 ] } },
{ "type": "Feature", "properties": { "full_id": "n2068288947", "osm_id": "2068288947", "name": "Bar Francia", "service_type": "food_drink", "service_subtype": "bar", "route_id": "contemporaneo_centro_mole", "route_title": "Arte Contemporanea tra Centro e Mole", "segment_id": "contemporaneo_centro_mole_02", "segment_index": 2, "from_artwork_id": "palazzo-piercing", "to_artwork_id": "toro-muro", "from_title": "Baci Urbani (Palazzo con il Piercing)", "to_title": "T'ORO - Il Toro che esce dal muro", "profile": "foot-walking", "distance_m": 570.2, "duration_min": 6.8433333333333337, "notes": "Segmento generato automaticamente con ORS tra due tappe consecutive." }, "geometry": { "type": "Point", "coordinates": [ 7.6838406, 45.0715756 ] } },
{ "type": "Feature", "properties": { "full_id": "n2278132194", "osm_id": "2278132194", "name": "Lobelix", "service_type": "food_drink", "service_subtype": "bar", "route_id": "contemporaneo_centro_mole", "route_title": "Arte Contemporanea tra Centro e Mole", "segment_id": "contemporaneo_centro_mole_02", "segment_index": 2, "from_artwork_id": "palazzo-piercing", "to_artwork_id": "toro-muro", "from_title": "Baci Urbani (Palazzo con il Piercing)", "to_title": "T'ORO - Il Toro che esce dal muro", "profile": "foot-walking", "distance_m": 570.2, "duration_min": 6.8433333333333337, "notes": "Segmento generato automaticamente con ORS tra due tappe consecutive." }, "geometry": { "type": "Point", "coordinates": [ 7.6777621, 45.0747405 ] } },
{ "type": "Feature", "properties": { "full_id": "n3346661134", "osm_id": "3346661134", "name": "Nurah Café", "service_type": "food_drink", "service_subtype": "bar", "route_id": "contemporaneo_centro_mole", "route_title": "Arte Contemporanea tra Centro e Mole", "segment_id": "contemporaneo_centro_mole_02", "segment_index": 2, "from_artwork_id": "palazzo-piercing", "to_artwork_id": "toro-muro", "from_title": "Baci Urbani (Palazzo con il Piercing)", "to_title": "T'ORO - Il Toro che esce dal muro", "profile": "foot-walking", "distance_m": 570.2, "duration_min": 6.8433333333333337, "notes": "Segmento generato automaticamente con ORS tra due tappe consecutive." }, "geometry": { "type": "Point", "coordinates": [ 7.6804701, 45.0755546 ] } },
{ "type": "Feature", "properties": { "full_id": "n3422349565", "osm_id": "3422349565", "name": "Zero's Kafe", "service_type": "food_drink", "service_subtype": "bar", "route_id": "contemporaneo_centro_mole", "route_title": "Arte Contemporanea tra Centro e Mole", "segment_id": "contemporaneo_centro_mole_02", "segment_index": 2, "from_artwork_id": "palazzo-piercing", "to_artwork_id": "toro-muro", "from_title": "Baci Urbani (Palazzo con il Piercing)", "to_title": "T'ORO - Il Toro che esce dal muro", "profile": "foot-walking", "distance_m": 570.2, "duration_min": 6.8433333333333337, "notes": "Segmento generato automaticamente con ORS tra due tappe consecutive." }, "geometry": { "type": "Point", "coordinates": [ 7.6794164, 45.0738772 ] } },
{ "type": "Feature", "properties": { "full_id": "n4096186449", "osm_id": "4096186449", "name": "La Bicyclette", "service_type": "food_drink", "service_subtype": "bar", "route_id": "contemporaneo_centro_mole", "route_title": "Arte Contemporanea tra Centro e Mole", "segment_id": "contemporaneo_centro_mole_02", "segment_index": 2, "from_artwork_id": "palazzo-piercing", "to_artwork_id": "toro-muro", "from_title": "Baci Urbani (Palazzo con il Piercing)", "to_title": "T'ORO - Il Toro che esce dal muro", "profile": "foot-walking", "distance_m": 570.2, "duration_min": 6.8433333333333337, "notes": "Segmento generato automaticamente con ORS tra due tappe consecutive." }, "geometry": { "type": "Point", "coordinates": [ 7.6792796, 45.073706 ] } },
{ "type": "Feature", "properties": { "full_id": "n4408801352", "osm_id": "4408801352", "name": "Ingrosso Minuto", "service_type": "food_drink", "service_subtype": "bar", "route_id": "contemporaneo_centro_mole", "route_title": "Arte Contemporanea tra Centro e Mole", "segment_id": "contemporaneo_centro_mole_02", "segment_index": 2, "from_artwork_id": "palazzo-piercing", "to_artwork_id": "toro-muro", "from_title": "Baci Urbani (Palazzo con il Piercing)", "to_title": "T'ORO - Il Toro che esce dal muro", "profile": "foot-walking", "distance_m": 570.2, "duration_min": 6.8433333333333337, "notes": "Segmento generato automaticamente con ORS tra due tappe consecutive." }, "geometry": { "type": "Point", "coordinates": [ 7.6830378, 45.0746377 ] } },
{ "type": "Feature", "properties": { "full_id": "n4443922515", "osm_id": "4443922515", "name": null, "service_type": "food_drink", "service_subtype": "bar", "route_id": "contemporaneo_centro_mole", "route_title": "Arte Contemporanea tra Centro e Mole", "segment_id": "contemporaneo_centro_mole_02", "segment_index": 2, "from_artwork_id": "palazzo-piercing", "to_artwork_id": "toro-muro", "from_title": "Baci Urbani (Palazzo con il Piercing)", "to_title": "T'ORO - Il Toro che esce dal muro", "profile": "foot-walking", "distance_m": 570.2, "duration_min": 6.8433333333333337, "notes": "Segmento generato automaticamente con ORS tra due tappe consecutive." }, "geometry": { "type": "Point", "coordinates": [ 7.6830678, 45.073682200000015 ] } },
{ "type": "Feature", "properties": { "full_id": "n4444014760", "osm_id": "4444014760", "name": "Bar Antica Piazza delle Erbe", "service_type": "food_drink", "service_subtype": "bar", "route_id": "contemporaneo_centro_mole", "route_title": "Arte Contemporanea tra Centro e Mole", "segment_id": "contemporaneo_centro_mole_02", "segment_index": 2, "from_artwork_id": "palazzo-piercing", "to_artwork_id": "toro-muro", "from_title": "Baci Urbani (Palazzo con il Piercing)", "to_title": "T'ORO - Il Toro che esce dal muro", "profile": "foot-walking", "distance_m": 570.2, "duration_min": 6.8433333333333337, "notes": "Segmento generato automaticamente con ORS tra due tappe consecutive." }, "geometry": { "type": "Point", "coordinates": [ 7.6839889, 45.0721498 ] } },
{ "type": "Feature", "properties": { "full_id": "n4736078969", "osm_id": "4736078969", "name": "Judafire Music Cafè", "service_type": "food_drink", "service_subtype": "bar", "route_id": "contemporaneo_centro_mole", "route_title": "Arte Contemporanea tra Centro e Mole", "segment_id": "contemporaneo_centro_mole_02", "segment_index": 2, "from_artwork_id": "palazzo-piercing", "to_artwork_id": "toro-muro", "from_title": "Baci Urbani (Palazzo con il Piercing)", "to_title": "T'ORO - Il Toro che esce dal muro", "profile": "foot-walking", "distance_m": 570.2, "duration_min": 6.8433333333333337, "notes": "Segmento generato automaticamente con ORS tra due tappe consecutive." }, "geometry": { "type": "Point", "coordinates": [ 7.6801679, 45.0748263 ] } },
{ "type": "Feature", "properties": { "full_id": "n4736083899", "osm_id": "4736083899", "name": "Shore", "service_type": "food_drink", "service_subtype": "bar", "route_id": "contemporaneo_centro_mole", "route_title": "Arte Contemporanea tra Centro e Mole", "segment_id": "contemporaneo_centro_mole_02", "segment_index": 2, "from_artwork_id": "palazzo-piercing", "to_artwork_id": "toro-muro", "from_title": "Baci Urbani (Palazzo con il Piercing)", "to_title": "T'ORO - Il Toro che esce dal muro", "profile": "foot-walking", "distance_m": 570.2, "duration_min": 6.8433333333333337, "notes": "Segmento generato automaticamente con ORS tra due tappe consecutive." }, "geometry": { "type": "Point", "coordinates": [ 7.6808093, 45.0766789 ] } },
{ "type": "Feature", "properties": { "full_id": "n5117626917", "osm_id": "5117626917", "name": "La Sosta", "service_type": "food_drink", "service_subtype": "bar", "route_id": "contemporaneo_centro_mole", "route_title": "Arte Contemporanea tra Centro e Mole", "segment_id": "contemporaneo_centro_mole_02", "segment_index": 2, "from_artwork_id": "palazzo-piercing", "to_artwork_id": "toro-muro", "from_title": "Baci Urbani (Palazzo con il Piercing)", "to_title": "T'ORO - Il Toro che esce dal muro", "profile": "foot-walking", "distance_m": 570.2, "duration_min": 6.8433333333333337, "notes": "Segmento generato automaticamente con ORS tra due tappe consecutive." }, "geometry": { "type": "Point", "coordinates": [ 7.6813171, 45.0726102 ] } },
{ "type": "Feature", "properties": { "full_id": "n5345204623", "osm_id": "5345204623", "name": "Smile Tree", "service_type": "food_drink", "service_subtype": "bar", "route_id": "contemporaneo_centro_mole", "route_title": "Arte Contemporanea tra Centro e Mole", "segment_id": "contemporaneo_centro_mole_02", "segment_index": 2, "from_artwork_id": "palazzo-piercing", "to_artwork_id": "toro-muro", "from_title": "Baci Urbani (Palazzo con il Piercing)", "to_title": "T'ORO - Il Toro che esce dal muro", "profile": "foot-walking", "distance_m": 570.2, "duration_min": 6.8433333333333337, "notes": "Segmento generato automaticamente con ORS tra due tappe consecutive." }, "geometry": { "type": "Point", "coordinates": [ 7.6787224, 45.0764666 ] } },
{ "type": "Feature", "properties": { "full_id": "n5428422639", "osm_id": "5428422639", "name": "Forno Ricca", "service_type": "food_drink", "service_subtype": "bar", "route_id": "contemporaneo_centro_mole", "route_title": "Arte Contemporanea tra Centro e Mole", "segment_id": "contemporaneo_centro_mole_02", "segment_index": 2, "from_artwork_id": "palazzo-piercing", "to_artwork_id": "toro-muro", "from_title": "Baci Urbani (Palazzo con il Piercing)", "to_title": "T'ORO - Il Toro che esce dal muro", "profile": "foot-walking", "distance_m": 570.2, "duration_min": 6.8433333333333337, "notes": "Segmento generato automaticamente con ORS tra due tappe consecutive." }, "geometry": { "type": "Point", "coordinates": [ 7.683328, 45.0734925 ] } },
{ "type": "Feature", "properties": { "full_id": "n10959114867", "osm_id": "10959114867", "name": "Walima narghilè", "service_type": "food_drink", "service_subtype": "bar", "route_id": "contemporaneo_centro_mole", "route_title": "Arte Contemporanea tra Centro e Mole", "segment_id": "contemporaneo_centro_mole_02", "segment_index": 2, "from_artwork_id": "palazzo-piercing", "to_artwork_id": "toro-muro", "from_title": "Baci Urbani (Palazzo con il Piercing)", "to_title": "T'ORO - Il Toro che esce dal muro", "profile": "foot-walking", "distance_m": 570.2, "duration_min": 6.8433333333333337, "notes": "Segmento generato automaticamente con ORS tra due tappe consecutive." }, "geometry": { "type": "Point", "coordinates": [ 7.6801718, 45.0751342 ] } },
{ "type": "Feature", "properties": { "full_id": "n12001217812", "osm_id": "12001217812", "name": "Alpha", "service_type": "food_drink", "service_subtype": "bar", "route_id": "contemporaneo_centro_mole", "route_title": "Arte Contemporanea tra Centro e Mole", "segment_id": "contemporaneo_centro_mole_02", "segment_index": 2, "from_artwork_id": "palazzo-piercing", "to_artwork_id": "toro-muro", "from_title": "Baci Urbani (Palazzo con il Piercing)", "to_title": "T'ORO - Il Toro che esce dal muro", "profile": "foot-walking", "distance_m": 570.2, "duration_min": 6.8433333333333337, "notes": "Segmento generato automaticamente con ORS tra due tappe consecutive." }, "geometry": { "type": "Point", "coordinates": [ 7.6795478, 45.076896 ] } },
{ "type": "Feature", "properties": { "full_id": "n12165781943", "osm_id": "12165781943", "name": "AB", "service_type": "food_drink", "service_subtype": "bar", "route_id": "contemporaneo_centro_mole", "route_title": "Arte Contemporanea tra Centro e Mole", "segment_id": "contemporaneo_centro_mole_02", "segment_index": 2, "from_artwork_id": "palazzo-piercing", "to_artwork_id": "toro-muro", "from_title": "Baci Urbani (Palazzo con il Piercing)", "to_title": "T'ORO - Il Toro che esce dal muro", "profile": "foot-walking", "distance_m": 570.2, "duration_min": 6.8433333333333337, "notes": "Segmento generato automaticamente con ORS tra due tappe consecutive." }, "geometry": { "type": "Point", "coordinates": [ 7.6839943, 45.0743163 ] } },
{ "type": "Feature", "properties": { "full_id": "n12175667289", "osm_id": "12175667289", "name": "Les folies", "service_type": "food_drink", "service_subtype": "bar", "route_id": "contemporaneo_centro_mole", "route_title": "Arte Contemporanea tra Centro e Mole", "segment_id": "contemporaneo_centro_mole_02", "segment_index": 2, "from_artwork_id": "palazzo-piercing", "to_artwork_id": "toro-muro", "from_title": "Baci Urbani (Palazzo con il Piercing)", "to_title": "T'ORO - Il Toro che esce dal muro", "profile": "foot-walking", "distance_m": 570.2, "duration_min": 6.8433333333333337, "notes": "Segmento generato automaticamente con ORS tra due tappe consecutive." }, "geometry": { "type": "Point", "coordinates": [ 7.679128, 45.0751716 ] } },
{ "type": "Feature", "properties": { "full_id": "n13074614346", "osm_id": "13074614346", "name": "L'Asilo", "service_type": "food_drink", "service_subtype": "bar", "route_id": "contemporaneo_centro_mole", "route_title": "Arte Contemporanea tra Centro e Mole", "segment_id": "contemporaneo_centro_mole_02", "segment_index": 2, "from_artwork_id": "palazzo-piercing", "to_artwork_id": "toro-muro", "from_title": "Baci Urbani (Palazzo con il Piercing)", "to_title": "T'ORO - Il Toro che esce dal muro", "profile": "foot-walking", "distance_m": 570.2, "duration_min": 6.8433333333333337, "notes": "Segmento generato automaticamente con ORS tra due tappe consecutive." }, "geometry": { "type": "Point", "coordinates": [ 7.6805474, 45.0760821 ] } },
{ "type": "Feature", "properties": { "full_id": "n13618872601", "osm_id": "13618872601", "name": "Kaffan", "service_type": "food_drink", "service_subtype": "bar", "route_id": "contemporaneo_centro_mole", "route_title": "Arte Contemporanea tra Centro e Mole", "segment_id": "contemporaneo_centro_mole_02", "segment_index": 2, "from_artwork_id": "palazzo-piercing", "to_artwork_id": "toro-muro", "from_title": "Baci Urbani (Palazzo con il Piercing)", "to_title": "T'ORO - Il Toro che esce dal muro", "profile": "foot-walking", "distance_m": 570.2, "duration_min": 6.8433333333333337, "notes": "Segmento generato automaticamente con ORS tra due tappe consecutive." }, "geometry": { "type": "Point", "coordinates": [ 7.6781592, 45.0737871 ] } },
{ "type": "Feature", "properties": { "full_id": "n13740894993", "osm_id": "13740894993", "name": "T-Club", "service_type": "food_drink", "service_subtype": "bar", "route_id": "contemporaneo_centro_mole", "route_title": "Arte Contemporanea tra Centro e Mole", "segment_id": "contemporaneo_centro_mole_02", "segment_index": 2, "from_artwork_id": "palazzo-piercing", "to_artwork_id": "toro-muro", "from_title": "Baci Urbani (Palazzo con il Piercing)", "to_title": "T'ORO - Il Toro che esce dal muro", "profile": "foot-walking", "distance_m": 570.2, "duration_min": 6.8433333333333337, "notes": "Segmento generato automaticamente con ORS tra due tappe consecutive." }, "geometry": { "type": "Point", "coordinates": [ 7.6806912, 45.0758799 ] } },
{ "type": "Feature", "properties": { "full_id": "n13813164228", "osm_id": "13813164228", "name": "Ramo d'oro", "service_type": "food_drink", "service_subtype": "bar", "route_id": "contemporaneo_centro_mole", "route_title": "Arte Contemporanea tra Centro e Mole", "segment_id": "contemporaneo_centro_mole_02", "segment_index": 2, "from_artwork_id": "palazzo-piercing", "to_artwork_id": "toro-muro", "from_title": "Baci Urbani (Palazzo con il Piercing)", "to_title": "T'ORO - Il Toro che esce dal muro", "profile": "foot-walking", "distance_m": 570.2, "duration_min": 6.8433333333333337, "notes": "Segmento generato automaticamente con ORS tra due tappe consecutive." }, "geometry": { "type": "Point", "coordinates": [ 7.683406, 45.074892 ] } },
{ "type": "Feature", "properties": { "full_id": "n2018175897", "osm_id": "2018175897", "name": "Cafè Perotti", "service_type": "food_drink", "service_subtype": "cafe", "route_id": "contemporaneo_centro_mole", "route_title": "Arte Contemporanea tra Centro e Mole", "segment_id": "contemporaneo_centro_mole_02", "segment_index": 2, "from_artwork_id": "palazzo-piercing", "to_artwork_id": "toro-muro", "from_title": "Baci Urbani (Palazzo con il Piercing)", "to_title": "T'ORO - Il Toro che esce dal muro", "profile": "foot-walking", "distance_m": 570.2, "duration_min": 6.8433333333333337, "notes": "Segmento generato automaticamente con ORS tra due tappe consecutive." }, "geometry": { "type": "Point", "coordinates": [ 7.6832776, 45.0710671 ] } },
{ "type": "Feature", "properties": { "full_id": "n2068316260", "osm_id": "2068316260", "name": "Cafe Savoia", "service_type": "food_drink", "service_subtype": "cafe", "route_id": "contemporaneo_centro_mole", "route_title": "Arte Contemporanea tra Centro e Mole", "segment_id": "contemporaneo_centro_mole_02", "segment_index": 2, "from_artwork_id": "palazzo-piercing", "to_artwork_id": "toro-muro", "from_title": "Baci Urbani (Palazzo con il Piercing)", "to_title": "T'ORO - Il Toro che esce dal muro", "profile": "foot-walking", "distance_m": 570.2, "duration_min": 6.8433333333333337, "notes": "Segmento generato automaticamente con ORS tra due tappe consecutive." }, "geometry": { "type": "Point", "coordinates": [ 7.6842708, 45.0714108 ] } },
{ "type": "Feature", "properties": { "full_id": "n2406157066", "osm_id": "2406157066", "name": "Caffè Savoia", "service_type": "food_drink", "service_subtype": "cafe", "route_id": "contemporaneo_centro_mole", "route_title": "Arte Contemporanea tra Centro e Mole", "segment_id": "contemporaneo_centro_mole_02", "segment_index": 2, "from_artwork_id": "palazzo-piercing", "to_artwork_id": "toro-muro", "from_title": "Baci Urbani (Palazzo con il Piercing)", "to_title": "T'ORO - Il Toro che esce dal muro", "profile": "foot-walking", "distance_m": 570.2, "duration_min": 6.8433333333333337, "notes": "Segmento generato automaticamente con ORS tra due tappe consecutive." }, "geometry": { "type": "Point", "coordinates": [ 7.6786458, 45.0765536 ] } },
{ "type": "Feature", "properties": { "full_id": "n2700446956", "osm_id": "2700446956", "name": "Caffè Al Bicerin", "service_type": "food_drink", "service_subtype": "cafe", "route_id": "contemporaneo_centro_mole", "route_title": "Arte Contemporanea tra Centro e Mole", "segment_id": "contemporaneo_centro_mole_02", "segment_index": 2, "from_artwork_id": "palazzo-piercing", "to_artwork_id": "toro-muro", "from_title": "Baci Urbani (Palazzo con il Piercing)", "to_title": "T'ORO - Il Toro che esce dal muro", "profile": "foot-walking", "distance_m": 570.2, "duration_min": 6.8433333333333337, "notes": "Segmento generato automaticamente con ORS tra due tappe consecutive." }, "geometry": { "type": "Point", "coordinates": [ 7.678984, 45.0762364 ] } },
{ "type": "Feature", "properties": { "full_id": "n3347595655", "osm_id": "3347595655", "name": "La Maison de Marie", "service_type": "food_drink", "service_subtype": "cafe", "route_id": "contemporaneo_centro_mole", "route_title": "Arte Contemporanea tra Centro e Mole", "segment_id": "contemporaneo_centro_mole_02", "segment_index": 2, "from_artwork_id": "palazzo-piercing", "to_artwork_id": "toro-muro", "from_title": "Baci Urbani (Palazzo con il Piercing)", "to_title": "T'ORO - Il Toro che esce dal muro", "profile": "foot-walking", "distance_m": 570.2, "duration_min": 6.8433333333333337, "notes": "Segmento generato automaticamente con ORS tra due tappe consecutive." }, "geometry": { "type": "Point", "coordinates": [ 7.6794612, 45.0736923 ] } },
{ "type": "Feature", "properties": { "full_id": "n3363464693", "osm_id": "3363464693", "name": "caffetteria Palazzo di Città", "service_type": "food_drink", "service_subtype": "cafe", "route_id": "contemporaneo_centro_mole", "route_title": "Arte Contemporanea tra Centro e Mole", "segment_id": "contemporaneo_centro_mole_02", "segment_index": 2, "from_artwork_id": "palazzo-piercing", "to_artwork_id": "toro-muro", "from_title": "Baci Urbani (Palazzo con il Piercing)", "to_title": "T'ORO - Il Toro che esce dal muro", "profile": "foot-walking", "distance_m": 570.2, "duration_min": 6.8433333333333337, "notes": "Segmento generato automaticamente con ORS tra due tappe consecutive." }, "geometry": { "type": "Point", "coordinates": [ 7.6813062, 45.0728134 ] } },
{ "type": "Feature", "properties": { "full_id": "n4089592905", "osm_id": "4089592905", "name": "Caffè Martinez", "service_type": "food_drink", "service_subtype": "cafe", "route_id": "contemporaneo_centro_mole", "route_title": "Arte Contemporanea tra Centro e Mole", "segment_id": "contemporaneo_centro_mole_02", "segment_index": 2, "from_artwork_id": "palazzo-piercing", "to_artwork_id": "toro-muro", "from_title": "Baci Urbani (Palazzo con il Piercing)", "to_title": "T'ORO - Il Toro che esce dal muro", "profile": "foot-walking", "distance_m": 570.2, "duration_min": 6.8433333333333337, "notes": "Segmento generato automaticamente con ORS tra due tappe consecutive." }, "geometry": { "type": "Point", "coordinates": [ 7.6786746, 45.0734181 ] } },
{ "type": "Feature", "properties": { "full_id": "n4736079147", "osm_id": "4736079147", "name": "New Prosit", "service_type": "food_drink", "service_subtype": "cafe", "route_id": "contemporaneo_centro_mole", "route_title": "Arte Contemporanea tra Centro e Mole", "segment_id": "contemporaneo_centro_mole_02", "segment_index": 2, "from_artwork_id": "palazzo-piercing", "to_artwork_id": "toro-muro", "from_title": "Baci Urbani (Palazzo con il Piercing)", "to_title": "T'ORO - Il Toro che esce dal muro", "profile": "foot-walking", "distance_m": 570.2, "duration_min": 6.8433333333333337, "notes": "Segmento generato automaticamente con ORS tra due tappe consecutive." }, "geometry": { "type": "Point", "coordinates": [ 7.6830106, 45.0733361 ] } },
{ "type": "Feature", "properties": { "full_id": "n4736080273", "osm_id": "4736080273", "name": "Roberto Caffè", "service_type": "food_drink", "service_subtype": "cafe", "route_id": "contemporaneo_centro_mole", "route_title": "Arte Contemporanea tra Centro e Mole", "segment_id": "contemporaneo_centro_mole_02", "segment_index": 2, "from_artwork_id": "palazzo-piercing", "to_artwork_id": "toro-muro", "from_title": "Baci Urbani (Palazzo con il Piercing)", "to_title": "T'ORO - Il Toro che esce dal muro", "profile": "foot-walking", "distance_m": 570.2, "duration_min": 6.8433333333333337, "notes": "Segmento generato automaticamente con ORS tra due tappe consecutive." }, "geometry": { "type": "Point", "coordinates": [ 7.6769434, 45.0741387 ] } },
{ "type": "Feature", "properties": { "full_id": "n4736081802", "osm_id": "4736081802", "name": "The Tea", "service_type": "food_drink", "service_subtype": "cafe", "route_id": "contemporaneo_centro_mole", "route_title": "Arte Contemporanea tra Centro e Mole", "segment_id": "contemporaneo_centro_mole_02", "segment_index": 2, "from_artwork_id": "palazzo-piercing", "to_artwork_id": "toro-muro", "from_title": "Baci Urbani (Palazzo con il Piercing)", "to_title": "T'ORO - Il Toro che esce dal muro", "profile": "foot-walking", "distance_m": 570.2, "duration_min": 6.8433333333333337, "notes": "Segmento generato automaticamente con ORS tra due tappe consecutive." }, "geometry": { "type": "Point", "coordinates": [ 7.6812818, 45.073606599999984 ] } },
{ "type": "Feature", "properties": { "full_id": "n4736083839", "osm_id": "4736083839", "name": "Pankè", "service_type": "food_drink", "service_subtype": "cafe", "route_id": "contemporaneo_centro_mole", "route_title": "Arte Contemporanea tra Centro e Mole", "segment_id": "contemporaneo_centro_mole_02", "segment_index": 2, "from_artwork_id": "palazzo-piercing", "to_artwork_id": "toro-muro", "from_title": "Baci Urbani (Palazzo con il Piercing)", "to_title": "T'ORO - Il Toro che esce dal muro", "profile": "foot-walking", "distance_m": 570.2, "duration_min": 6.8433333333333337, "notes": "Segmento generato automaticamente con ORS tra due tappe consecutive." }, "geometry": { "type": "Point", "coordinates": [ 7.6815852, 45.072705 ] } },
{ "type": "Feature", "properties": { "full_id": "n4736083896", "osm_id": "4736083896", "name": "Caffè Savoia", "service_type": "food_drink", "service_subtype": "cafe", "route_id": "contemporaneo_centro_mole", "route_title": "Arte Contemporanea tra Centro e Mole", "segment_id": "contemporaneo_centro_mole_02", "segment_index": 2, "from_artwork_id": "palazzo-piercing", "to_artwork_id": "toro-muro", "from_title": "Baci Urbani (Palazzo con il Piercing)", "to_title": "T'ORO - Il Toro che esce dal muro", "profile": "foot-walking", "distance_m": 570.2, "duration_min": 6.8433333333333337, "notes": "Segmento generato automaticamente con ORS tra due tappe consecutive." }, "geometry": { "type": "Point", "coordinates": [ 7.6806739, 45.0767288 ] } },
{ "type": "Feature", "properties": { "full_id": "n5416460321", "osm_id": "5416460321", "name": "Piattini Caffè & Vini", "service_type": "food_drink", "service_subtype": "cafe", "route_id": "contemporaneo_centro_mole", "route_title": "Arte Contemporanea tra Centro e Mole", "segment_id": "contemporaneo_centro_mole_02", "segment_index": 2, "from_artwork_id": "palazzo-piercing", "to_artwork_id": "toro-muro", "from_title": "Baci Urbani (Palazzo con il Piercing)", "to_title": "T'ORO - Il Toro che esce dal muro", "profile": "foot-walking", "distance_m": 570.2, "duration_min": 6.8433333333333337, "notes": "Segmento generato automaticamente con ORS tra due tappe consecutive." }, "geometry": { "type": "Point", "coordinates": [ 7.679619, 45.0740822 ] } },
{ "type": "Feature", "properties": { "full_id": "n5998205156", "osm_id": "5998205156", "name": "TLALOC", "service_type": "food_drink", "service_subtype": "cafe", "route_id": "contemporaneo_centro_mole", "route_title": "Arte Contemporanea tra Centro e Mole", "segment_id": "contemporaneo_centro_mole_02", "segment_index": 2, "from_artwork_id": "palazzo-piercing", "to_artwork_id": "toro-muro", "from_title": "Baci Urbani (Palazzo con il Piercing)", "to_title": "T'ORO - Il Toro che esce dal muro", "profile": "foot-walking", "distance_m": 570.2, "duration_min": 6.8433333333333337, "notes": "Segmento generato automaticamente con ORS tra due tappe consecutive." }, "geometry": { "type": "Point", "coordinates": [ 7.6823688, 45.0727764 ] } },
{ "type": "Feature", "properties": { "full_id": "n5998205157", "osm_id": "5998205157", "name": "Il nostro cioccolato", "service_type": "food_drink", "service_subtype": "cafe", "route_id": "contemporaneo_centro_mole", "route_title": "Arte Contemporanea tra Centro e Mole", "segment_id": "contemporaneo_centro_mole_02", "segment_index": 2, "from_artwork_id": "palazzo-piercing", "to_artwork_id": "toro-muro", "from_title": "Baci Urbani (Palazzo con il Piercing)", "to_title": "T'ORO - Il Toro che esce dal muro", "profile": "foot-walking", "distance_m": 570.2, "duration_min": 6.8433333333333337, "notes": "Segmento generato automaticamente con ORS tra due tappe consecutive." }, "geometry": { "type": "Point", "coordinates": [ 7.682464, 45.0727461 ] } },
{ "type": "Feature", "properties": { "full_id": "n5998252948", "osm_id": "5998252948", "name": "12oz", "service_type": "food_drink", "service_subtype": "cafe", "route_id": "contemporaneo_centro_mole", "route_title": "Arte Contemporanea tra Centro e Mole", "segment_id": "contemporaneo_centro_mole_02", "segment_index": 2, "from_artwork_id": "palazzo-piercing", "to_artwork_id": "toro-muro", "from_title": "Baci Urbani (Palazzo con il Piercing)", "to_title": "T'ORO - Il Toro che esce dal muro", "profile": "foot-walking", "distance_m": 570.2, "duration_min": 6.8433333333333337, "notes": "Segmento generato automaticamente con ORS tra due tappe consecutive." }, "geometry": { "type": "Point", "coordinates": [ 7.6820983, 45.0722931 ] } },
{ "type": "Feature", "properties": { "full_id": "n5998275758", "osm_id": "5998275758", "name": "Liberty", "service_type": "food_drink", "service_subtype": "cafe", "route_id": "contemporaneo_centro_mole", "route_title": "Arte Contemporanea tra Centro e Mole", "segment_id": "contemporaneo_centro_mole_02", "segment_index": 2, "from_artwork_id": "palazzo-piercing", "to_artwork_id": "toro-muro", "from_title": "Baci Urbani (Palazzo con il Piercing)", "to_title": "T'ORO - Il Toro che esce dal muro", "profile": "foot-walking", "distance_m": 570.2, "duration_min": 6.8433333333333337, "notes": "Segmento generato automaticamente con ORS tra due tappe consecutive." }, "geometry": { "type": "Point", "coordinates": [ 7.6779514, 45.0736693 ] } },
{ "type": "Feature", "properties": { "full_id": "n6960480385", "osm_id": "6960480385", "name": "Minimarket", "service_type": "food_drink", "service_subtype": "cafe", "route_id": "contemporaneo_centro_mole", "route_title": "Arte Contemporanea tra Centro e Mole", "segment_id": "contemporaneo_centro_mole_02", "segment_index": 2, "from_artwork_id": "palazzo-piercing", "to_artwork_id": "toro-muro", "from_title": "Baci Urbani (Palazzo con il Piercing)", "to_title": "T'ORO - Il Toro che esce dal muro", "profile": "foot-walking", "distance_m": 570.2, "duration_min": 6.8433333333333337, "notes": "Segmento generato automaticamente con ORS tra due tappe consecutive." }, "geometry": { "type": "Point", "coordinates": [ 7.6840672, 45.0723034 ] } },
{ "type": "Feature", "properties": { "full_id": "n7023660665", "osm_id": "7023660665", "name": "Caffetteria Novecento", "service_type": "food_drink", "service_subtype": "cafe", "route_id": "contemporaneo_centro_mole", "route_title": "Arte Contemporanea tra Centro e Mole", "segment_id": "contemporaneo_centro_mole_02", "segment_index": 2, "from_artwork_id": "palazzo-piercing", "to_artwork_id": "toro-muro", "from_title": "Baci Urbani (Palazzo con il Piercing)", "to_title": "T'ORO - Il Toro che esce dal muro", "profile": "foot-walking", "distance_m": 570.2, "duration_min": 6.8433333333333337, "notes": "Segmento generato automaticamente con ORS tra due tappe consecutive." }, "geometry": { "type": "Point", "coordinates": [ 7.680222, 45.0715689 ] } },
{ "type": "Feature", "properties": { "full_id": "n9307355181", "osm_id": "9307355181", "name": "Nora Book & Coffee", "service_type": "food_drink", "service_subtype": "cafe", "route_id": "contemporaneo_centro_mole", "route_title": "Arte Contemporanea tra Centro e Mole", "segment_id": "contemporaneo_centro_mole_02", "segment_index": 2, "from_artwork_id": "palazzo-piercing", "to_artwork_id": "toro-muro", "from_title": "Baci Urbani (Palazzo con il Piercing)", "to_title": "T'ORO - Il Toro che esce dal muro", "profile": "foot-walking", "distance_m": 570.2, "duration_min": 6.8433333333333337, "notes": "Segmento generato automaticamente con ORS tra due tappe consecutive." }, "geometry": { "type": "Point", "coordinates": [ 7.6796418, 45.075859 ] } },
{ "type": "Feature", "properties": { "full_id": "n10213801582", "osm_id": "10213801582", "name": "Bar Pia", "service_type": "food_drink", "service_subtype": "cafe", "route_id": "contemporaneo_centro_mole", "route_title": "Arte Contemporanea tra Centro e Mole", "segment_id": "contemporaneo_centro_mole_02", "segment_index": 2, "from_artwork_id": "palazzo-piercing", "to_artwork_id": "toro-muro", "from_title": "Baci Urbani (Palazzo con il Piercing)", "to_title": "T'ORO - Il Toro che esce dal muro", "profile": "foot-walking", "distance_m": 570.2, "duration_min": 6.8433333333333337, "notes": "Segmento generato automaticamente con ORS tra due tappe consecutive." }, "geometry": { "type": "Point", "coordinates": [ 7.678384, 45.0763171 ] } },
{ "type": "Feature", "properties": { "full_id": "n10827139268", "osm_id": "10827139268", "name": "Bar Antica piazza delle erbe", "service_type": "food_drink", "service_subtype": "cafe", "route_id": "contemporaneo_centro_mole", "route_title": "Arte Contemporanea tra Centro e Mole", "segment_id": "contemporaneo_centro_mole_02", "segment_index": 2, "from_artwork_id": "palazzo-piercing", "to_artwork_id": "toro-muro", "from_title": "Baci Urbani (Palazzo con il Piercing)", "to_title": "T'ORO - Il Toro che esce dal muro", "profile": "foot-walking", "distance_m": 570.2, "duration_min": 6.8433333333333337, "notes": "Segmento generato automaticamente con ORS tra due tappe consecutive." }, "geometry": { "type": "Point", "coordinates": [ 7.6818, 45.0730879 ] } },
{ "type": "Feature", "properties": { "full_id": "n10833529336", "osm_id": "10833529336", "name": "Tisaneria della Consolata", "service_type": "food_drink", "service_subtype": "cafe", "route_id": "contemporaneo_centro_mole", "route_title": "Arte Contemporanea tra Centro e Mole", "segment_id": "contemporaneo_centro_mole_02", "segment_index": 2, "from_artwork_id": "palazzo-piercing", "to_artwork_id": "toro-muro", "from_title": "Baci Urbani (Palazzo con il Piercing)", "to_title": "T'ORO - Il Toro che esce dal muro", "profile": "foot-walking", "distance_m": 570.2, "duration_min": 6.8433333333333337, "notes": "Segmento generato automaticamente con ORS tra due tappe consecutive." }, "geometry": { "type": "Point", "coordinates": [ 7.6791049, 45.075913899999989 ] } },
{ "type": "Feature", "properties": { "full_id": "n11061384926", "osm_id": "11061384926", "name": "Oro puro", "service_type": "food_drink", "service_subtype": "cafe", "route_id": "contemporaneo_centro_mole", "route_title": "Arte Contemporanea tra Centro e Mole", "segment_id": "contemporaneo_centro_mole_02", "segment_index": 2, "from_artwork_id": "palazzo-piercing", "to_artwork_id": "toro-muro", "from_title": "Baci Urbani (Palazzo con il Piercing)", "to_title": "T'ORO - Il Toro che esce dal muro", "profile": "foot-walking", "distance_m": 570.2, "duration_min": 6.8433333333333337, "notes": "Segmento generato automaticamente con ORS tra due tappe consecutive." }, "geometry": { "type": "Point", "coordinates": [ 7.6835753, 45.0718437 ] } },
{ "type": "Feature", "properties": { "full_id": "n11502659927", "osm_id": "11502659927", "name": "ST", "service_type": "food_drink", "service_subtype": "cafe", "route_id": "contemporaneo_centro_mole", "route_title": "Arte Contemporanea tra Centro e Mole", "segment_id": "contemporaneo_centro_mole_02", "segment_index": 2, "from_artwork_id": "palazzo-piercing", "to_artwork_id": "toro-muro", "from_title": "Baci Urbani (Palazzo con il Piercing)", "to_title": "T'ORO - Il Toro che esce dal muro", "profile": "foot-walking", "distance_m": 570.2, "duration_min": 6.8433333333333337, "notes": "Segmento generato automaticamente con ORS tra due tappe consecutive." }, "geometry": { "type": "Point", "coordinates": [ 7.6814082, 45.071647 ] } },
{ "type": "Feature", "properties": { "full_id": "n11659712782", "osm_id": "11659712782", "name": "Caffè Ala", "service_type": "food_drink", "service_subtype": "cafe", "route_id": "contemporaneo_centro_mole", "route_title": "Arte Contemporanea tra Centro e Mole", "segment_id": "contemporaneo_centro_mole_02", "segment_index": 2, "from_artwork_id": "palazzo-piercing", "to_artwork_id": "toro-muro", "from_title": "Baci Urbani (Palazzo con il Piercing)", "to_title": "T'ORO - Il Toro che esce dal muro", "profile": "foot-walking", "distance_m": 570.2, "duration_min": 6.8433333333333337, "notes": "Segmento generato automaticamente con ORS tra due tappe consecutive." }, "geometry": { "type": "Point", "coordinates": [ 7.6825808, 45.0753442 ] } },
{ "type": "Feature", "properties": { "full_id": "n11659714384", "osm_id": "11659714384", "name": "Res Publica", "service_type": "food_drink", "service_subtype": "cafe", "route_id": "contemporaneo_centro_mole", "route_title": "Arte Contemporanea tra Centro e Mole", "segment_id": "contemporaneo_centro_mole_02", "segment_index": 2, "from_artwork_id": "palazzo-piercing", "to_artwork_id": "toro-muro", "from_title": "Baci Urbani (Palazzo con il Piercing)", "to_title": "T'ORO - Il Toro che esce dal muro", "profile": "foot-walking", "distance_m": 570.2, "duration_min": 6.8433333333333337, "notes": "Segmento generato automaticamente con ORS tra due tappe consecutive." }, "geometry": { "type": "Point", "coordinates": [ 7.6825792, 45.075834899999982 ] } },
{ "type": "Feature", "properties": { "full_id": "n11898100208", "osm_id": "11898100208", "name": "Avocuddle café", "service_type": "food_drink", "service_subtype": "cafe", "route_id": "contemporaneo_centro_mole", "route_title": "Arte Contemporanea tra Centro e Mole", "segment_id": "contemporaneo_centro_mole_02", "segment_index": 2, "from_artwork_id": "palazzo-piercing", "to_artwork_id": "toro-muro", "from_title": "Baci Urbani (Palazzo con il Piercing)", "to_title": "T'ORO - Il Toro che esce dal muro", "profile": "foot-walking", "distance_m": 570.2, "duration_min": 6.8433333333333337, "notes": "Segmento generato automaticamente con ORS tra due tappe consecutive." }, "geometry": { "type": "Point", "coordinates": [ 7.683413, 45.0752792 ] } },
{ "type": "Feature", "properties": { "full_id": "n12064696975", "osm_id": "12064696975", "name": "Antica Roma", "service_type": "food_drink", "service_subtype": "cafe", "route_id": "contemporaneo_centro_mole", "route_title": "Arte Contemporanea tra Centro e Mole", "segment_id": "contemporaneo_centro_mole_02", "segment_index": 2, "from_artwork_id": "palazzo-piercing", "to_artwork_id": "toro-muro", "from_title": "Baci Urbani (Palazzo con il Piercing)", "to_title": "T'ORO - Il Toro che esce dal muro", "profile": "foot-walking", "distance_m": 570.2, "duration_min": 6.8433333333333337, "notes": "Segmento generato automaticamente con ORS tra due tappe consecutive." }, "geometry": { "type": "Point", "coordinates": [ 7.6813493, 45.076483 ] } },
{ "type": "Feature", "properties": { "full_id": "n12165781947", "osm_id": "12165781947", "name": "Savoy", "service_type": "food_drink", "service_subtype": "cafe", "route_id": "contemporaneo_centro_mole", "route_title": "Arte Contemporanea tra Centro e Mole", "segment_id": "contemporaneo_centro_mole_02", "segment_index": 2, "from_artwork_id": "palazzo-piercing", "to_artwork_id": "toro-muro", "from_title": "Baci Urbani (Palazzo con il Piercing)", "to_title": "T'ORO - Il Toro che esce dal muro", "profile": "foot-walking", "distance_m": 570.2, "duration_min": 6.8433333333333337, "notes": "Segmento generato automaticamente con ORS tra due tappe consecutive." }, "geometry": { "type": "Point", "coordinates": [ 7.6778776, 45.0748535 ] } },
{ "type": "Feature", "properties": { "full_id": "n12423081673", "osm_id": "12423081673", "name": "Caffetteria da Mario", "service_type": "food_drink", "service_subtype": "cafe", "route_id": "contemporaneo_centro_mole", "route_title": "Arte Contemporanea tra Centro e Mole", "segment_id": "contemporaneo_centro_mole_02", "segment_index": 2, "from_artwork_id": "palazzo-piercing", "to_artwork_id": "toro-muro", "from_title": "Baci Urbani (Palazzo con il Piercing)", "to_title": "T'ORO - Il Toro che esce dal muro", "profile": "foot-walking", "distance_m": 570.2, "duration_min": 6.8433333333333337, "notes": "Segmento generato automaticamente con ORS tra due tappe consecutive." }, "geometry": { "type": "Point", "coordinates": [ 7.6817783, 45.074077 ] } },
{ "type": "Feature", "properties": { "full_id": "n13446464504", "osm_id": "13446464504", "name": "Caffè dei Guardinfanti", "service_type": "food_drink", "service_subtype": "cafe", "route_id": "contemporaneo_centro_mole", "route_title": "Arte Contemporanea tra Centro e Mole", "segment_id": "contemporaneo_centro_mole_02", "segment_index": 2, "from_artwork_id": "palazzo-piercing", "to_artwork_id": "toro-muro", "from_title": "Baci Urbani (Palazzo con il Piercing)", "to_title": "T'ORO - Il Toro che esce dal muro", "profile": "foot-walking", "distance_m": 570.2, "duration_min": 6.8433333333333337, "notes": "Segmento generato automaticamente con ORS tra due tappe consecutive." }, "geometry": { "type": "Point", "coordinates": [ 7.6812032, 45.0717451 ] } },
{ "type": "Feature", "properties": { "full_id": "n2786124665", "osm_id": "2786124665", "name": "Più di un gelato", "service_type": "food_drink", "service_subtype": "ice_cream", "route_id": "contemporaneo_centro_mole", "route_title": "Arte Contemporanea tra Centro e Mole", "segment_id": "contemporaneo_centro_mole_02", "segment_index": 2, "from_artwork_id": "palazzo-piercing", "to_artwork_id": "toro-muro", "from_title": "Baci Urbani (Palazzo con il Piercing)", "to_title": "T'ORO - Il Toro che esce dal muro", "profile": "foot-walking", "distance_m": 570.2, "duration_min": 6.8433333333333337, "notes": "Segmento generato automaticamente con ORS tra due tappe consecutive." }, "geometry": { "type": "Point", "coordinates": [ 7.6821905, 45.071534599999985 ] } },
{ "type": "Feature", "properties": { "full_id": "n4736083859", "osm_id": "4736083859", "name": "Papalele - Quadrilatero", "service_type": "food_drink", "service_subtype": "ice_cream", "route_id": "contemporaneo_centro_mole", "route_title": "Arte Contemporanea tra Centro e Mole", "segment_id": "contemporaneo_centro_mole_02", "segment_index": 2, "from_artwork_id": "palazzo-piercing", "to_artwork_id": "toro-muro", "from_title": "Baci Urbani (Palazzo con il Piercing)", "to_title": "T'ORO - Il Toro che esce dal muro", "profile": "foot-walking", "distance_m": 570.2, "duration_min": 6.8433333333333337, "notes": "Segmento generato automaticamente con ORS tra due tappe consecutive." }, "geometry": { "type": "Point", "coordinates": [ 7.6811316, 45.0765709 ] } },
{ "type": "Feature", "properties": { "full_id": "n4836095522", "osm_id": "4836095522", "name": "Gelateria Vanilla", "service_type": "food_drink", "service_subtype": "ice_cream", "route_id": "contemporaneo_centro_mole", "route_title": "Arte Contemporanea tra Centro e Mole", "segment_id": "contemporaneo_centro_mole_02", "segment_index": 2, "from_artwork_id": "palazzo-piercing", "to_artwork_id": "toro-muro", "from_title": "Baci Urbani (Palazzo con il Piercing)", "to_title": "T'ORO - Il Toro che esce dal muro", "profile": "foot-walking", "distance_m": 570.2, "duration_min": 6.8433333333333337, "notes": "Segmento generato automaticamente con ORS tra due tappe consecutive." }, "geometry": { "type": "Point", "coordinates": [ 7.6843549, 45.0720345 ] } },
{ "type": "Feature", "properties": { "full_id": "n11231208927", "osm_id": "11231208927", "name": "Yoyogurt", "service_type": "food_drink", "service_subtype": "ice_cream", "route_id": "contemporaneo_centro_mole", "route_title": "Arte Contemporanea tra Centro e Mole", "segment_id": "contemporaneo_centro_mole_02", "segment_index": 2, "from_artwork_id": "palazzo-piercing", "to_artwork_id": "toro-muro", "from_title": "Baci Urbani (Palazzo con il Piercing)", "to_title": "T'ORO - Il Toro che esce dal muro", "profile": "foot-walking", "distance_m": 570.2, "duration_min": 6.8433333333333337, "notes": "Segmento generato automaticamente con ORS tra due tappe consecutive." }, "geometry": { "type": "Point", "coordinates": [ 7.6771862, 45.074059 ] } },
{ "type": "Feature", "properties": { "full_id": "n13075169872", "osm_id": "13075169872", "name": "Grom", "service_type": "food_drink", "service_subtype": "ice_cream", "route_id": "contemporaneo_centro_mole", "route_title": "Arte Contemporanea tra Centro e Mole", "segment_id": "contemporaneo_centro_mole_02", "segment_index": 2, "from_artwork_id": "palazzo-piercing", "to_artwork_id": "toro-muro", "from_title": "Baci Urbani (Palazzo con il Piercing)", "to_title": "T'ORO - Il Toro che esce dal muro", "profile": "foot-walking", "distance_m": 570.2, "duration_min": 6.8433333333333337, "notes": "Segmento generato automaticamente con ORS tra due tappe consecutive." }, "geometry": { "type": "Point", "coordinates": [ 7.6823385, 45.0720901 ] } },
{ "type": "Feature", "properties": { "full_id": "n1198867537", "osm_id": "1198867537", "name": "Corte d'Appello", "service_type": "transport", "service_subtype": "bus_stop", "route_id": "contemporaneo_centro_mole", "route_title": "Arte Contemporanea tra Centro e Mole", "segment_id": "contemporaneo_centro_mole_02", "segment_index": 2, "from_artwork_id": "palazzo-piercing", "to_artwork_id": "toro-muro", "from_title": "Baci Urbani (Palazzo con il Piercing)", "to_title": "T'ORO - Il Toro che esce dal muro", "profile": "foot-walking", "distance_m": 570.2, "duration_min": 6.8433333333333337, "notes": "Segmento generato automaticamente con ORS tra due tappe consecutive." }, "geometry": { "type": "Point", "coordinates": [ 7.6816014, 45.073721 ] } },
{ "type": "Feature", "properties": { "full_id": "n1198867556", "osm_id": "1198867556", "name": "Garibaldi", "service_type": "transport", "service_subtype": "bus_stop", "route_id": "contemporaneo_centro_mole", "route_title": "Arte Contemporanea tra Centro e Mole", "segment_id": "contemporaneo_centro_mole_02", "segment_index": 2, "from_artwork_id": "palazzo-piercing", "to_artwork_id": "toro-muro", "from_title": "Baci Urbani (Palazzo con il Piercing)", "to_title": "T'ORO - Il Toro che esce dal muro", "profile": "foot-walking", "distance_m": 570.2, "duration_min": 6.8433333333333337, "notes": "Segmento generato automaticamente con ORS tra due tappe consecutive." }, "geometry": { "type": "Point", "coordinates": [ 7.6837258, 45.0718764 ] } },
{ "type": "Feature", "properties": { "full_id": "n1262199749", "osm_id": "1262199749", "name": "Orfane", "service_type": "transport", "service_subtype": "bus_stop", "route_id": "contemporaneo_centro_mole", "route_title": "Arte Contemporanea tra Centro e Mole", "segment_id": "contemporaneo_centro_mole_02", "segment_index": 2, "from_artwork_id": "palazzo-piercing", "to_artwork_id": "toro-muro", "from_title": "Baci Urbani (Palazzo con il Piercing)", "to_title": "T'ORO - Il Toro che esce dal muro", "profile": "foot-walking", "distance_m": 570.2, "duration_min": 6.8433333333333337, "notes": "Segmento generato automaticamente con ORS tra due tappe consecutive." }, "geometry": { "type": "Point", "coordinates": [ 7.6792442, 45.0750431 ] } },
{ "type": "Feature", "properties": { "full_id": "n1262199811", "osm_id": "1262199811", "name": "Orfane", "service_type": "transport", "service_subtype": "bus_stop", "route_id": "contemporaneo_centro_mole", "route_title": "Arte Contemporanea tra Centro e Mole", "segment_id": "contemporaneo_centro_mole_02", "segment_index": 2, "from_artwork_id": "palazzo-piercing", "to_artwork_id": "toro-muro", "from_title": "Baci Urbani (Palazzo con il Piercing)", "to_title": "T'ORO - Il Toro che esce dal muro", "profile": "foot-walking", "distance_m": 570.2, "duration_min": 6.8433333333333337, "notes": "Segmento generato automaticamente con ORS tra due tappe consecutive." }, "geometry": { "type": "Point", "coordinates": [ 7.6784207, 45.0746107 ] } },
{ "type": "Feature", "properties": { "full_id": "n1262208216", "osm_id": "1262208216", "name": "Milano", "service_type": "transport", "service_subtype": "bus_stop", "route_id": "contemporaneo_centro_mole", "route_title": "Arte Contemporanea tra Centro e Mole", "segment_id": "contemporaneo_centro_mole_02", "segment_index": 2, "from_artwork_id": "palazzo-piercing", "to_artwork_id": "toro-muro", "from_title": "Baci Urbani (Palazzo con il Piercing)", "to_title": "T'ORO - Il Toro che esce dal muro", "profile": "foot-walking", "distance_m": 570.2, "duration_min": 6.8433333333333337, "notes": "Segmento generato automaticamente con ORS tra due tappe consecutive." }, "geometry": { "type": "Point", "coordinates": [ 7.6816321, 45.0735306 ] } },
{ "type": "Feature", "properties": { "full_id": "n1262208315", "osm_id": "1262208315", "name": "San Domenico", "service_type": "transport", "service_subtype": "bus_stop", "route_id": "contemporaneo_centro_mole", "route_title": "Arte Contemporanea tra Centro e Mole", "segment_id": "contemporaneo_centro_mole_02", "segment_index": 2, "from_artwork_id": "palazzo-piercing", "to_artwork_id": "toro-muro", "from_title": "Baci Urbani (Palazzo con il Piercing)", "to_title": "T'ORO - Il Toro che esce dal muro", "profile": "foot-walking", "distance_m": 570.2, "duration_min": 6.8433333333333337, "notes": "Segmento generato automaticamente con ORS tra due tappe consecutive." }, "geometry": { "type": "Point", "coordinates": [ 7.677075, 45.0762087 ] } },
{ "type": "Feature", "properties": { "full_id": "n1262212066", "osm_id": "1262212066", "name": "Giulio", "service_type": "transport", "service_subtype": "bus_stop", "route_id": "contemporaneo_centro_mole", "route_title": "Arte Contemporanea tra Centro e Mole", "segment_id": "contemporaneo_centro_mole_02", "segment_index": 2, "from_artwork_id": "palazzo-piercing", "to_artwork_id": "toro-muro", "from_title": "Baci Urbani (Palazzo con il Piercing)", "to_title": "T'ORO - Il Toro che esce dal muro", "profile": "foot-walking", "distance_m": 570.2, "duration_min": 6.8433333333333337, "notes": "Segmento generato automaticamente con ORS tra due tappe consecutive." }, "geometry": { "type": "Point", "coordinates": [ 7.6784914, 45.0765341 ] } },
{ "type": "Feature", "properties": { "full_id": "n941491471", "osm_id": "941491471", "name": "Corte d'Appello", "service_type": "transport", "service_subtype": "tram_stop", "route_id": "contemporaneo_centro_mole", "route_title": "Arte Contemporanea tra Centro e Mole", "segment_id": "contemporaneo_centro_mole_02", "segment_index": 2, "from_artwork_id": "palazzo-piercing", "to_artwork_id": "toro-muro", "from_title": "Baci Urbani (Palazzo con il Piercing)", "to_title": "T'ORO - Il Toro che esce dal muro", "profile": "foot-walking", "distance_m": 570.2, "duration_min": 6.8433333333333337, "notes": "Segmento generato automaticamente con ORS tra due tappe consecutive." }, "geometry": { "type": "Point", "coordinates": [ 7.6816175, 45.0737194 ] } },
{ "type": "Feature", "properties": { "full_id": "n1167320980", "osm_id": "1167320980", "name": "Garibaldi", "service_type": "transport", "service_subtype": "tram_stop", "route_id": "contemporaneo_centro_mole", "route_title": "Arte Contemporanea tra Centro e Mole", "segment_id": "contemporaneo_centro_mole_02", "segment_index": 2, "from_artwork_id": "palazzo-piercing", "to_artwork_id": "toro-muro", "from_title": "Baci Urbani (Palazzo con il Piercing)", "to_title": "T'ORO - Il Toro che esce dal muro", "profile": "foot-walking", "distance_m": 570.2, "duration_min": 6.8433333333333337, "notes": "Segmento generato automaticamente con ORS tra due tappe consecutive." }, "geometry": { "type": "Point", "coordinates": [ 7.6837141, 45.0718796 ] } },
{ "type": "Feature", "properties": { "full_id": "n2018175888", "osm_id": "2018175888", "name": "Caffetteria degli Angeli", "service_type": "food_drink", "service_subtype": "bar", "route_id": "contemporaneo_centro_mole", "route_title": "Arte Contemporanea tra Centro e Mole", "segment_id": "contemporaneo_centro_mole_03", "segment_index": 3, "from_artwork_id": "toro-muro", "to_artwork_id": "l-eco", "from_title": "T'ORO - Il Toro che esce dal muro", "to_title": "Eco", "profile": "foot-walking", "distance_m": 1808.7, "duration_min": 21.703333333333333, "notes": "Segmento generato automaticamente con ORS tra due tappe consecutive." }, "geometry": { "type": "Point", "coordinates": [ 7.6844502, 45.0728711 ] } },
{ "type": "Feature", "properties": { "full_id": "n2018175892", "osm_id": "2018175892", "name": "Duomo", "service_type": "food_drink", "service_subtype": "bar", "route_id": "contemporaneo_centro_mole", "route_title": "Arte Contemporanea tra Centro e Mole", "segment_id": "contemporaneo_centro_mole_03", "segment_index": 3, "from_artwork_id": "toro-muro", "to_artwork_id": "l-eco", "from_title": "T'ORO - Il Toro che esce dal muro", "to_title": "Eco", "profile": "foot-walking", "distance_m": 1808.7, "duration_min": 21.703333333333333, "notes": "Segmento generato automaticamente con ORS tra due tappe consecutive." }, "geometry": { "type": "Point", "coordinates": [ 7.6839762, 45.0724362 ] } },
{ "type": "Feature", "properties": { "full_id": "n2018175901", "osm_id": "2018175901", "name": null, "service_type": "food_drink", "service_subtype": "bar", "route_id": "contemporaneo_centro_mole", "route_title": "Arte Contemporanea tra Centro e Mole", "segment_id": "contemporaneo_centro_mole_03", "segment_index": 3, "from_artwork_id": "toro-muro", "to_artwork_id": "l-eco", "from_title": "T'ORO - Il Toro che esce dal muro", "to_title": "Eco", "profile": "foot-walking", "distance_m": 1808.7, "duration_min": 21.703333333333333, "notes": "Segmento generato automaticamente con ORS tra due tappe consecutive." }, "geometry": { "type": "Point", "coordinates": [ 7.6831045, 45.0711364 ] } },
{ "type": "Feature", "properties": { "full_id": "n2068288947", "osm_id": "2068288947", "name": "Bar Francia", "service_type": "food_drink", "service_subtype": "bar", "route_id": "contemporaneo_centro_mole", "route_title": "Arte Contemporanea tra Centro e Mole", "segment_id": "contemporaneo_centro_mole_03", "segment_index": 3, "from_artwork_id": "toro-muro", "to_artwork_id": "l-eco", "from_title": "T'ORO - Il Toro che esce dal muro", "to_title": "Eco", "profile": "foot-walking", "distance_m": 1808.7, "duration_min": 21.703333333333333, "notes": "Segmento generato automaticamente con ORS tra due tappe consecutive." }, "geometry": { "type": "Point", "coordinates": [ 7.6838406, 45.0715756 ] } },
{ "type": "Feature", "properties": { "full_id": "n2278132194", "osm_id": "2278132194", "name": "Lobelix", "service_type": "food_drink", "service_subtype": "bar", "route_id": "contemporaneo_centro_mole", "route_title": "Arte Contemporanea tra Centro e Mole", "segment_id": "contemporaneo_centro_mole_03", "segment_index": 3, "from_artwork_id": "toro-muro", "to_artwork_id": "l-eco", "from_title": "T'ORO - Il Toro che esce dal muro", "to_title": "Eco", "profile": "foot-walking", "distance_m": 1808.7, "duration_min": 21.703333333333333, "notes": "Segmento generato automaticamente con ORS tra due tappe consecutive." }, "geometry": { "type": "Point", "coordinates": [ 7.6777621, 45.0747405 ] } },
{ "type": "Feature", "properties": { "full_id": "n3051586234", "osm_id": "3051586234", "name": "Caffe delle Scienze", "service_type": "food_drink", "service_subtype": "bar", "route_id": "contemporaneo_centro_mole", "route_title": "Arte Contemporanea tra Centro e Mole", "segment_id": "contemporaneo_centro_mole_03", "segment_index": 3, "from_artwork_id": "toro-muro", "to_artwork_id": "l-eco", "from_title": "T'ORO - Il Toro che esce dal muro", "to_title": "Eco", "profile": "foot-walking", "distance_m": 1808.7, "duration_min": 21.703333333333333, "notes": "Segmento generato automaticamente con ORS tra due tappe consecutive." }, "geometry": { "type": "Point", "coordinates": [ 7.6855724, 45.0699298 ] } },
{ "type": "Feature", "properties": { "full_id": "n3113567232", "osm_id": "3113567232", "name": "Gilda", "service_type": "food_drink", "service_subtype": "bar", "route_id": "contemporaneo_centro_mole", "route_title": "Arte Contemporanea tra Centro e Mole", "segment_id": "contemporaneo_centro_mole_03", "segment_index": 3, "from_artwork_id": "toro-muro", "to_artwork_id": "l-eco", "from_title": "T'ORO - Il Toro che esce dal muro", "to_title": "Eco", "profile": "foot-walking", "distance_m": 1808.7, "duration_min": 21.703333333333333, "notes": "Segmento generato automaticamente con ORS tra due tappe consecutive." }, "geometry": { "type": "Point", "coordinates": [ 7.6915673, 45.0674581 ] } },
{ "type": "Feature", "properties": { "full_id": "n3346661134", "osm_id": "3346661134", "name": "Nurah Café", "service_type": "food_drink", "service_subtype": "bar", "route_id": "contemporaneo_centro_mole", "route_title": "Arte Contemporanea tra Centro e Mole", "segment_id": "contemporaneo_centro_mole_03", "segment_index": 3, "from_artwork_id": "toro-muro", "to_artwork_id": "l-eco", "from_title": "T'ORO - Il Toro che esce dal muro", "to_title": "Eco", "profile": "foot-walking", "distance_m": 1808.7, "duration_min": 21.703333333333333, "notes": "Segmento generato automaticamente con ORS tra due tappe consecutive." }, "geometry": { "type": "Point", "coordinates": [ 7.6804701, 45.0755546 ] } },
{ "type": "Feature", "properties": { "full_id": "n3422349565", "osm_id": "3422349565", "name": "Zero's Kafe", "service_type": "food_drink", "service_subtype": "bar", "route_id": "contemporaneo_centro_mole", "route_title": "Arte Contemporanea tra Centro e Mole", "segment_id": "contemporaneo_centro_mole_03", "segment_index": 3, "from_artwork_id": "toro-muro", "to_artwork_id": "l-eco", "from_title": "T'ORO - Il Toro che esce dal muro", "to_title": "Eco", "profile": "foot-walking", "distance_m": 1808.7, "duration_min": 21.703333333333333, "notes": "Segmento generato automaticamente con ORS tra due tappe consecutive." }, "geometry": { "type": "Point", "coordinates": [ 7.6794164, 45.0738772 ] } },
{ "type": "Feature", "properties": { "full_id": "n4096186449", "osm_id": "4096186449", "name": "La Bicyclette", "service_type": "food_drink", "service_subtype": "bar", "route_id": "contemporaneo_centro_mole", "route_title": "Arte Contemporanea tra Centro e Mole", "segment_id": "contemporaneo_centro_mole_03", "segment_index": 3, "from_artwork_id": "toro-muro", "to_artwork_id": "l-eco", "from_title": "T'ORO - Il Toro che esce dal muro", "to_title": "Eco", "profile": "foot-walking", "distance_m": 1808.7, "duration_min": 21.703333333333333, "notes": "Segmento generato automaticamente con ORS tra due tappe consecutive." }, "geometry": { "type": "Point", "coordinates": [ 7.6792796, 45.073706 ] } },
{ "type": "Feature", "properties": { "full_id": "n4408801352", "osm_id": "4408801352", "name": "Ingrosso Minuto", "service_type": "food_drink", "service_subtype": "bar", "route_id": "contemporaneo_centro_mole", "route_title": "Arte Contemporanea tra Centro e Mole", "segment_id": "contemporaneo_centro_mole_03", "segment_index": 3, "from_artwork_id": "toro-muro", "to_artwork_id": "l-eco", "from_title": "T'ORO - Il Toro che esce dal muro", "to_title": "Eco", "profile": "foot-walking", "distance_m": 1808.7, "duration_min": 21.703333333333333, "notes": "Segmento generato automaticamente con ORS tra due tappe consecutive." }, "geometry": { "type": "Point", "coordinates": [ 7.6830378, 45.0746377 ] } },
{ "type": "Feature", "properties": { "full_id": "n4443922515", "osm_id": "4443922515", "name": null, "service_type": "food_drink", "service_subtype": "bar", "route_id": "contemporaneo_centro_mole", "route_title": "Arte Contemporanea tra Centro e Mole", "segment_id": "contemporaneo_centro_mole_03", "segment_index": 3, "from_artwork_id": "toro-muro", "to_artwork_id": "l-eco", "from_title": "T'ORO - Il Toro che esce dal muro", "to_title": "Eco", "profile": "foot-walking", "distance_m": 1808.7, "duration_min": 21.703333333333333, "notes": "Segmento generato automaticamente con ORS tra due tappe consecutive." }, "geometry": { "type": "Point", "coordinates": [ 7.6830678, 45.073682200000015 ] } },
{ "type": "Feature", "properties": { "full_id": "n4444014760", "osm_id": "4444014760", "name": "Bar Antica Piazza delle Erbe", "service_type": "food_drink", "service_subtype": "bar", "route_id": "contemporaneo_centro_mole", "route_title": "Arte Contemporanea tra Centro e Mole", "segment_id": "contemporaneo_centro_mole_03", "segment_index": 3, "from_artwork_id": "toro-muro", "to_artwork_id": "l-eco", "from_title": "T'ORO - Il Toro che esce dal muro", "to_title": "Eco", "profile": "foot-walking", "distance_m": 1808.7, "duration_min": 21.703333333333333, "notes": "Segmento generato automaticamente con ORS tra due tappe consecutive." }, "geometry": { "type": "Point", "coordinates": [ 7.6839889, 45.0721498 ] } },
{ "type": "Feature", "properties": { "full_id": "n4736052792", "osm_id": "4736052792", "name": "Bar Cavour", "service_type": "food_drink", "service_subtype": "bar", "route_id": "contemporaneo_centro_mole", "route_title": "Arte Contemporanea tra Centro e Mole", "segment_id": "contemporaneo_centro_mole_03", "segment_index": 3, "from_artwork_id": "toro-muro", "to_artwork_id": "l-eco", "from_title": "T'ORO - Il Toro che esce dal muro", "to_title": "Eco", "profile": "foot-walking", "distance_m": 1808.7, "duration_min": 21.703333333333333, "notes": "Segmento generato automaticamente con ORS tra due tappe consecutive." }, "geometry": { "type": "Point", "coordinates": [ 7.6849443, 45.0695715 ] } },
{ "type": "Feature", "properties": { "full_id": "n4736078969", "osm_id": "4736078969", "name": "Judafire Music Cafè", "service_type": "food_drink", "service_subtype": "bar", "route_id": "contemporaneo_centro_mole", "route_title": "Arte Contemporanea tra Centro e Mole", "segment_id": "contemporaneo_centro_mole_03", "segment_index": 3, "from_artwork_id": "toro-muro", "to_artwork_id": "l-eco", "from_title": "T'ORO - Il Toro che esce dal muro", "to_title": "Eco", "profile": "foot-walking", "distance_m": 1808.7, "duration_min": 21.703333333333333, "notes": "Segmento generato automaticamente con ORS tra due tappe consecutive." }, "geometry": { "type": "Point", "coordinates": [ 7.6801679, 45.0748263 ] } },
{ "type": "Feature", "properties": { "full_id": "n4736083899", "osm_id": "4736083899", "name": "Shore", "service_type": "food_drink", "service_subtype": "bar", "route_id": "contemporaneo_centro_mole", "route_title": "Arte Contemporanea tra Centro e Mole", "segment_id": "contemporaneo_centro_mole_03", "segment_index": 3, "from_artwork_id": "toro-muro", "to_artwork_id": "l-eco", "from_title": "T'ORO - Il Toro che esce dal muro", "to_title": "Eco", "profile": "foot-walking", "distance_m": 1808.7, "duration_min": 21.703333333333333, "notes": "Segmento generato automaticamente con ORS tra due tappe consecutive." }, "geometry": { "type": "Point", "coordinates": [ 7.6808093, 45.0766789 ] } },
{ "type": "Feature", "properties": { "full_id": "n5117626917", "osm_id": "5117626917", "name": "La Sosta", "service_type": "food_drink", "service_subtype": "bar", "route_id": "contemporaneo_centro_mole", "route_title": "Arte Contemporanea tra Centro e Mole", "segment_id": "contemporaneo_centro_mole_03", "segment_index": 3, "from_artwork_id": "toro-muro", "to_artwork_id": "l-eco", "from_title": "T'ORO - Il Toro che esce dal muro", "to_title": "Eco", "profile": "foot-walking", "distance_m": 1808.7, "duration_min": 21.703333333333333, "notes": "Segmento generato automaticamente con ORS tra due tappe consecutive." }, "geometry": { "type": "Point", "coordinates": [ 7.6813171, 45.0726102 ] } },
{ "type": "Feature", "properties": { "full_id": "n5117627166", "osm_id": "5117627166", "name": "Blah Blah", "service_type": "food_drink", "service_subtype": "bar", "route_id": "contemporaneo_centro_mole", "route_title": "Arte Contemporanea tra Centro e Mole", "segment_id": "contemporaneo_centro_mole_03", "segment_index": 3, "from_artwork_id": "toro-muro", "to_artwork_id": "l-eco", "from_title": "T'ORO - Il Toro che esce dal muro", "to_title": "Eco", "profile": "foot-walking", "distance_m": 1808.7, "duration_min": 21.703333333333333, "notes": "Segmento generato automaticamente con ORS tra due tappe consecutive." }, "geometry": { "type": "Point", "coordinates": [ 7.689471, 45.068834699999989 ] } },
{ "type": "Feature", "properties": { "full_id": "n5345204623", "osm_id": "5345204623", "name": "Smile Tree", "service_type": "food_drink", "service_subtype": "bar", "route_id": "contemporaneo_centro_mole", "route_title": "Arte Contemporanea tra Centro e Mole", "segment_id": "contemporaneo_centro_mole_03", "segment_index": 3, "from_artwork_id": "toro-muro", "to_artwork_id": "l-eco", "from_title": "T'ORO - Il Toro che esce dal muro", "to_title": "Eco", "profile": "foot-walking", "distance_m": 1808.7, "duration_min": 21.703333333333333, "notes": "Segmento generato automaticamente con ORS tra due tappe consecutive." }, "geometry": { "type": "Point", "coordinates": [ 7.6787224, 45.0764666 ] } },
{ "type": "Feature", "properties": { "full_id": "n5428422639", "osm_id": "5428422639", "name": "Forno Ricca", "service_type": "food_drink", "service_subtype": "bar", "route_id": "contemporaneo_centro_mole", "route_title": "Arte Contemporanea tra Centro e Mole", "segment_id": "contemporaneo_centro_mole_03", "segment_index": 3, "from_artwork_id": "toro-muro", "to_artwork_id": "l-eco", "from_title": "T'ORO - Il Toro che esce dal muro", "to_title": "Eco", "profile": "foot-walking", "distance_m": 1808.7, "duration_min": 21.703333333333333, "notes": "Segmento generato automaticamente con ORS tra due tappe consecutive." }, "geometry": { "type": "Point", "coordinates": [ 7.683328, 45.0734925 ] } },
{ "type": "Feature", "properties": { "full_id": "n5719659722", "osm_id": "5719659722", "name": "The Loft", "service_type": "food_drink", "service_subtype": "bar", "route_id": "contemporaneo_centro_mole", "route_title": "Arte Contemporanea tra Centro e Mole", "segment_id": "contemporaneo_centro_mole_03", "segment_index": 3, "from_artwork_id": "toro-muro", "to_artwork_id": "l-eco", "from_title": "T'ORO - Il Toro che esce dal muro", "to_title": "Eco", "profile": "foot-walking", "distance_m": 1808.7, "duration_min": 21.703333333333333, "notes": "Segmento generato automaticamente con ORS tra due tappe consecutive." }, "geometry": { "type": "Point", "coordinates": [ 7.686415, 45.0680891 ] } },
{ "type": "Feature", "properties": { "full_id": "n5771060672", "osm_id": "5771060672", "name": "Gelateria delle Alpi", "service_type": "food_drink", "service_subtype": "bar", "route_id": "contemporaneo_centro_mole", "route_title": "Arte Contemporanea tra Centro e Mole", "segment_id": "contemporaneo_centro_mole_03", "segment_index": 3, "from_artwork_id": "toro-muro", "to_artwork_id": "l-eco", "from_title": "T'ORO - Il Toro che esce dal muro", "to_title": "Eco", "profile": "foot-walking", "distance_m": 1808.7, "duration_min": 21.703333333333333, "notes": "Segmento generato automaticamente con ORS tra due tappe consecutive." }, "geometry": { "type": "Point", "coordinates": [ 7.6898852, 45.068177799999987 ] } },
{ "type": "Feature", "properties": { "full_id": "n10959114867", "osm_id": "10959114867", "name": "Walima narghilè", "service_type": "food_drink", "service_subtype": "bar", "route_id": "contemporaneo_centro_mole", "route_title": "Arte Contemporanea tra Centro e Mole", "segment_id": "contemporaneo_centro_mole_03", "segment_index": 3, "from_artwork_id": "toro-muro", "to_artwork_id": "l-eco", "from_title": "T'ORO - Il Toro che esce dal muro", "to_title": "Eco", "profile": "foot-walking", "distance_m": 1808.7, "duration_min": 21.703333333333333, "notes": "Segmento generato automaticamente con ORS tra due tappe consecutive." }, "geometry": { "type": "Point", "coordinates": [ 7.6801718, 45.0751342 ] } },
{ "type": "Feature", "properties": { "full_id": "n12001217812", "osm_id": "12001217812", "name": "Alpha", "service_type": "food_drink", "service_subtype": "bar", "route_id": "contemporaneo_centro_mole", "route_title": "Arte Contemporanea tra Centro e Mole", "segment_id": "contemporaneo_centro_mole_03", "segment_index": 3, "from_artwork_id": "toro-muro", "to_artwork_id": "l-eco", "from_title": "T'ORO - Il Toro che esce dal muro", "to_title": "Eco", "profile": "foot-walking", "distance_m": 1808.7, "duration_min": 21.703333333333333, "notes": "Segmento generato automaticamente con ORS tra due tappe consecutive." }, "geometry": { "type": "Point", "coordinates": [ 7.6795478, 45.076896 ] } },
{ "type": "Feature", "properties": { "full_id": "n12175667289", "osm_id": "12175667289", "name": "Les folies", "service_type": "food_drink", "service_subtype": "bar", "route_id": "contemporaneo_centro_mole", "route_title": "Arte Contemporanea tra Centro e Mole", "segment_id": "contemporaneo_centro_mole_03", "segment_index": 3, "from_artwork_id": "toro-muro", "to_artwork_id": "l-eco", "from_title": "T'ORO - Il Toro che esce dal muro", "to_title": "Eco", "profile": "foot-walking", "distance_m": 1808.7, "duration_min": 21.703333333333333, "notes": "Segmento generato automaticamente con ORS tra due tappe consecutive." }, "geometry": { "type": "Point", "coordinates": [ 7.679128, 45.0751716 ] } },
{ "type": "Feature", "properties": { "full_id": "n13074614346", "osm_id": "13074614346", "name": "L'Asilo", "service_type": "food_drink", "service_subtype": "bar", "route_id": "contemporaneo_centro_mole", "route_title": "Arte Contemporanea tra Centro e Mole", "segment_id": "contemporaneo_centro_mole_03", "segment_index": 3, "from_artwork_id": "toro-muro", "to_artwork_id": "l-eco", "from_title": "T'ORO - Il Toro che esce dal muro", "to_title": "Eco", "profile": "foot-walking", "distance_m": 1808.7, "duration_min": 21.703333333333333, "notes": "Segmento generato automaticamente con ORS tra due tappe consecutive." }, "geometry": { "type": "Point", "coordinates": [ 7.6805474, 45.0760821 ] } },
{ "type": "Feature", "properties": { "full_id": "n13260026640", "osm_id": "13260026640", "name": "I Frighi Cocktail Bat", "service_type": "food_drink", "service_subtype": "bar", "route_id": "contemporaneo_centro_mole", "route_title": "Arte Contemporanea tra Centro e Mole", "segment_id": "contemporaneo_centro_mole_03", "segment_index": 3, "from_artwork_id": "toro-muro", "to_artwork_id": "l-eco", "from_title": "T'ORO - Il Toro che esce dal muro", "to_title": "Eco", "profile": "foot-walking", "distance_m": 1808.7, "duration_min": 21.703333333333333, "notes": "Segmento generato automaticamente con ORS tra due tappe consecutive." }, "geometry": { "type": "Point", "coordinates": [ 7.695492, 45.0672797 ] } },
{ "type": "Feature", "properties": { "full_id": "n13618872601", "osm_id": "13618872601", "name": "Kaffan", "service_type": "food_drink", "service_subtype": "bar", "route_id": "contemporaneo_centro_mole", "route_title": "Arte Contemporanea tra Centro e Mole", "segment_id": "contemporaneo_centro_mole_03", "segment_index": 3, "from_artwork_id": "toro-muro", "to_artwork_id": "l-eco", "from_title": "T'ORO - Il Toro che esce dal muro", "to_title": "Eco", "profile": "foot-walking", "distance_m": 1808.7, "duration_min": 21.703333333333333, "notes": "Segmento generato automaticamente con ORS tra due tappe consecutive." }, "geometry": { "type": "Point", "coordinates": [ 7.6781592, 45.0737871 ] } },
{ "type": "Feature", "properties": { "full_id": "n13740894993", "osm_id": "13740894993", "name": "T-Club", "service_type": "food_drink", "service_subtype": "bar", "route_id": "contemporaneo_centro_mole", "route_title": "Arte Contemporanea tra Centro e Mole", "segment_id": "contemporaneo_centro_mole_03", "segment_index": 3, "from_artwork_id": "toro-muro", "to_artwork_id": "l-eco", "from_title": "T'ORO - Il Toro che esce dal muro", "to_title": "Eco", "profile": "foot-walking", "distance_m": 1808.7, "duration_min": 21.703333333333333, "notes": "Segmento generato automaticamente con ORS tra due tappe consecutive." }, "geometry": { "type": "Point", "coordinates": [ 7.6806912, 45.0758799 ] } },
{ "type": "Feature", "properties": { "full_id": "n13839721501", "osm_id": "13839721501", "name": "The Place", "service_type": "food_drink", "service_subtype": "bar", "route_id": "contemporaneo_centro_mole", "route_title": "Arte Contemporanea tra Centro e Mole", "segment_id": "contemporaneo_centro_mole_03", "segment_index": 3, "from_artwork_id": "toro-muro", "to_artwork_id": "l-eco", "from_title": "T'ORO - Il Toro che esce dal muro", "to_title": "Eco", "profile": "foot-walking", "distance_m": 1808.7, "duration_min": 21.703333333333333, "notes": "Segmento generato automaticamente con ORS tra due tappe consecutive." }, "geometry": { "type": "Point", "coordinates": [ 7.6940484, 45.0678376 ] } },
{ "type": "Feature", "properties": { "full_id": "n320937721", "osm_id": "320937721", "name": "Caffetteria Carlo Alberto", "service_type": "food_drink", "service_subtype": "cafe", "route_id": "contemporaneo_centro_mole", "route_title": "Arte Contemporanea tra Centro e Mole", "segment_id": "contemporaneo_centro_mole_03", "segment_index": 3, "from_artwork_id": "toro-muro", "to_artwork_id": "l-eco", "from_title": "T'ORO - Il Toro che esce dal muro", "to_title": "Eco", "profile": "foot-walking", "distance_m": 1808.7, "duration_min": 21.703333333333333, "notes": "Segmento generato automaticamente con ORS tra due tappe consecutive." }, "geometry": { "type": "Point", "coordinates": [ 7.6870089, 45.0689192 ] } },
{ "type": "Feature", "properties": { "full_id": "n1487933346", "osm_id": "1487933346", "name": "Caffè Baratti e Milano", "service_type": "food_drink", "service_subtype": "cafe", "route_id": "contemporaneo_centro_mole", "route_title": "Arte Contemporanea tra Centro e Mole", "segment_id": "contemporaneo_centro_mole_03", "segment_index": 3, "from_artwork_id": "toro-muro", "to_artwork_id": "l-eco", "from_title": "T'ORO - Il Toro che esce dal muro", "to_title": "Eco", "profile": "foot-walking", "distance_m": 1808.7, "duration_min": 21.703333333333333, "notes": "Segmento generato automaticamente con ORS tra due tappe consecutive." }, "geometry": { "type": "Point", "coordinates": [ 7.6866058, 45.0697211 ] } },
{ "type": "Feature", "properties": { "full_id": "n2018175897", "osm_id": "2018175897", "name": "Cafè Perotti", "service_type": "food_drink", "service_subtype": "cafe", "route_id": "contemporaneo_centro_mole", "route_title": "Arte Contemporanea tra Centro e Mole", "segment_id": "contemporaneo_centro_mole_03", "segment_index": 3, "from_artwork_id": "toro-muro", "to_artwork_id": "l-eco", "from_title": "T'ORO - Il Toro che esce dal muro", "to_title": "Eco", "profile": "foot-walking", "distance_m": 1808.7, "duration_min": 21.703333333333333, "notes": "Segmento generato automaticamente con ORS tra due tappe consecutive." }, "geometry": { "type": "Point", "coordinates": [ 7.6832776, 45.0710671 ] } },
{ "type": "Feature", "properties": { "full_id": "n2026209249", "osm_id": "2026209249", "name": "Pepino", "service_type": "food_drink", "service_subtype": "cafe", "route_id": "contemporaneo_centro_mole", "route_title": "Arte Contemporanea tra Centro e Mole", "segment_id": "contemporaneo_centro_mole_03", "segment_index": 3, "from_artwork_id": "toro-muro", "to_artwork_id": "l-eco", "from_title": "T'ORO - Il Toro che esce dal muro", "to_title": "Eco", "profile": "foot-walking", "distance_m": 1808.7, "duration_min": 21.703333333333333, "notes": "Segmento generato automaticamente con ORS tra due tappe consecutive." }, "geometry": { "type": "Point", "coordinates": [ 7.6845851, 45.0690975 ] } },
{ "type": "Feature", "properties": { "full_id": "n2068316260", "osm_id": "2068316260", "name": "Cafe Savoia", "service_type": "food_drink", "service_subtype": "cafe", "route_id": "contemporaneo_centro_mole", "route_title": "Arte Contemporanea tra Centro e Mole", "segment_id": "contemporaneo_centro_mole_03", "segment_index": 3, "from_artwork_id": "toro-muro", "to_artwork_id": "l-eco", "from_title": "T'ORO - Il Toro che esce dal muro", "to_title": "Eco", "profile": "foot-walking", "distance_m": 1808.7, "duration_min": 21.703333333333333, "notes": "Segmento generato automaticamente con ORS tra due tappe consecutive." }, "geometry": { "type": "Point", "coordinates": [ 7.6842708, 45.0714108 ] } },
{ "type": "Feature", "properties": { "full_id": "n2068324878", "osm_id": "2068324878", "name": "Caffetteria Cristal", "service_type": "food_drink", "service_subtype": "cafe", "route_id": "contemporaneo_centro_mole", "route_title": "Arte Contemporanea tra Centro e Mole", "segment_id": "contemporaneo_centro_mole_03", "segment_index": 3, "from_artwork_id": "toro-muro", "to_artwork_id": "l-eco", "from_title": "T'ORO - Il Toro che esce dal muro", "to_title": "Eco", "profile": "foot-walking", "distance_m": 1808.7, "duration_min": 21.703333333333333, "notes": "Segmento generato automaticamente con ORS tra due tappe consecutive." }, "geometry": { "type": "Point", "coordinates": [ 7.6829921, 45.0701746 ] } },
{ "type": "Feature", "properties": { "full_id": "n2068375174", "osm_id": "2068375174", "name": "Torrefazione Beccuti", "service_type": "food_drink", "service_subtype": "cafe", "route_id": "contemporaneo_centro_mole", "route_title": "Arte Contemporanea tra Centro e Mole", "segment_id": "contemporaneo_centro_mole_03", "segment_index": 3, "from_artwork_id": "toro-muro", "to_artwork_id": "l-eco", "from_title": "T'ORO - Il Toro che esce dal muro", "to_title": "Eco", "profile": "foot-walking", "distance_m": 1808.7, "duration_min": 21.703333333333333, "notes": "Segmento generato automaticamente con ORS tra due tappe consecutive." }, "geometry": { "type": "Point", "coordinates": [ 7.6814662, 45.0706754 ] } },
{ "type": "Feature", "properties": { "full_id": "n2406157066", "osm_id": "2406157066", "name": "Caffè Savoia", "service_type": "food_drink", "service_subtype": "cafe", "route_id": "contemporaneo_centro_mole", "route_title": "Arte Contemporanea tra Centro e Mole", "segment_id": "contemporaneo_centro_mole_03", "segment_index": 3, "from_artwork_id": "toro-muro", "to_artwork_id": "l-eco", "from_title": "T'ORO - Il Toro che esce dal muro", "to_title": "Eco", "profile": "foot-walking", "distance_m": 1808.7, "duration_min": 21.703333333333333, "notes": "Segmento generato automaticamente con ORS tra due tappe consecutive." }, "geometry": { "type": "Point", "coordinates": [ 7.6786458, 45.0765536 ] } },
{ "type": "Feature", "properties": { "full_id": "n2700446956", "osm_id": "2700446956", "name": "Caffè Al Bicerin", "service_type": "food_drink", "service_subtype": "cafe", "route_id": "contemporaneo_centro_mole", "route_title": "Arte Contemporanea tra Centro e Mole", "segment_id": "contemporaneo_centro_mole_03", "segment_index": 3, "from_artwork_id": "toro-muro", "to_artwork_id": "l-eco", "from_title": "T'ORO - Il Toro che esce dal muro", "to_title": "Eco", "profile": "foot-walking", "distance_m": 1808.7, "duration_min": 21.703333333333333, "notes": "Segmento generato automaticamente con ORS tra due tappe consecutive." }, "geometry": { "type": "Point", "coordinates": [ 7.678984, 45.0762364 ] } },
{ "type": "Feature", "properties": { "full_id": "n3051585734", "osm_id": "3051585734", "name": "Al Montebello", "service_type": "food_drink", "service_subtype": "cafe", "route_id": "contemporaneo_centro_mole", "route_title": "Arte Contemporanea tra Centro e Mole", "segment_id": "contemporaneo_centro_mole_03", "segment_index": 3, "from_artwork_id": "toro-muro", "to_artwork_id": "l-eco", "from_title": "T'ORO - Il Toro che esce dal muro", "to_title": "Eco", "profile": "foot-walking", "distance_m": 1808.7, "duration_min": 21.703333333333333, "notes": "Segmento generato automaticamente con ORS tra due tappe consecutive." }, "geometry": { "type": "Point", "coordinates": [ 7.6927817, 45.0691241 ] } },
{ "type": "Feature", "properties": { "full_id": "n3113566633", "osm_id": "3113566633", "name": "Farmacia del Cambio", "service_type": "food_drink", "service_subtype": "cafe", "route_id": "contemporaneo_centro_mole", "route_title": "Arte Contemporanea tra Centro e Mole", "segment_id": "contemporaneo_centro_mole_03", "segment_index": 3, "from_artwork_id": "toro-muro", "to_artwork_id": "l-eco", "from_title": "T'ORO - Il Toro che esce dal muro", "to_title": "Eco", "profile": "foot-walking", "distance_m": 1808.7, "duration_min": 21.703333333333333, "notes": "Segmento generato automaticamente con ORS tra due tappe consecutive." }, "geometry": { "type": "Point", "coordinates": [ 7.6849442, 45.0695933 ] } },
{ "type": "Feature", "properties": { "full_id": "n3347595655", "osm_id": "3347595655", "name": "La Maison de Marie", "service_type": "food_drink", "service_subtype": "cafe", "route_id": "contemporaneo_centro_mole", "route_title": "Arte Contemporanea tra Centro e Mole", "segment_id": "contemporaneo_centro_mole_03", "segment_index": 3, "from_artwork_id": "toro-muro", "to_artwork_id": "l-eco", "from_title": "T'ORO - Il Toro che esce dal muro", "to_title": "Eco", "profile": "foot-walking", "distance_m": 1808.7, "duration_min": 21.703333333333333, "notes": "Segmento generato automaticamente con ORS tra due tappe consecutive." }, "geometry": { "type": "Point", "coordinates": [ 7.6794612, 45.0736923 ] } },
{ "type": "Feature", "properties": { "full_id": "n3363437031", "osm_id": "3363437031", "name": "Caffè Gelateria Fiorio", "service_type": "food_drink", "service_subtype": "cafe", "route_id": "contemporaneo_centro_mole", "route_title": "Arte Contemporanea tra Centro e Mole", "segment_id": "contemporaneo_centro_mole_03", "segment_index": 3, "from_artwork_id": "toro-muro", "to_artwork_id": "l-eco", "from_title": "T'ORO - Il Toro che esce dal muro", "to_title": "Eco", "profile": "foot-walking", "distance_m": 1808.7, "duration_min": 21.703333333333333, "notes": "Segmento generato automaticamente con ORS tra due tappe consecutive." }, "geometry": { "type": "Point", "coordinates": [ 7.6881141, 45.0694059 ] } },
{ "type": "Feature", "properties": { "full_id": "n3363464693", "osm_id": "3363464693", "name": "caffetteria Palazzo di Città", "service_type": "food_drink", "service_subtype": "cafe", "route_id": "contemporaneo_centro_mole", "route_title": "Arte Contemporanea tra Centro e Mole", "segment_id": "contemporaneo_centro_mole_03", "segment_index": 3, "from_artwork_id": "toro-muro", "to_artwork_id": "l-eco", "from_title": "T'ORO - Il Toro che esce dal muro", "to_title": "Eco", "profile": "foot-walking", "distance_m": 1808.7, "duration_min": 21.703333333333333, "notes": "Segmento generato automaticamente con ORS tra due tappe consecutive." }, "geometry": { "type": "Point", "coordinates": [ 7.6813062, 45.0728134 ] } },
{ "type": "Feature", "properties": { "full_id": "n3774212366", "osm_id": "3774212366", "name": "Fiorio", "service_type": "food_drink", "service_subtype": "cafe", "route_id": "contemporaneo_centro_mole", "route_title": "Arte Contemporanea tra Centro e Mole", "segment_id": "contemporaneo_centro_mole_03", "segment_index": 3, "from_artwork_id": "toro-muro", "to_artwork_id": "l-eco", "from_title": "T'ORO - Il Toro che esce dal muro", "to_title": "Eco", "profile": "foot-walking", "distance_m": 1808.7, "duration_min": 21.703333333333333, "notes": "Segmento generato automaticamente con ORS tra due tappe consecutive." }, "geometry": { "type": "Point", "coordinates": [ 7.6844204, 45.0713398 ] } },
{ "type": "Feature", "properties": { "full_id": "n3898754185", "osm_id": "3898754185", "name": "Natura", "service_type": "food_drink", "service_subtype": "cafe", "route_id": "contemporaneo_centro_mole", "route_title": "Arte Contemporanea tra Centro e Mole", "segment_id": "contemporaneo_centro_mole_03", "segment_index": 3, "from_artwork_id": "toro-muro", "to_artwork_id": "l-eco", "from_title": "T'ORO - Il Toro che esce dal muro", "to_title": "Eco", "profile": "foot-walking", "distance_m": 1808.7, "duration_min": 21.703333333333333, "notes": "Segmento generato automaticamente con ORS tra due tappe consecutive." }, "geometry": { "type": "Point", "coordinates": [ 7.6873112, 45.0698573 ] } },
{ "type": "Feature", "properties": { "full_id": "n4089592905", "osm_id": "4089592905", "name": "Caffè Martinez", "service_type": "food_drink", "service_subtype": "cafe", "route_id": "contemporaneo_centro_mole", "route_title": "Arte Contemporanea tra Centro e Mole", "segment_id": "contemporaneo_centro_mole_03", "segment_index": 3, "from_artwork_id": "toro-muro", "to_artwork_id": "l-eco", "from_title": "T'ORO - Il Toro che esce dal muro", "to_title": "Eco", "profile": "foot-walking", "distance_m": 1808.7, "duration_min": 21.703333333333333, "notes": "Segmento generato automaticamente con ORS tra due tappe consecutive." }, "geometry": { "type": "Point", "coordinates": [ 7.6786746, 45.0734181 ] } },
{ "type": "Feature", "properties": { "full_id": "n4736058970", "osm_id": "4736058970", "name": "Caffè Mulassano", "service_type": "food_drink", "service_subtype": "cafe", "route_id": "contemporaneo_centro_mole", "route_title": "Arte Contemporanea tra Centro e Mole", "segment_id": "contemporaneo_centro_mole_03", "segment_index": 3, "from_artwork_id": "toro-muro", "to_artwork_id": "l-eco", "from_title": "T'ORO - Il Toro che esce dal muro", "to_title": "Eco", "profile": "foot-walking", "distance_m": 1808.7, "duration_min": 21.703333333333333, "notes": "Segmento generato automaticamente con ORS tra due tappe consecutive." }, "geometry": { "type": "Point", "coordinates": [ 7.6868085, 45.0698461 ] } },
{ "type": "Feature", "properties": { "full_id": "n4736079147", "osm_id": "4736079147", "name": "New Prosit", "service_type": "food_drink", "service_subtype": "cafe", "route_id": "contemporaneo_centro_mole", "route_title": "Arte Contemporanea tra Centro e Mole", "segment_id": "contemporaneo_centro_mole_03", "segment_index": 3, "from_artwork_id": "toro-muro", "to_artwork_id": "l-eco", "from_title": "T'ORO - Il Toro che esce dal muro", "to_title": "Eco", "profile": "foot-walking", "distance_m": 1808.7, "duration_min": 21.703333333333333, "notes": "Segmento generato automaticamente con ORS tra due tappe consecutive." }, "geometry": { "type": "Point", "coordinates": [ 7.6830106, 45.0733361 ] } },
{ "type": "Feature", "properties": { "full_id": "n4736080273", "osm_id": "4736080273", "name": "Roberto Caffè", "service_type": "food_drink", "service_subtype": "cafe", "route_id": "contemporaneo_centro_mole", "route_title": "Arte Contemporanea tra Centro e Mole", "segment_id": "contemporaneo_centro_mole_03", "segment_index": 3, "from_artwork_id": "toro-muro", "to_artwork_id": "l-eco", "from_title": "T'ORO - Il Toro che esce dal muro", "to_title": "Eco", "profile": "foot-walking", "distance_m": 1808.7, "duration_min": 21.703333333333333, "notes": "Segmento generato automaticamente con ORS tra due tappe consecutive." }, "geometry": { "type": "Point", "coordinates": [ 7.6769434, 45.0741387 ] } },
{ "type": "Feature", "properties": { "full_id": "n4736081802", "osm_id": "4736081802", "name": "The Tea", "service_type": "food_drink", "service_subtype": "cafe", "route_id": "contemporaneo_centro_mole", "route_title": "Arte Contemporanea tra Centro e Mole", "segment_id": "contemporaneo_centro_mole_03", "segment_index": 3, "from_artwork_id": "toro-muro", "to_artwork_id": "l-eco", "from_title": "T'ORO - Il Toro che esce dal muro", "to_title": "Eco", "profile": "foot-walking", "distance_m": 1808.7, "duration_min": 21.703333333333333, "notes": "Segmento generato automaticamente con ORS tra due tappe consecutive." }, "geometry": { "type": "Point", "coordinates": [ 7.6812818, 45.073606599999984 ] } },
{ "type": "Feature", "properties": { "full_id": "n4736083839", "osm_id": "4736083839", "name": "Pankè", "service_type": "food_drink", "service_subtype": "cafe", "route_id": "contemporaneo_centro_mole", "route_title": "Arte Contemporanea tra Centro e Mole", "segment_id": "contemporaneo_centro_mole_03", "segment_index": 3, "from_artwork_id": "toro-muro", "to_artwork_id": "l-eco", "from_title": "T'ORO - Il Toro che esce dal muro", "to_title": "Eco", "profile": "foot-walking", "distance_m": 1808.7, "duration_min": 21.703333333333333, "notes": "Segmento generato automaticamente con ORS tra due tappe consecutive." }, "geometry": { "type": "Point", "coordinates": [ 7.6815852, 45.072705 ] } },
{ "type": "Feature", "properties": { "full_id": "n4736083896", "osm_id": "4736083896", "name": "Caffè Savoia", "service_type": "food_drink", "service_subtype": "cafe", "route_id": "contemporaneo_centro_mole", "route_title": "Arte Contemporanea tra Centro e Mole", "segment_id": "contemporaneo_centro_mole_03", "segment_index": 3, "from_artwork_id": "toro-muro", "to_artwork_id": "l-eco", "from_title": "T'ORO - Il Toro che esce dal muro", "to_title": "Eco", "profile": "foot-walking", "distance_m": 1808.7, "duration_min": 21.703333333333333, "notes": "Segmento generato automaticamente con ORS tra due tappe consecutive." }, "geometry": { "type": "Point", "coordinates": [ 7.6806739, 45.0767288 ] } },
{ "type": "Feature", "properties": { "full_id": "n5028810721", "osm_id": "5028810721", "name": "PastHouse", "service_type": "food_drink", "service_subtype": "cafe", "route_id": "contemporaneo_centro_mole", "route_title": "Arte Contemporanea tra Centro e Mole", "segment_id": "contemporaneo_centro_mole_03", "segment_index": 3, "from_artwork_id": "toro-muro", "to_artwork_id": "l-eco", "from_title": "T'ORO - Il Toro che esce dal muro", "to_title": "Eco", "profile": "foot-walking", "distance_m": 1808.7, "duration_min": 21.703333333333333, "notes": "Segmento generato automaticamente con ORS tra due tappe consecutive." }, "geometry": { "type": "Point", "coordinates": [ 7.6928555, 45.0692324 ] } },
{ "type": "Feature", "properties": { "full_id": "n5113659496", "osm_id": "5113659496", "name": "Bar gelateria", "service_type": "food_drink", "service_subtype": "cafe", "route_id": "contemporaneo_centro_mole", "route_title": "Arte Contemporanea tra Centro e Mole", "segment_id": "contemporaneo_centro_mole_03", "segment_index": 3, "from_artwork_id": "toro-muro", "to_artwork_id": "l-eco", "from_title": "T'ORO - Il Toro che esce dal muro", "to_title": "Eco", "profile": "foot-walking", "distance_m": 1808.7, "duration_min": 21.703333333333333, "notes": "Segmento generato automaticamente con ORS tra due tappe consecutive." }, "geometry": { "type": "Point", "coordinates": [ 7.689047, 45.0687517 ] } },
{ "type": "Feature", "properties": { "full_id": "n5113659516", "osm_id": "5113659516", "name": "cafe bar universita", "service_type": "food_drink", "service_subtype": "cafe", "route_id": "contemporaneo_centro_mole", "route_title": "Arte Contemporanea tra Centro e Mole", "segment_id": "contemporaneo_centro_mole_03", "segment_index": 3, "from_artwork_id": "toro-muro", "to_artwork_id": "l-eco", "from_title": "T'ORO - Il Toro che esce dal muro", "to_title": "Eco", "profile": "foot-walking", "distance_m": 1808.7, "duration_min": 21.703333333333333, "notes": "Segmento generato automaticamente con ORS tra due tappe consecutive." }, "geometry": { "type": "Point", "coordinates": [ 7.6877854, 45.069549 ] } },
{ "type": "Feature", "properties": { "full_id": "n5117626883", "osm_id": "5117626883", "name": "Caffè Roberto", "service_type": "food_drink", "service_subtype": "cafe", "route_id": "contemporaneo_centro_mole", "route_title": "Arte Contemporanea tra Centro e Mole", "segment_id": "contemporaneo_centro_mole_03", "segment_index": 3, "from_artwork_id": "toro-muro", "to_artwork_id": "l-eco", "from_title": "T'ORO - Il Toro che esce dal muro", "to_title": "Eco", "profile": "foot-walking", "distance_m": 1808.7, "duration_min": 21.703333333333333, "notes": "Segmento generato automaticamente con ORS tra due tappe consecutive." }, "geometry": { "type": "Point", "coordinates": [ 7.6876447, 45.070017 ] } },
{ "type": "Feature", "properties": { "full_id": "n5117626914", "osm_id": "5117626914", "name": "Caffè Risorgimento", "service_type": "food_drink", "service_subtype": "cafe", "route_id": "contemporaneo_centro_mole", "route_title": "Arte Contemporanea tra Centro e Mole", "segment_id": "contemporaneo_centro_mole_03", "segment_index": 3, "from_artwork_id": "toro-muro", "to_artwork_id": "l-eco", "from_title": "T'ORO - Il Toro che esce dal muro", "to_title": "Eco", "profile": "foot-walking", "distance_m": 1808.7, "duration_min": 21.703333333333333, "notes": "Segmento generato automaticamente con ORS tra due tappe consecutive." }, "geometry": { "type": "Point", "coordinates": [ 7.686071, 45.0681197 ] } },
{ "type": "Feature", "properties": { "full_id": "n5117627174", "osm_id": "5117627174", "name": "Caffeteria Po", "service_type": "food_drink", "service_subtype": "cafe", "route_id": "contemporaneo_centro_mole", "route_title": "Arte Contemporanea tra Centro e Mole", "segment_id": "contemporaneo_centro_mole_03", "segment_index": 3, "from_artwork_id": "toro-muro", "to_artwork_id": "l-eco", "from_title": "T'ORO - Il Toro che esce dal muro", "to_title": "Eco", "profile": "foot-walking", "distance_m": 1808.7, "duration_min": 21.703333333333333, "notes": "Segmento generato automaticamente con ORS tra due tappe consecutive." }, "geometry": { "type": "Point", "coordinates": [ 7.6901765, 45.0683736 ] } },
{ "type": "Feature", "properties": { "full_id": "n5121453862", "osm_id": "5121453862", "name": "Deep space lounge", "service_type": "food_drink", "service_subtype": "cafe", "route_id": "contemporaneo_centro_mole", "route_title": "Arte Contemporanea tra Centro e Mole", "segment_id": "contemporaneo_centro_mole_03", "segment_index": 3, "from_artwork_id": "toro-muro", "to_artwork_id": "l-eco", "from_title": "T'ORO - Il Toro che esce dal muro", "to_title": "Eco", "profile": "foot-walking", "distance_m": 1808.7, "duration_min": 21.703333333333333, "notes": "Segmento generato automaticamente con ORS tra due tappe consecutive." }, "geometry": { "type": "Point", "coordinates": [ 7.6823924, 45.0697661 ] } },
{ "type": "Feature", "properties": { "full_id": "n5152012366", "osm_id": "5152012366", "name": "Efeso Bistrot Café", "service_type": "food_drink", "service_subtype": "cafe", "route_id": "contemporaneo_centro_mole", "route_title": "Arte Contemporanea tra Centro e Mole", "segment_id": "contemporaneo_centro_mole_03", "segment_index": 3, "from_artwork_id": "toro-muro", "to_artwork_id": "l-eco", "from_title": "T'ORO - Il Toro che esce dal muro", "to_title": "Eco", "profile": "foot-walking", "distance_m": 1808.7, "duration_min": 21.703333333333333, "notes": "Segmento generato automaticamente con ORS tra due tappe consecutive." }, "geometry": { "type": "Point", "coordinates": [ 7.692694, 45.0681383 ] } },
{ "type": "Feature", "properties": { "full_id": "n5416460321", "osm_id": "5416460321", "name": "Piattini Caffè & Vini", "service_type": "food_drink", "service_subtype": "cafe", "route_id": "contemporaneo_centro_mole", "route_title": "Arte Contemporanea tra Centro e Mole", "segment_id": "contemporaneo_centro_mole_03", "segment_index": 3, "from_artwork_id": "toro-muro", "to_artwork_id": "l-eco", "from_title": "T'ORO - Il Toro che esce dal muro", "to_title": "Eco", "profile": "foot-walking", "distance_m": 1808.7, "duration_min": 21.703333333333333, "notes": "Segmento generato automaticamente con ORS tra due tappe consecutive." }, "geometry": { "type": "Point", "coordinates": [ 7.679619, 45.0740822 ] } },
{ "type": "Feature", "properties": { "full_id": "n5941324679", "osm_id": "5941324679", "name": "Se Puede", "service_type": "food_drink", "service_subtype": "cafe", "route_id": "contemporaneo_centro_mole", "route_title": "Arte Contemporanea tra Centro e Mole", "segment_id": "contemporaneo_centro_mole_03", "segment_index": 3, "from_artwork_id": "toro-muro", "to_artwork_id": "l-eco", "from_title": "T'ORO - Il Toro che esce dal muro", "to_title": "Eco", "profile": "foot-walking", "distance_m": 1808.7, "duration_min": 21.703333333333333, "notes": "Segmento generato automaticamente con ORS tra due tappe consecutive." }, "geometry": { "type": "Point", "coordinates": [ 7.6934361, 45.0680907 ] } },
{ "type": "Feature", "properties": { "full_id": "n5941325187", "osm_id": "5941325187", "name": "Caffè Regio", "service_type": "food_drink", "service_subtype": "cafe", "route_id": "contemporaneo_centro_mole", "route_title": "Arte Contemporanea tra Centro e Mole", "segment_id": "contemporaneo_centro_mole_03", "segment_index": 3, "from_artwork_id": "toro-muro", "to_artwork_id": "l-eco", "from_title": "T'ORO - Il Toro che esce dal muro", "to_title": "Eco", "profile": "foot-walking", "distance_m": 1808.7, "duration_min": 21.703333333333333, "notes": "Segmento generato automaticamente con ORS tra due tappe consecutive." }, "geometry": { "type": "Point", "coordinates": [ 7.6875001, 45.0701076 ] } },
{ "type": "Feature", "properties": { "full_id": "n5941325199", "osm_id": "5941325199", "name": "Caffè Verdi", "service_type": "food_drink", "service_subtype": "cafe", "route_id": "contemporaneo_centro_mole", "route_title": "Arte Contemporanea tra Centro e Mole", "segment_id": "contemporaneo_centro_mole_03", "segment_index": 3, "from_artwork_id": "toro-muro", "to_artwork_id": "l-eco", "from_title": "T'ORO - Il Toro che esce dal muro", "to_title": "Eco", "profile": "foot-walking", "distance_m": 1808.7, "duration_min": 21.703333333333333, "notes": "Segmento generato automaticamente con ORS tra due tappe consecutive." }, "geometry": { "type": "Point", "coordinates": [ 7.6951498, 45.067449199999984 ] } },
{ "type": "Feature", "properties": { "full_id": "n5941325215", "osm_id": "5941325215", "name": "Espresseria Della ribalta", "service_type": "food_drink", "service_subtype": "cafe", "route_id": "contemporaneo_centro_mole", "route_title": "Arte Contemporanea tra Centro e Mole", "segment_id": "contemporaneo_centro_mole_03", "segment_index": 3, "from_artwork_id": "toro-muro", "to_artwork_id": "l-eco", "from_title": "T'ORO - Il Toro che esce dal muro", "to_title": "Eco", "profile": "foot-walking", "distance_m": 1808.7, "duration_min": 21.703333333333333, "notes": "Segmento generato automaticamente con ORS tra due tappe consecutive." }, "geometry": { "type": "Point", "coordinates": [ 7.691162, 45.069325 ] } },
{ "type": "Feature", "properties": { "full_id": "n5941325221", "osm_id": "5941325221", "name": "Caffè Nuovo Nazionale", "service_type": "food_drink", "service_subtype": "cafe", "route_id": "contemporaneo_centro_mole", "route_title": "Arte Contemporanea tra Centro e Mole", "segment_id": "contemporaneo_centro_mole_03", "segment_index": 3, "from_artwork_id": "toro-muro", "to_artwork_id": "l-eco", "from_title": "T'ORO - Il Toro che esce dal muro", "to_title": "Eco", "profile": "foot-walking", "distance_m": 1808.7, "duration_min": 21.703333333333333, "notes": "Segmento generato automaticamente con ORS tra due tappe consecutive." }, "geometry": { "type": "Point", "coordinates": [ 7.6902359, 45.0679791 ] } },
{ "type": "Feature", "properties": { "full_id": "n5998205156", "osm_id": "5998205156", "name": "TLALOC", "service_type": "food_drink", "service_subtype": "cafe", "route_id": "contemporaneo_centro_mole", "route_title": "Arte Contemporanea tra Centro e Mole", "segment_id": "contemporaneo_centro_mole_03", "segment_index": 3, "from_artwork_id": "toro-muro", "to_artwork_id": "l-eco", "from_title": "T'ORO - Il Toro che esce dal muro", "to_title": "Eco", "profile": "foot-walking", "distance_m": 1808.7, "duration_min": 21.703333333333333, "notes": "Segmento generato automaticamente con ORS tra due tappe consecutive." }, "geometry": { "type": "Point", "coordinates": [ 7.6823688, 45.0727764 ] } },
{ "type": "Feature", "properties": { "full_id": "n5998205157", "osm_id": "5998205157", "name": "Il nostro cioccolato", "service_type": "food_drink", "service_subtype": "cafe", "route_id": "contemporaneo_centro_mole", "route_title": "Arte Contemporanea tra Centro e Mole", "segment_id": "contemporaneo_centro_mole_03", "segment_index": 3, "from_artwork_id": "toro-muro", "to_artwork_id": "l-eco", "from_title": "T'ORO - Il Toro che esce dal muro", "to_title": "Eco", "profile": "foot-walking", "distance_m": 1808.7, "duration_min": 21.703333333333333, "notes": "Segmento generato automaticamente con ORS tra due tappe consecutive." }, "geometry": { "type": "Point", "coordinates": [ 7.682464, 45.0727461 ] } },
{ "type": "Feature", "properties": { "full_id": "n5998252948", "osm_id": "5998252948", "name": "12oz", "service_type": "food_drink", "service_subtype": "cafe", "route_id": "contemporaneo_centro_mole", "route_title": "Arte Contemporanea tra Centro e Mole", "segment_id": "contemporaneo_centro_mole_03", "segment_index": 3, "from_artwork_id": "toro-muro", "to_artwork_id": "l-eco", "from_title": "T'ORO - Il Toro che esce dal muro", "to_title": "Eco", "profile": "foot-walking", "distance_m": 1808.7, "duration_min": 21.703333333333333, "notes": "Segmento generato automaticamente con ORS tra due tappe consecutive." }, "geometry": { "type": "Point", "coordinates": [ 7.6820983, 45.0722931 ] } },
{ "type": "Feature", "properties": { "full_id": "n5998275758", "osm_id": "5998275758", "name": "Liberty", "service_type": "food_drink", "service_subtype": "cafe", "route_id": "contemporaneo_centro_mole", "route_title": "Arte Contemporanea tra Centro e Mole", "segment_id": "contemporaneo_centro_mole_03", "segment_index": 3, "from_artwork_id": "toro-muro", "to_artwork_id": "l-eco", "from_title": "T'ORO - Il Toro che esce dal muro", "to_title": "Eco", "profile": "foot-walking", "distance_m": 1808.7, "duration_min": 21.703333333333333, "notes": "Segmento generato automaticamente con ORS tra due tappe consecutive." }, "geometry": { "type": "Point", "coordinates": [ 7.6779514, 45.0736693 ] } },
{ "type": "Feature", "properties": { "full_id": "n6960480385", "osm_id": "6960480385", "name": "Minimarket", "service_type": "food_drink", "service_subtype": "cafe", "route_id": "contemporaneo_centro_mole", "route_title": "Arte Contemporanea tra Centro e Mole", "segment_id": "contemporaneo_centro_mole_03", "segment_index": 3, "from_artwork_id": "toro-muro", "to_artwork_id": "l-eco", "from_title": "T'ORO - Il Toro che esce dal muro", "to_title": "Eco", "profile": "foot-walking", "distance_m": 1808.7, "duration_min": 21.703333333333333, "notes": "Segmento generato automaticamente con ORS tra due tappe consecutive." }, "geometry": { "type": "Point", "coordinates": [ 7.6840672, 45.0723034 ] } },
{ "type": "Feature", "properties": { "full_id": "n7023660665", "osm_id": "7023660665", "name": "Caffetteria Novecento", "service_type": "food_drink", "service_subtype": "cafe", "route_id": "contemporaneo_centro_mole", "route_title": "Arte Contemporanea tra Centro e Mole", "segment_id": "contemporaneo_centro_mole_03", "segment_index": 3, "from_artwork_id": "toro-muro", "to_artwork_id": "l-eco", "from_title": "T'ORO - Il Toro che esce dal muro", "to_title": "Eco", "profile": "foot-walking", "distance_m": 1808.7, "duration_min": 21.703333333333333, "notes": "Segmento generato automaticamente con ORS tra due tappe consecutive." }, "geometry": { "type": "Point", "coordinates": [ 7.680222, 45.0715689 ] } },
{ "type": "Feature", "properties": { "full_id": "n9307355181", "osm_id": "9307355181", "name": "Nora Book & Coffee", "service_type": "food_drink", "service_subtype": "cafe", "route_id": "contemporaneo_centro_mole", "route_title": "Arte Contemporanea tra Centro e Mole", "segment_id": "contemporaneo_centro_mole_03", "segment_index": 3, "from_artwork_id": "toro-muro", "to_artwork_id": "l-eco", "from_title": "T'ORO - Il Toro che esce dal muro", "to_title": "Eco", "profile": "foot-walking", "distance_m": 1808.7, "duration_min": 21.703333333333333, "notes": "Segmento generato automaticamente con ORS tra due tappe consecutive." }, "geometry": { "type": "Point", "coordinates": [ 7.6796418, 45.075859 ] } },
{ "type": "Feature", "properties": { "full_id": "n9892792658", "osm_id": "9892792658", "name": "Bistrò Tuocc & Fuje", "service_type": "food_drink", "service_subtype": "cafe", "route_id": "contemporaneo_centro_mole", "route_title": "Arte Contemporanea tra Centro e Mole", "segment_id": "contemporaneo_centro_mole_03", "segment_index": 3, "from_artwork_id": "toro-muro", "to_artwork_id": "l-eco", "from_title": "T'ORO - Il Toro che esce dal muro", "to_title": "Eco", "profile": "foot-walking", "distance_m": 1808.7, "duration_min": 21.703333333333333, "notes": "Segmento generato automaticamente con ORS tra due tappe consecutive." }, "geometry": { "type": "Point", "coordinates": [ 7.6791267, 45.0715385 ] } },
{ "type": "Feature", "properties": { "full_id": "n10213801582", "osm_id": "10213801582", "name": "Bar Pia", "service_type": "food_drink", "service_subtype": "cafe", "route_id": "contemporaneo_centro_mole", "route_title": "Arte Contemporanea tra Centro e Mole", "segment_id": "contemporaneo_centro_mole_03", "segment_index": 3, "from_artwork_id": "toro-muro", "to_artwork_id": "l-eco", "from_title": "T'ORO - Il Toro che esce dal muro", "to_title": "Eco", "profile": "foot-walking", "distance_m": 1808.7, "duration_min": 21.703333333333333, "notes": "Segmento generato automaticamente con ORS tra due tappe consecutive." }, "geometry": { "type": "Point", "coordinates": [ 7.678384, 45.0763171 ] } },
{ "type": "Feature", "properties": { "full_id": "n10742006017", "osm_id": "10742006017", "name": "Roses & Tea", "service_type": "food_drink", "service_subtype": "cafe", "route_id": "contemporaneo_centro_mole", "route_title": "Arte Contemporanea tra Centro e Mole", "segment_id": "contemporaneo_centro_mole_03", "segment_index": 3, "from_artwork_id": "toro-muro", "to_artwork_id": "l-eco", "from_title": "T'ORO - Il Toro che esce dal muro", "to_title": "Eco", "profile": "foot-walking", "distance_m": 1808.7, "duration_min": 21.703333333333333, "notes": "Segmento generato automaticamente con ORS tra due tappe consecutive." }, "geometry": { "type": "Point", "coordinates": [ 7.677687, 45.0731077 ] } },
{ "type": "Feature", "properties": { "full_id": "n10803879306", "osm_id": "10803879306", "name": "Ziccat", "service_type": "food_drink", "service_subtype": "cafe", "route_id": "contemporaneo_centro_mole", "route_title": "Arte Contemporanea tra Centro e Mole", "segment_id": "contemporaneo_centro_mole_03", "segment_index": 3, "from_artwork_id": "toro-muro", "to_artwork_id": "l-eco", "from_title": "T'ORO - Il Toro che esce dal muro", "to_title": "Eco", "profile": "foot-walking", "distance_m": 1808.7, "duration_min": 21.703333333333333, "notes": "Segmento generato automaticamente con ORS tra due tappe consecutive." }, "geometry": { "type": "Point", "coordinates": [ 7.6831105, 45.0707844 ] } },
{ "type": "Feature", "properties": { "full_id": "n10827139268", "osm_id": "10827139268", "name": "Bar Antica piazza delle erbe", "service_type": "food_drink", "service_subtype": "cafe", "route_id": "contemporaneo_centro_mole", "route_title": "Arte Contemporanea tra Centro e Mole", "segment_id": "contemporaneo_centro_mole_03", "segment_index": 3, "from_artwork_id": "toro-muro", "to_artwork_id": "l-eco", "from_title": "T'ORO - Il Toro che esce dal muro", "to_title": "Eco", "profile": "foot-walking", "distance_m": 1808.7, "duration_min": 21.703333333333333, "notes": "Segmento generato automaticamente con ORS tra due tappe consecutive." }, "geometry": { "type": "Point", "coordinates": [ 7.6818, 45.0730879 ] } },
{ "type": "Feature", "properties": { "full_id": "n10833529336", "osm_id": "10833529336", "name": "Tisaneria della Consolata", "service_type": "food_drink", "service_subtype": "cafe", "route_id": "contemporaneo_centro_mole", "route_title": "Arte Contemporanea tra Centro e Mole", "segment_id": "contemporaneo_centro_mole_03", "segment_index": 3, "from_artwork_id": "toro-muro", "to_artwork_id": "l-eco", "from_title": "T'ORO - Il Toro che esce dal muro", "to_title": "Eco", "profile": "foot-walking", "distance_m": 1808.7, "duration_min": 21.703333333333333, "notes": "Segmento generato automaticamente con ORS tra due tappe consecutive." }, "geometry": { "type": "Point", "coordinates": [ 7.6791049, 45.075913899999989 ] } },
{ "type": "Feature", "properties": { "full_id": "n10951612316", "osm_id": "10951612316", "name": "Caffè Pietro Micca", "service_type": "food_drink", "service_subtype": "cafe", "route_id": "contemporaneo_centro_mole", "route_title": "Arte Contemporanea tra Centro e Mole", "segment_id": "contemporaneo_centro_mole_03", "segment_index": 3, "from_artwork_id": "toro-muro", "to_artwork_id": "l-eco", "from_title": "T'ORO - Il Toro che esce dal muro", "to_title": "Eco", "profile": "foot-walking", "distance_m": 1808.7, "duration_min": 21.703333333333333, "notes": "Segmento generato automaticamente con ORS tra due tappe consecutive." }, "geometry": { "type": "Point", "coordinates": [ 7.6826506, 45.0707723 ] } },
{ "type": "Feature", "properties": { "full_id": "n11061384926", "osm_id": "11061384926", "name": "Oro puro", "service_type": "food_drink", "service_subtype": "cafe", "route_id": "contemporaneo_centro_mole", "route_title": "Arte Contemporanea tra Centro e Mole", "segment_id": "contemporaneo_centro_mole_03", "segment_index": 3, "from_artwork_id": "toro-muro", "to_artwork_id": "l-eco", "from_title": "T'ORO - Il Toro che esce dal muro", "to_title": "Eco", "profile": "foot-walking", "distance_m": 1808.7, "duration_min": 21.703333333333333, "notes": "Segmento generato automaticamente con ORS tra due tappe consecutive." }, "geometry": { "type": "Point", "coordinates": [ 7.6835753, 45.0718437 ] } },
{ "type": "Feature", "properties": { "full_id": "n11078624682", "osm_id": "11078624682", "name": "D.A.F.", "service_type": "food_drink", "service_subtype": "cafe", "route_id": "contemporaneo_centro_mole", "route_title": "Arte Contemporanea tra Centro e Mole", "segment_id": "contemporaneo_centro_mole_03", "segment_index": 3, "from_artwork_id": "toro-muro", "to_artwork_id": "l-eco", "from_title": "T'ORO - Il Toro che esce dal muro", "to_title": "Eco", "profile": "foot-walking", "distance_m": 1808.7, "duration_min": 21.703333333333333, "notes": "Segmento generato automaticamente con ORS tra due tappe consecutive." }, "geometry": { "type": "Point", "coordinates": [ 7.6836704, 45.070951099999988 ] } },
{ "type": "Feature", "properties": { "full_id": "n11328855589", "osm_id": "11328855589", "name": "Bar Stampa", "service_type": "food_drink", "service_subtype": "cafe", "route_id": "contemporaneo_centro_mole", "route_title": "Arte Contemporanea tra Centro e Mole", "segment_id": "contemporaneo_centro_mole_03", "segment_index": 3, "from_artwork_id": "toro-muro", "to_artwork_id": "l-eco", "from_title": "T'ORO - Il Toro che esce dal muro", "to_title": "Eco", "profile": "foot-walking", "distance_m": 1808.7, "duration_min": 21.703333333333333, "notes": "Segmento generato automaticamente con ORS tra due tappe consecutive." }, "geometry": { "type": "Point", "coordinates": [ 7.6833762, 45.069388100000012 ] } },
{ "type": "Feature", "properties": { "full_id": "n11346897170", "osm_id": "11346897170", "name": "Luxery caffe Baki", "service_type": "food_drink", "service_subtype": "cafe", "route_id": "contemporaneo_centro_mole", "route_title": "Arte Contemporanea tra Centro e Mole", "segment_id": "contemporaneo_centro_mole_03", "segment_index": 3, "from_artwork_id": "toro-muro", "to_artwork_id": "l-eco", "from_title": "T'ORO - Il Toro che esce dal muro", "to_title": "Eco", "profile": "foot-walking", "distance_m": 1808.7, "duration_min": 21.703333333333333, "notes": "Segmento generato automaticamente con ORS tra due tappe consecutive." }, "geometry": { "type": "Point", "coordinates": [ 7.6832209, 45.0698347 ] } },
{ "type": "Feature", "properties": { "full_id": "n11502659927", "osm_id": "11502659927", "name": "ST", "service_type": "food_drink", "service_subtype": "cafe", "route_id": "contemporaneo_centro_mole", "route_title": "Arte Contemporanea tra Centro e Mole", "segment_id": "contemporaneo_centro_mole_03", "segment_index": 3, "from_artwork_id": "toro-muro", "to_artwork_id": "l-eco", "from_title": "T'ORO - Il Toro che esce dal muro", "to_title": "Eco", "profile": "foot-walking", "distance_m": 1808.7, "duration_min": 21.703333333333333, "notes": "Segmento generato automaticamente con ORS tra due tappe consecutive." }, "geometry": { "type": "Point", "coordinates": [ 7.6814082, 45.071647 ] } },
{ "type": "Feature", "properties": { "full_id": "n12064696975", "osm_id": "12064696975", "name": "Antica Roma", "service_type": "food_drink", "service_subtype": "cafe", "route_id": "contemporaneo_centro_mole", "route_title": "Arte Contemporanea tra Centro e Mole", "segment_id": "contemporaneo_centro_mole_03", "segment_index": 3, "from_artwork_id": "toro-muro", "to_artwork_id": "l-eco", "from_title": "T'ORO - Il Toro che esce dal muro", "to_title": "Eco", "profile": "foot-walking", "distance_m": 1808.7, "duration_min": 21.703333333333333, "notes": "Segmento generato automaticamente con ORS tra due tappe consecutive." }, "geometry": { "type": "Point", "coordinates": [ 7.6813493, 45.076483 ] } },
{ "type": "Feature", "properties": { "full_id": "n12165781942", "osm_id": "12165781942", "name": "Caffé Roberto", "service_type": "food_drink", "service_subtype": "cafe", "route_id": "contemporaneo_centro_mole", "route_title": "Arte Contemporanea tra Centro e Mole", "segment_id": "contemporaneo_centro_mole_03", "segment_index": 3, "from_artwork_id": "toro-muro", "to_artwork_id": "l-eco", "from_title": "T'ORO - Il Toro che esce dal muro", "to_title": "Eco", "profile": "foot-walking", "distance_m": 1808.7, "duration_min": 21.703333333333333, "notes": "Segmento generato automaticamente con ORS tra due tappe consecutive." }, "geometry": { "type": "Point", "coordinates": [ 7.6876276, 45.0701605 ] } },
{ "type": "Feature", "properties": { "full_id": "n12165781947", "osm_id": "12165781947", "name": "Savoy", "service_type": "food_drink", "service_subtype": "cafe", "route_id": "contemporaneo_centro_mole", "route_title": "Arte Contemporanea tra Centro e Mole", "segment_id": "contemporaneo_centro_mole_03", "segment_index": 3, "from_artwork_id": "toro-muro", "to_artwork_id": "l-eco", "from_title": "T'ORO - Il Toro che esce dal muro", "to_title": "Eco", "profile": "foot-walking", "distance_m": 1808.7, "duration_min": 21.703333333333333, "notes": "Segmento generato automaticamente con ORS tra due tappe consecutive." }, "geometry": { "type": "Point", "coordinates": [ 7.6778776, 45.0748535 ] } },
{ "type": "Feature", "properties": { "full_id": "n12423081673", "osm_id": "12423081673", "name": "Caffetteria da Mario", "service_type": "food_drink", "service_subtype": "cafe", "route_id": "contemporaneo_centro_mole", "route_title": "Arte Contemporanea tra Centro e Mole", "segment_id": "contemporaneo_centro_mole_03", "segment_index": 3, "from_artwork_id": "toro-muro", "to_artwork_id": "l-eco", "from_title": "T'ORO - Il Toro che esce dal muro", "to_title": "Eco", "profile": "foot-walking", "distance_m": 1808.7, "duration_min": 21.703333333333333, "notes": "Segmento generato automaticamente con ORS tra due tappe consecutive." }, "geometry": { "type": "Point", "coordinates": [ 7.6817783, 45.074077 ] } },
{ "type": "Feature", "properties": { "full_id": "n13340544602", "osm_id": "13340544602", "name": "Barney's", "service_type": "food_drink", "service_subtype": "cafe", "route_id": "contemporaneo_centro_mole", "route_title": "Arte Contemporanea tra Centro e Mole", "segment_id": "contemporaneo_centro_mole_03", "segment_index": 3, "from_artwork_id": "toro-muro", "to_artwork_id": "l-eco", "from_title": "T'ORO - Il Toro che esce dal muro", "to_title": "Eco", "profile": "foot-walking", "distance_m": 1808.7, "duration_min": 21.703333333333333, "notes": "Segmento generato automaticamente con ORS tra due tappe consecutive." }, "geometry": { "type": "Point", "coordinates": [ 7.6879468, 45.0686329 ] } },
{ "type": "Feature", "properties": { "full_id": "n13446464504", "osm_id": "13446464504", "name": "Caffè dei Guardinfanti", "service_type": "food_drink", "service_subtype": "cafe", "route_id": "contemporaneo_centro_mole", "route_title": "Arte Contemporanea tra Centro e Mole", "segment_id": "contemporaneo_centro_mole_03", "segment_index": 3, "from_artwork_id": "toro-muro", "to_artwork_id": "l-eco", "from_title": "T'ORO - Il Toro che esce dal muro", "to_title": "Eco", "profile": "foot-walking", "distance_m": 1808.7, "duration_min": 21.703333333333333, "notes": "Segmento generato automaticamente con ORS tra due tappe consecutive." }, "geometry": { "type": "Point", "coordinates": [ 7.6812032, 45.0717451 ] } },
{ "type": "Feature", "properties": { "full_id": "n2066108535", "osm_id": "2066108535", "name": "Grom", "service_type": "food_drink", "service_subtype": "ice_cream", "route_id": "contemporaneo_centro_mole", "route_title": "Arte Contemporanea tra Centro e Mole", "segment_id": "contemporaneo_centro_mole_03", "segment_index": 3, "from_artwork_id": "toro-muro", "to_artwork_id": "l-eco", "from_title": "T'ORO - Il Toro che esce dal muro", "to_title": "Eco", "profile": "foot-walking", "distance_m": 1808.7, "duration_min": 21.703333333333333, "notes": "Segmento generato automaticamente con ORS tra due tappe consecutive." }, "geometry": { "type": "Point", "coordinates": [ 7.6854243, 45.0697549 ] } },
{ "type": "Feature", "properties": { "full_id": "n2786124665", "osm_id": "2786124665", "name": "Più di un gelato", "service_type": "food_drink", "service_subtype": "ice_cream", "route_id": "contemporaneo_centro_mole", "route_title": "Arte Contemporanea tra Centro e Mole", "segment_id": "contemporaneo_centro_mole_03", "segment_index": 3, "from_artwork_id": "toro-muro", "to_artwork_id": "l-eco", "from_title": "T'ORO - Il Toro che esce dal muro", "to_title": "Eco", "profile": "foot-walking", "distance_m": 1808.7, "duration_min": 21.703333333333333, "notes": "Segmento generato automaticamente con ORS tra due tappe consecutive." }, "geometry": { "type": "Point", "coordinates": [ 7.6821905, 45.071534599999985 ] } },
{ "type": "Feature", "properties": { "full_id": "n3113566837", "osm_id": "3113566837", "name": "La Romana", "service_type": "food_drink", "service_subtype": "ice_cream", "route_id": "contemporaneo_centro_mole", "route_title": "Arte Contemporanea tra Centro e Mole", "segment_id": "contemporaneo_centro_mole_03", "segment_index": 3, "from_artwork_id": "toro-muro", "to_artwork_id": "l-eco", "from_title": "T'ORO - Il Toro che esce dal muro", "to_title": "Eco", "profile": "foot-walking", "distance_m": 1808.7, "duration_min": 21.703333333333333, "notes": "Segmento generato automaticamente con ORS tra due tappe consecutive." }, "geometry": { "type": "Point", "coordinates": [ 7.6929763, 45.069378 ] } },
{ "type": "Feature", "properties": { "full_id": "n4736058939", "osm_id": "4736058939", "name": "Menodiciotto", "service_type": "food_drink", "service_subtype": "ice_cream", "route_id": "contemporaneo_centro_mole", "route_title": "Arte Contemporanea tra Centro e Mole", "segment_id": "contemporaneo_centro_mole_03", "segment_index": 3, "from_artwork_id": "toro-muro", "to_artwork_id": "l-eco", "from_title": "T'ORO - Il Toro che esce dal muro", "to_title": "Eco", "profile": "foot-walking", "distance_m": 1808.7, "duration_min": 21.703333333333333, "notes": "Segmento generato automaticamente con ORS tra due tappe consecutive." }, "geometry": { "type": "Point", "coordinates": [ 7.6856669, 45.070122 ] } },
{ "type": "Feature", "properties": { "full_id": "n4736083859", "osm_id": "4736083859", "name": "Papalele - Quadrilatero", "service_type": "food_drink", "service_subtype": "ice_cream", "route_id": "contemporaneo_centro_mole", "route_title": "Arte Contemporanea tra Centro e Mole", "segment_id": "contemporaneo_centro_mole_03", "segment_index": 3, "from_artwork_id": "toro-muro", "to_artwork_id": "l-eco", "from_title": "T'ORO - Il Toro che esce dal muro", "to_title": "Eco", "profile": "foot-walking", "distance_m": 1808.7, "duration_min": 21.703333333333333, "notes": "Segmento generato automaticamente con ORS tra due tappe consecutive." }, "geometry": { "type": "Point", "coordinates": [ 7.6811316, 45.0765709 ] } },
{ "type": "Feature", "properties": { "full_id": "n4836095522", "osm_id": "4836095522", "name": "Gelateria Vanilla", "service_type": "food_drink", "service_subtype": "ice_cream", "route_id": "contemporaneo_centro_mole", "route_title": "Arte Contemporanea tra Centro e Mole", "segment_id": "contemporaneo_centro_mole_03", "segment_index": 3, "from_artwork_id": "toro-muro", "to_artwork_id": "l-eco", "from_title": "T'ORO - Il Toro che esce dal muro", "to_title": "Eco", "profile": "foot-walking", "distance_m": 1808.7, "duration_min": 21.703333333333333, "notes": "Segmento generato automaticamente con ORS tra due tappe consecutive." }, "geometry": { "type": "Point", "coordinates": [ 7.6843549, 45.0720345 ] } },
{ "type": "Feature", "properties": { "full_id": "n5117626900", "osm_id": "5117626900", "name": "Alberto Marchetti", "service_type": "food_drink", "service_subtype": "ice_cream", "route_id": "contemporaneo_centro_mole", "route_title": "Arte Contemporanea tra Centro e Mole", "segment_id": "contemporaneo_centro_mole_03", "segment_index": 3, "from_artwork_id": "toro-muro", "to_artwork_id": "l-eco", "from_title": "T'ORO - Il Toro che esce dal muro", "to_title": "Eco", "profile": "foot-walking", "distance_m": 1808.7, "duration_min": 21.703333333333333, "notes": "Segmento generato automaticamente con ORS tra due tappe consecutive." }, "geometry": { "type": "Point", "coordinates": [ 7.6910174, 45.067828 ] } },
{ "type": "Feature", "properties": { "full_id": "n5772775526", "osm_id": "5772775526", "name": "+ di un gelato", "service_type": "food_drink", "service_subtype": "ice_cream", "route_id": "contemporaneo_centro_mole", "route_title": "Arte Contemporanea tra Centro e Mole", "segment_id": "contemporaneo_centro_mole_03", "segment_index": 3, "from_artwork_id": "toro-muro", "to_artwork_id": "l-eco", "from_title": "T'ORO - Il Toro che esce dal muro", "to_title": "Eco", "profile": "foot-walking", "distance_m": 1808.7, "duration_min": 21.703333333333333, "notes": "Segmento generato automaticamente con ORS tra due tappe consecutive." }, "geometry": { "type": "Point", "coordinates": [ 7.6856271, 45.0694617 ] } },
{ "type": "Feature", "properties": { "full_id": "n9762086186", "osm_id": "9762086186", "name": "CioccolatItaliani", "service_type": "food_drink", "service_subtype": "ice_cream", "route_id": "contemporaneo_centro_mole", "route_title": "Arte Contemporanea tra Centro e Mole", "segment_id": "contemporaneo_centro_mole_03", "segment_index": 3, "from_artwork_id": "toro-muro", "to_artwork_id": "l-eco", "from_title": "T'ORO - Il Toro che esce dal muro", "to_title": "Eco", "profile": "foot-walking", "distance_m": 1808.7, "duration_min": 21.703333333333333, "notes": "Segmento generato automaticamente con ORS tra due tappe consecutive." }, "geometry": { "type": "Point", "coordinates": [ 7.6938082, 45.0675405 ] } },
{ "type": "Feature", "properties": { "full_id": "n10811134364", "osm_id": "10811134364", "name": "Gelateria Peter Pan", "service_type": "food_drink", "service_subtype": "ice_cream", "route_id": "contemporaneo_centro_mole", "route_title": "Arte Contemporanea tra Centro e Mole", "segment_id": "contemporaneo_centro_mole_03", "segment_index": 3, "from_artwork_id": "toro-muro", "to_artwork_id": "l-eco", "from_title": "T'ORO - Il Toro che esce dal muro", "to_title": "Eco", "profile": "foot-walking", "distance_m": 1808.7, "duration_min": 21.703333333333333, "notes": "Segmento generato automaticamente con ORS tra due tappe consecutive." }, "geometry": { "type": "Point", "coordinates": [ 7.6818982, 45.0696553 ] } },
{ "type": "Feature", "properties": { "full_id": "n10944305291", "osm_id": "10944305291", "name": "SanTo", "service_type": "food_drink", "service_subtype": "ice_cream", "route_id": "contemporaneo_centro_mole", "route_title": "Arte Contemporanea tra Centro e Mole", "segment_id": "contemporaneo_centro_mole_03", "segment_index": 3, "from_artwork_id": "toro-muro", "to_artwork_id": "l-eco", "from_title": "T'ORO - Il Toro che esce dal muro", "to_title": "Eco", "profile": "foot-walking", "distance_m": 1808.7, "duration_min": 21.703333333333333, "notes": "Segmento generato automaticamente con ORS tra due tappe consecutive." }, "geometry": { "type": "Point", "coordinates": [ 7.6816573, 45.0708153 ] } },
{ "type": "Feature", "properties": { "full_id": "n11231208927", "osm_id": "11231208927", "name": "Yoyogurt", "service_type": "food_drink", "service_subtype": "ice_cream", "route_id": "contemporaneo_centro_mole", "route_title": "Arte Contemporanea tra Centro e Mole", "segment_id": "contemporaneo_centro_mole_03", "segment_index": 3, "from_artwork_id": "toro-muro", "to_artwork_id": "l-eco", "from_title": "T'ORO - Il Toro che esce dal muro", "to_title": "Eco", "profile": "foot-walking", "distance_m": 1808.7, "duration_min": 21.703333333333333, "notes": "Segmento generato automaticamente con ORS tra due tappe consecutive." }, "geometry": { "type": "Point", "coordinates": [ 7.6771862, 45.074059 ] } },
{ "type": "Feature", "properties": { "full_id": "n11378257734", "osm_id": "11378257734", "name": "Via Trento - Gelato & Caffè", "service_type": "food_drink", "service_subtype": "ice_cream", "route_id": "contemporaneo_centro_mole", "route_title": "Arte Contemporanea tra Centro e Mole", "segment_id": "contemporaneo_centro_mole_03", "segment_index": 3, "from_artwork_id": "toro-muro", "to_artwork_id": "l-eco", "from_title": "T'ORO - Il Toro che esce dal muro", "to_title": "Eco", "profile": "foot-walking", "distance_m": 1808.7, "duration_min": 21.703333333333333, "notes": "Segmento generato automaticamente con ORS tra due tappe consecutive." }, "geometry": { "type": "Point", "coordinates": [ 7.6922045, 45.0666765 ] } },
{ "type": "Feature", "properties": { "full_id": "n13075169872", "osm_id": "13075169872", "name": "Grom", "service_type": "food_drink", "service_subtype": "ice_cream", "route_id": "contemporaneo_centro_mole", "route_title": "Arte Contemporanea tra Centro e Mole", "segment_id": "contemporaneo_centro_mole_03", "segment_index": 3, "from_artwork_id": "toro-muro", "to_artwork_id": "l-eco", "from_title": "T'ORO - Il Toro che esce dal muro", "to_title": "Eco", "profile": "foot-walking", "distance_m": 1808.7, "duration_min": 21.703333333333333, "notes": "Segmento generato automaticamente con ORS tra due tappe consecutive." }, "geometry": { "type": "Point", "coordinates": [ 7.6823385, 45.0720901 ] } },
{ "type": "Feature", "properties": { "full_id": "n13176516424", "osm_id": "13176516424", "name": "Crem Glasse", "service_type": "food_drink", "service_subtype": "ice_cream", "route_id": "contemporaneo_centro_mole", "route_title": "Arte Contemporanea tra Centro e Mole", "segment_id": "contemporaneo_centro_mole_03", "segment_index": 3, "from_artwork_id": "toro-muro", "to_artwork_id": "l-eco", "from_title": "T'ORO - Il Toro che esce dal muro", "to_title": "Eco", "profile": "foot-walking", "distance_m": 1808.7, "duration_min": 21.703333333333333, "notes": "Segmento generato automaticamente con ORS tra due tappe consecutive." }, "geometry": { "type": "Point", "coordinates": [ 7.6913531, 45.0672344 ] } },
{ "type": "Feature", "properties": { "full_id": "n1185414577", "osm_id": "1185414577", "name": "Po", "service_type": "transport", "service_subtype": "bus_stop", "route_id": "contemporaneo_centro_mole", "route_title": "Arte Contemporanea tra Centro e Mole", "segment_id": "contemporaneo_centro_mole_03", "segment_index": 3, "from_artwork_id": "toro-muro", "to_artwork_id": "l-eco", "from_title": "T'ORO - Il Toro che esce dal muro", "to_title": "Eco", "profile": "foot-walking", "distance_m": 1808.7, "duration_min": 21.703333333333333, "notes": "Segmento generato automaticamente con ORS tra due tappe consecutive." }, "geometry": { "type": "Point", "coordinates": [ 7.6906121, 45.06876590000001 ] } },
{ "type": "Feature", "properties": { "full_id": "n1198867402", "osm_id": "1198867402", "name": "Bertola", "service_type": "transport", "service_subtype": "bus_stop", "route_id": "contemporaneo_centro_mole", "route_title": "Arte Contemporanea tra Centro e Mole", "segment_id": "contemporaneo_centro_mole_03", "segment_index": 3, "from_artwork_id": "toro-muro", "to_artwork_id": "l-eco", "from_title": "T'ORO - Il Toro che esce dal muro", "to_title": "Eco", "profile": "foot-walking", "distance_m": 1808.7, "duration_min": 21.703333333333333, "notes": "Segmento generato automaticamente con ORS tra due tappe consecutive." }, "geometry": { "type": "Point", "coordinates": [ 7.682115, 45.0694568 ] } },
{ "type": "Feature", "properties": { "full_id": "n1198867441", "osm_id": "1198867441", "name": "Monte di Pietà", "service_type": "transport", "service_subtype": "bus_stop", "route_id": "contemporaneo_centro_mole", "route_title": "Arte Contemporanea tra Centro e Mole", "segment_id": "contemporaneo_centro_mole_03", "segment_index": 3, "from_artwork_id": "toro-muro", "to_artwork_id": "l-eco", "from_title": "T'ORO - Il Toro che esce dal muro", "to_title": "Eco", "profile": "foot-walking", "distance_m": 1808.7, "duration_min": 21.703333333333333, "notes": "Segmento generato automaticamente con ORS tra due tappe consecutive." }, "geometry": { "type": "Point", "coordinates": [ 7.6799792, 45.071433 ] } },
{ "type": "Feature", "properties": { "full_id": "n1198867537", "osm_id": "1198867537", "name": "Corte d'Appello", "service_type": "transport", "service_subtype": "bus_stop", "route_id": "contemporaneo_centro_mole", "route_title": "Arte Contemporanea tra Centro e Mole", "segment_id": "contemporaneo_centro_mole_03", "segment_index": 3, "from_artwork_id": "toro-muro", "to_artwork_id": "l-eco", "from_title": "T'ORO - Il Toro che esce dal muro", "to_title": "Eco", "profile": "foot-walking", "distance_m": 1808.7, "duration_min": 21.703333333333333, "notes": "Segmento generato automaticamente con ORS tra due tappe consecutive." }, "geometry": { "type": "Point", "coordinates": [ 7.6816014, 45.073721 ] } },
{ "type": "Feature", "properties": { "full_id": "n1198867556", "osm_id": "1198867556", "name": "Garibaldi", "service_type": "transport", "service_subtype": "bus_stop", "route_id": "contemporaneo_centro_mole", "route_title": "Arte Contemporanea tra Centro e Mole", "segment_id": "contemporaneo_centro_mole_03", "segment_index": 3, "from_artwork_id": "toro-muro", "to_artwork_id": "l-eco", "from_title": "T'ORO - Il Toro che esce dal muro", "to_title": "Eco", "profile": "foot-walking", "distance_m": 1808.7, "duration_min": 21.703333333333333, "notes": "Segmento generato automaticamente con ORS tra due tappe consecutive." }, "geometry": { "type": "Point", "coordinates": [ 7.6837258, 45.0718764 ] } },
{ "type": "Feature", "properties": { "full_id": "n1262188506", "osm_id": "1262188506", "name": "Bertola Capolinea", "service_type": "transport", "service_subtype": "bus_stop", "route_id": "contemporaneo_centro_mole", "route_title": "Arte Contemporanea tra Centro e Mole", "segment_id": "contemporaneo_centro_mole_03", "segment_index": 3, "from_artwork_id": "toro-muro", "to_artwork_id": "l-eco", "from_title": "T'ORO - Il Toro che esce dal muro", "to_title": "Eco", "profile": "foot-walking", "distance_m": 1808.7, "duration_min": 21.703333333333333, "notes": "Segmento generato automaticamente con ORS tra due tappe consecutive." }, "geometry": { "type": "Point", "coordinates": [ 7.6814445, 45.0699533 ] } },
{ "type": "Feature", "properties": { "full_id": "n1262190131", "osm_id": "1262190131", "name": "Castello", "service_type": "transport", "service_subtype": "bus_stop", "route_id": "contemporaneo_centro_mole", "route_title": "Arte Contemporanea tra Centro e Mole", "segment_id": "contemporaneo_centro_mole_03", "segment_index": 3, "from_artwork_id": "toro-muro", "to_artwork_id": "l-eco", "from_title": "T'ORO - Il Toro che esce dal muro", "to_title": "Eco", "profile": "foot-walking", "distance_m": 1808.7, "duration_min": 21.703333333333333, "notes": "Segmento generato automaticamente con ORS tra due tappe consecutive." }, "geometry": { "type": "Point", "coordinates": [ 7.6853713, 45.0703952 ] } },
{ "type": "Feature", "properties": { "full_id": "n1262196798", "osm_id": "1262196798", "name": "Ferrari", "service_type": "transport", "service_subtype": "bus_stop", "route_id": "contemporaneo_centro_mole", "route_title": "Arte Contemporanea tra Centro e Mole", "segment_id": "contemporaneo_centro_mole_03", "segment_index": 3, "from_artwork_id": "toro-muro", "to_artwork_id": "l-eco", "from_title": "T'ORO - Il Toro che esce dal muro", "to_title": "Eco", "profile": "foot-walking", "distance_m": 1808.7, "duration_min": 21.703333333333333, "notes": "Segmento generato automaticamente con ORS tra due tappe consecutive." }, "geometry": { "type": "Point", "coordinates": [ 7.6946995, 45.0689542 ] } },
{ "type": "Feature", "properties": { "full_id": "n1262196900", "osm_id": "1262196900", "name": "Montebello", "service_type": "transport", "service_subtype": "bus_stop", "route_id": "contemporaneo_centro_mole", "route_title": "Arte Contemporanea tra Centro e Mole", "segment_id": "contemporaneo_centro_mole_03", "segment_index": 3, "from_artwork_id": "toro-muro", "to_artwork_id": "l-eco", "from_title": "T'ORO - Il Toro che esce dal muro", "to_title": "Eco", "profile": "foot-walking", "distance_m": 1808.7, "duration_min": 21.703333333333333, "notes": "Segmento generato automaticamente con ORS tra due tappe consecutive." }, "geometry": { "type": "Point", "coordinates": [ 7.692925, 45.0695208 ] } },
{ "type": "Feature", "properties": { "full_id": "n1262197678", "osm_id": "1262197678", "name": "Bertola", "service_type": "transport", "service_subtype": "bus_stop", "route_id": "contemporaneo_centro_mole", "route_title": "Arte Contemporanea tra Centro e Mole", "segment_id": "contemporaneo_centro_mole_03", "segment_index": 3, "from_artwork_id": "toro-muro", "to_artwork_id": "l-eco", "from_title": "T'ORO - Il Toro che esce dal muro", "to_title": "Eco", "profile": "foot-walking", "distance_m": 1808.7, "duration_min": 21.703333333333333, "notes": "Segmento generato automaticamente con ORS tra due tappe consecutive." }, "geometry": { "type": "Point", "coordinates": [ 7.6813986, 45.0705169 ] } },
{ "type": "Feature", "properties": { "full_id": "n1262198026", "osm_id": "1262198026", "name": "Accademia Albertina", "service_type": "transport", "service_subtype": "bus_stop", "route_id": "contemporaneo_centro_mole", "route_title": "Arte Contemporanea tra Centro e Mole", "segment_id": "contemporaneo_centro_mole_03", "segment_index": 3, "from_artwork_id": "toro-muro", "to_artwork_id": "l-eco", "from_title": "T'ORO - Il Toro che esce dal muro", "to_title": "Eco", "profile": "foot-walking", "distance_m": 1808.7, "duration_min": 21.703333333333333, "notes": "Segmento generato automaticamente con ORS tra due tappe consecutive." }, "geometry": { "type": "Point", "coordinates": [ 7.6900316, 45.068243 ] } },
{ "type": "Feature", "properties": { "full_id": "n1262199075", "osm_id": "1262199075", "name": "Sant'Ottavio", "service_type": "transport", "service_subtype": "bus_stop", "route_id": "contemporaneo_centro_mole", "route_title": "Arte Contemporanea tra Centro e Mole", "segment_id": "contemporaneo_centro_mole_03", "segment_index": 3, "from_artwork_id": "toro-muro", "to_artwork_id": "l-eco", "from_title": "T'ORO - Il Toro che esce dal muro", "to_title": "Eco", "profile": "foot-walking", "distance_m": 1808.7, "duration_min": 21.703333333333333, "notes": "Segmento generato automaticamente con ORS tra due tappe consecutive." }, "geometry": { "type": "Point", "coordinates": [ 7.6928551, 45.0665106 ] } },
{ "type": "Feature", "properties": { "full_id": "n1262199749", "osm_id": "1262199749", "name": "Orfane", "service_type": "transport", "service_subtype": "bus_stop", "route_id": "contemporaneo_centro_mole", "route_title": "Arte Contemporanea tra Centro e Mole", "segment_id": "contemporaneo_centro_mole_03", "segment_index": 3, "from_artwork_id": "toro-muro", "to_artwork_id": "l-eco", "from_title": "T'ORO - Il Toro che esce dal muro", "to_title": "Eco", "profile": "foot-walking", "distance_m": 1808.7, "duration_min": 21.703333333333333, "notes": "Segmento generato automaticamente con ORS tra due tappe consecutive." }, "geometry": { "type": "Point", "coordinates": [ 7.6792442, 45.0750431 ] } },
{ "type": "Feature", "properties": { "full_id": "n1262199772", "osm_id": "1262199772", "name": "Garibaldi", "service_type": "transport", "service_subtype": "bus_stop", "route_id": "contemporaneo_centro_mole", "route_title": "Arte Contemporanea tra Centro e Mole", "segment_id": "contemporaneo_centro_mole_03", "segment_index": 3, "from_artwork_id": "toro-muro", "to_artwork_id": "l-eco", "from_title": "T'ORO - Il Toro che esce dal muro", "to_title": "Eco", "profile": "foot-walking", "distance_m": 1808.7, "duration_min": 21.703333333333333, "notes": "Segmento generato automaticamente con ORS tra due tappe consecutive." }, "geometry": { "type": "Point", "coordinates": [ 7.6767907, 45.0740377 ] } },
{ "type": "Feature", "properties": { "full_id": "n1262199811", "osm_id": "1262199811", "name": "Orfane", "service_type": "transport", "service_subtype": "bus_stop", "route_id": "contemporaneo_centro_mole", "route_title": "Arte Contemporanea tra Centro e Mole", "segment_id": "contemporaneo_centro_mole_03", "segment_index": 3, "from_artwork_id": "toro-muro", "to_artwork_id": "l-eco", "from_title": "T'ORO - Il Toro che esce dal muro", "to_title": "Eco", "profile": "foot-walking", "distance_m": 1808.7, "duration_min": 21.703333333333333, "notes": "Segmento generato automaticamente con ORS tra due tappe consecutive." }, "geometry": { "type": "Point", "coordinates": [ 7.6784207, 45.0746107 ] } },
{ "type": "Feature", "properties": { "full_id": "n1262199837", "osm_id": "1262199837", "name": "Bertola Capolinea", "service_type": "transport", "service_subtype": "bus_stop", "route_id": "contemporaneo_centro_mole", "route_title": "Arte Contemporanea tra Centro e Mole", "segment_id": "contemporaneo_centro_mole_03", "segment_index": 3, "from_artwork_id": "toro-muro", "to_artwork_id": "l-eco", "from_title": "T'ORO - Il Toro che esce dal muro", "to_title": "Eco", "profile": "foot-walking", "distance_m": 1808.7, "duration_min": 21.703333333333333, "notes": "Segmento generato automaticamente con ORS tra due tappe consecutive." }, "geometry": { "type": "Point", "coordinates": [ 7.6818623, 45.069801899999987 ] } },
{ "type": "Feature", "properties": { "full_id": "n1262200213", "osm_id": "1262200213", "name": "Sant'Ottavio", "service_type": "transport", "service_subtype": "bus_stop", "route_id": "contemporaneo_centro_mole", "route_title": "Arte Contemporanea tra Centro e Mole", "segment_id": "contemporaneo_centro_mole_03", "segment_index": 3, "from_artwork_id": "toro-muro", "to_artwork_id": "l-eco", "from_title": "T'ORO - Il Toro che esce dal muro", "to_title": "Eco", "profile": "foot-walking", "distance_m": 1808.7, "duration_min": 21.703333333333333, "notes": "Segmento generato automaticamente con ORS tra due tappe consecutive." }, "geometry": { "type": "Point", "coordinates": [ 7.69243, 45.0666807 ] } },
{ "type": "Feature", "properties": { "full_id": "n1262203030", "osm_id": "1262203030", "name": "Sant'Ottavio", "service_type": "transport", "service_subtype": "bus_stop", "route_id": "contemporaneo_centro_mole", "route_title": "Arte Contemporanea tra Centro e Mole", "segment_id": "contemporaneo_centro_mole_03", "segment_index": 3, "from_artwork_id": "toro-muro", "to_artwork_id": "l-eco", "from_title": "T'ORO - Il Toro che esce dal muro", "to_title": "Eco", "profile": "foot-walking", "distance_m": 1808.7, "duration_min": 21.703333333333333, "notes": "Segmento generato automaticamente con ORS tra due tappe consecutive." }, "geometry": { "type": "Point", "coordinates": [ 7.69313, 45.0671 ] } },
{ "type": "Feature", "properties": { "full_id": "n1262204404", "osm_id": "1262204404", "name": "Palazzo Nuovo", "service_type": "transport", "service_subtype": "bus_stop", "route_id": "contemporaneo_centro_mole", "route_title": "Arte Contemporanea tra Centro e Mole", "segment_id": "contemporaneo_centro_mole_03", "segment_index": 3, "from_artwork_id": "toro-muro", "to_artwork_id": "l-eco", "from_title": "T'ORO - Il Toro che esce dal muro", "to_title": "Eco", "profile": "foot-walking", "distance_m": 1808.7, "duration_min": 21.703333333333333, "notes": "Segmento generato automaticamente con ORS tra due tappe consecutive." }, "geometry": { "type": "Point", "coordinates": [ 7.6953675, 45.0688106 ] } },
{ "type": "Feature", "properties": { "full_id": "n1262207476", "osm_id": "1262207476", "name": "Castello", "service_type": "transport", "service_subtype": "bus_stop", "route_id": "contemporaneo_centro_mole", "route_title": "Arte Contemporanea tra Centro e Mole", "segment_id": "contemporaneo_centro_mole_03", "segment_index": 3, "from_artwork_id": "toro-muro", "to_artwork_id": "l-eco", "from_title": "T'ORO - Il Toro che esce dal muro", "to_title": "Eco", "profile": "foot-walking", "distance_m": 1808.7, "duration_min": 21.703333333333333, "notes": "Segmento generato automaticamente con ORS tra due tappe consecutive." }, "geometry": { "type": "Point", "coordinates": [ 7.6849471, 45.0706322 ] } },
{ "type": "Feature", "properties": { "full_id": "n1262208216", "osm_id": "1262208216", "name": "Milano", "service_type": "transport", "service_subtype": "bus_stop", "route_id": "contemporaneo_centro_mole", "route_title": "Arte Contemporanea tra Centro e Mole", "segment_id": "contemporaneo_centro_mole_03", "segment_index": 3, "from_artwork_id": "toro-muro", "to_artwork_id": "l-eco", "from_title": "T'ORO - Il Toro che esce dal muro", "to_title": "Eco", "profile": "foot-walking", "distance_m": 1808.7, "duration_min": 21.703333333333333, "notes": "Segmento generato automaticamente con ORS tra due tappe consecutive." }, "geometry": { "type": "Point", "coordinates": [ 7.6816321, 45.0735306 ] } },
{ "type": "Feature", "properties": { "full_id": "n1262208315", "osm_id": "1262208315", "name": "San Domenico", "service_type": "transport", "service_subtype": "bus_stop", "route_id": "contemporaneo_centro_mole", "route_title": "Arte Contemporanea tra Centro e Mole", "segment_id": "contemporaneo_centro_mole_03", "segment_index": 3, "from_artwork_id": "toro-muro", "to_artwork_id": "l-eco", "from_title": "T'ORO - Il Toro che esce dal muro", "to_title": "Eco", "profile": "foot-walking", "distance_m": 1808.7, "duration_min": 21.703333333333333, "notes": "Segmento generato automaticamente con ORS tra due tappe consecutive." }, "geometry": { "type": "Point", "coordinates": [ 7.677075, 45.0762087 ] } },
{ "type": "Feature", "properties": { "full_id": "n1262208323", "osm_id": "1262208323", "name": "Po", "service_type": "transport", "service_subtype": "bus_stop", "route_id": "contemporaneo_centro_mole", "route_title": "Arte Contemporanea tra Centro e Mole", "segment_id": "contemporaneo_centro_mole_03", "segment_index": 3, "from_artwork_id": "toro-muro", "to_artwork_id": "l-eco", "from_title": "T'ORO - Il Toro che esce dal muro", "to_title": "Eco", "profile": "foot-walking", "distance_m": 1808.7, "duration_min": 21.703333333333333, "notes": "Segmento generato automaticamente con ORS tra due tappe consecutive." }, "geometry": { "type": "Point", "coordinates": [ 7.6898794, 45.0675793 ] } },
{ "type": "Feature", "properties": { "full_id": "n1262209581", "osm_id": "1262209581", "name": "Bertola Capolinea", "service_type": "transport", "service_subtype": "bus_stop", "route_id": "contemporaneo_centro_mole", "route_title": "Arte Contemporanea tra Centro e Mole", "segment_id": "contemporaneo_centro_mole_03", "segment_index": 3, "from_artwork_id": "toro-muro", "to_artwork_id": "l-eco", "from_title": "T'ORO - Il Toro che esce dal muro", "to_title": "Eco", "profile": "foot-walking", "distance_m": 1808.7, "duration_min": 21.703333333333333, "notes": "Segmento generato automaticamente con ORS tra due tappe consecutive." }, "geometry": { "type": "Point", "coordinates": [ 7.6816003, 45.069892 ] } },
{ "type": "Feature", "properties": { "full_id": "n1262209930", "osm_id": "1262209930", "name": "Rossini", "service_type": "transport", "service_subtype": "bus_stop", "route_id": "contemporaneo_centro_mole", "route_title": "Arte Contemporanea tra Centro e Mole", "segment_id": "contemporaneo_centro_mole_03", "segment_index": 3, "from_artwork_id": "toro-muro", "to_artwork_id": "l-eco", "from_title": "T'ORO - Il Toro che esce dal muro", "to_title": "Eco", "profile": "foot-walking", "distance_m": 1808.7, "duration_min": 21.703333333333333, "notes": "Segmento generato automaticamente con ORS tra due tappe consecutive." }, "geometry": { "type": "Point", "coordinates": [ 7.6904328, 45.06804 ] } },
{ "type": "Feature", "properties": { "full_id": "n1262212066", "osm_id": "1262212066", "name": "Giulio", "service_type": "transport", "service_subtype": "bus_stop", "route_id": "contemporaneo_centro_mole", "route_title": "Arte Contemporanea tra Centro e Mole", "segment_id": "contemporaneo_centro_mole_03", "segment_index": 3, "from_artwork_id": "toro-muro", "to_artwork_id": "l-eco", "from_title": "T'ORO - Il Toro che esce dal muro", "to_title": "Eco", "profile": "foot-walking", "distance_m": 1808.7, "duration_min": 21.703333333333333, "notes": "Segmento generato automaticamente con ORS tra due tappe consecutive." }, "geometry": { "type": "Point", "coordinates": [ 7.6784914, 45.0765341 ] } },
{ "type": "Feature", "properties": { "full_id": "n1262212401", "osm_id": "1262212401", "name": "Sant'Ottavio", "service_type": "transport", "service_subtype": "bus_stop", "route_id": "contemporaneo_centro_mole", "route_title": "Arte Contemporanea tra Centro e Mole", "segment_id": "contemporaneo_centro_mole_03", "segment_index": 3, "from_artwork_id": "toro-muro", "to_artwork_id": "l-eco", "from_title": "T'ORO - Il Toro che esce dal muro", "to_title": "Eco", "profile": "foot-walking", "distance_m": 1808.7, "duration_min": 21.703333333333333, "notes": "Segmento generato automaticamente con ORS tra due tappe consecutive." }, "geometry": { "type": "Point", "coordinates": [ 7.6933562, 45.0671405 ] } },
{ "type": "Feature", "properties": { "full_id": "n1491228854", "osm_id": "1491228854", "name": "Piazza Castello", "service_type": "transport", "service_subtype": "bus_stop", "route_id": "contemporaneo_centro_mole", "route_title": "Arte Contemporanea tra Centro e Mole", "segment_id": "contemporaneo_centro_mole_03", "segment_index": 3, "from_artwork_id": "toro-muro", "to_artwork_id": "l-eco", "from_title": "T'ORO - Il Toro che esce dal muro", "to_title": "Eco", "profile": "foot-walking", "distance_m": 1808.7, "duration_min": 21.703333333333333, "notes": "Segmento generato automaticamente con ORS tra due tappe consecutive." }, "geometry": { "type": "Point", "coordinates": [ 7.6865906, 45.0700846 ] } },
{ "type": "Feature", "properties": { "full_id": "n3350079082", "osm_id": "3350079082", "name": "Palazzo Nuovo", "service_type": "transport", "service_subtype": "bus_stop", "route_id": "contemporaneo_centro_mole", "route_title": "Arte Contemporanea tra Centro e Mole", "segment_id": "contemporaneo_centro_mole_03", "segment_index": 3, "from_artwork_id": "toro-muro", "to_artwork_id": "l-eco", "from_title": "T'ORO - Il Toro che esce dal muro", "to_title": "Eco", "profile": "foot-walking", "distance_m": 1808.7, "duration_min": 21.703333333333333, "notes": "Segmento generato automaticamente con ORS tra due tappe consecutive." }, "geometry": { "type": "Point", "coordinates": [ 7.6951426, 45.0691989 ] } },
{ "type": "Feature", "properties": { "full_id": "n6851570620", "osm_id": "6851570620", "name": "Verdi", "service_type": "transport", "service_subtype": "bus_stop", "route_id": "contemporaneo_centro_mole", "route_title": "Arte Contemporanea tra Centro e Mole", "segment_id": "contemporaneo_centro_mole_03", "segment_index": 3, "from_artwork_id": "toro-muro", "to_artwork_id": "l-eco", "from_title": "T'ORO - Il Toro che esce dal muro", "to_title": "Eco", "profile": "foot-walking", "distance_m": 1808.7, "duration_min": 21.703333333333333, "notes": "Segmento generato automaticamente con ORS tra due tappe consecutive." }, "geometry": { "type": "Point", "coordinates": [ 7.6906462, 45.0686482 ] } },
{ "type": "Feature", "properties": { "full_id": "n11657164483", "osm_id": "11657164483", "name": "Castello Est Capolinea", "service_type": "transport", "service_subtype": "bus_stop", "route_id": "contemporaneo_centro_mole", "route_title": "Arte Contemporanea tra Centro e Mole", "segment_id": "contemporaneo_centro_mole_03", "segment_index": 3, "from_artwork_id": "toro-muro", "to_artwork_id": "l-eco", "from_title": "T'ORO - Il Toro che esce dal muro", "to_title": "Eco", "profile": "foot-walking", "distance_m": 1808.7, "duration_min": 21.703333333333333, "notes": "Segmento generato automaticamente con ORS tra due tappe consecutive." }, "geometry": { "type": "Point", "coordinates": [ 7.6870212, 45.0708299 ] } },
{ "type": "Feature", "properties": { "full_id": "n11657164484", "osm_id": "11657164484", "name": "Castello Capolinea", "service_type": "transport", "service_subtype": "bus_stop", "route_id": "contemporaneo_centro_mole", "route_title": "Arte Contemporanea tra Centro e Mole", "segment_id": "contemporaneo_centro_mole_03", "segment_index": 3, "from_artwork_id": "toro-muro", "to_artwork_id": "l-eco", "from_title": "T'ORO - Il Toro che esce dal muro", "to_title": "Eco", "profile": "foot-walking", "distance_m": 1808.7, "duration_min": 21.703333333333333, "notes": "Segmento generato automaticamente con ORS tra due tappe consecutive." }, "geometry": { "type": "Point", "coordinates": [ 7.6868105, 45.0707193 ] } },
{ "type": "Feature", "properties": { "full_id": "n941491471", "osm_id": "941491471", "name": "Corte d'Appello", "service_type": "transport", "service_subtype": "tram_stop", "route_id": "contemporaneo_centro_mole", "route_title": "Arte Contemporanea tra Centro e Mole", "segment_id": "contemporaneo_centro_mole_03", "segment_index": 3, "from_artwork_id": "toro-muro", "to_artwork_id": "l-eco", "from_title": "T'ORO - Il Toro che esce dal muro", "to_title": "Eco", "profile": "foot-walking", "distance_m": 1808.7, "duration_min": 21.703333333333333, "notes": "Segmento generato automaticamente con ORS tra due tappe consecutive." }, "geometry": { "type": "Point", "coordinates": [ 7.6816175, 45.0737194 ] } },
{ "type": "Feature", "properties": { "full_id": "n941491545", "osm_id": "941491545", "name": "Bertola", "service_type": "transport", "service_subtype": "tram_stop", "route_id": "contemporaneo_centro_mole", "route_title": "Arte Contemporanea tra Centro e Mole", "segment_id": "contemporaneo_centro_mole_03", "segment_index": 3, "from_artwork_id": "toro-muro", "to_artwork_id": "l-eco", "from_title": "T'ORO - Il Toro che esce dal muro", "to_title": "Eco", "profile": "foot-walking", "distance_m": 1808.7, "duration_min": 21.703333333333333, "notes": "Segmento generato automaticamente con ORS tra due tappe consecutive." }, "geometry": { "type": "Point", "coordinates": [ 7.6821508, 45.0694161 ] } },
{ "type": "Feature", "properties": { "full_id": "n941491939", "osm_id": "941491939", "name": "Monte di Pietà", "service_type": "transport", "service_subtype": "tram_stop", "route_id": "contemporaneo_centro_mole", "route_title": "Arte Contemporanea tra Centro e Mole", "segment_id": "contemporaneo_centro_mole_03", "segment_index": 3, "from_artwork_id": "toro-muro", "to_artwork_id": "l-eco", "from_title": "T'ORO - Il Toro che esce dal muro", "to_title": "Eco", "profile": "foot-walking", "distance_m": 1808.7, "duration_min": 21.703333333333333, "notes": "Segmento generato automaticamente con ORS tra due tappe consecutive." }, "geometry": { "type": "Point", "coordinates": [ 7.6799862, 45.0714322 ] } },
{ "type": "Feature", "properties": { "full_id": "n943330768", "osm_id": "943330768", "name": "Castello", "service_type": "transport", "service_subtype": "tram_stop", "route_id": "contemporaneo_centro_mole", "route_title": "Arte Contemporanea tra Centro e Mole", "segment_id": "contemporaneo_centro_mole_03", "segment_index": 3, "from_artwork_id": "toro-muro", "to_artwork_id": "l-eco", "from_title": "T'ORO - Il Toro che esce dal muro", "to_title": "Eco", "profile": "foot-walking", "distance_m": 1808.7, "duration_min": 21.703333333333333, "notes": "Segmento generato automaticamente con ORS tra due tappe consecutive." }, "geometry": { "type": "Point", "coordinates": [ 7.6853867, 45.0704138 ] } },
{ "type": "Feature", "properties": { "full_id": "n943330769", "osm_id": "943330769", "name": "Sant'Ottavio", "service_type": "transport", "service_subtype": "tram_stop", "route_id": "contemporaneo_centro_mole", "route_title": "Arte Contemporanea tra Centro e Mole", "segment_id": "contemporaneo_centro_mole_03", "segment_index": 3, "from_artwork_id": "toro-muro", "to_artwork_id": "l-eco", "from_title": "T'ORO - Il Toro che esce dal muro", "to_title": "Eco", "profile": "foot-walking", "distance_m": 1808.7, "duration_min": 21.703333333333333, "notes": "Segmento generato automaticamente con ORS tra due tappe consecutive." }, "geometry": { "type": "Point", "coordinates": [ 7.6928312, 45.0664902 ] } },
{ "type": "Feature", "properties": { "full_id": "n1167320980", "osm_id": "1167320980", "name": "Garibaldi", "service_type": "transport", "service_subtype": "tram_stop", "route_id": "contemporaneo_centro_mole", "route_title": "Arte Contemporanea tra Centro e Mole", "segment_id": "contemporaneo_centro_mole_03", "segment_index": 3, "from_artwork_id": "toro-muro", "to_artwork_id": "l-eco", "from_title": "T'ORO - Il Toro che esce dal muro", "to_title": "Eco", "profile": "foot-walking", "distance_m": 1808.7, "duration_min": 21.703333333333333, "notes": "Segmento generato automaticamente con ORS tra due tappe consecutive." }, "geometry": { "type": "Point", "coordinates": [ 7.6837141, 45.0718796 ] } },
{ "type": "Feature", "properties": { "full_id": "n1168270504", "osm_id": "1168270504", "name": "Palazzo Nuovo", "service_type": "transport", "service_subtype": "tram_stop", "route_id": "contemporaneo_centro_mole", "route_title": "Arte Contemporanea tra Centro e Mole", "segment_id": "contemporaneo_centro_mole_03", "segment_index": 3, "from_artwork_id": "toro-muro", "to_artwork_id": "l-eco", "from_title": "T'ORO - Il Toro che esce dal muro", "to_title": "Eco", "profile": "foot-walking", "distance_m": 1808.7, "duration_min": 21.703333333333333, "notes": "Segmento generato automaticamente con ORS tra due tappe consecutive." }, "geometry": { "type": "Point", "coordinates": [ 7.6951914, 45.0692277 ] } },
{ "type": "Feature", "properties": { "full_id": "n1168270599", "osm_id": "1168270599", "name": "Palazzo Nuovo", "service_type": "transport", "service_subtype": "tram_stop", "route_id": "contemporaneo_centro_mole", "route_title": "Arte Contemporanea tra Centro e Mole", "segment_id": "contemporaneo_centro_mole_03", "segment_index": 3, "from_artwork_id": "toro-muro", "to_artwork_id": "l-eco", "from_title": "T'ORO - Il Toro che esce dal muro", "to_title": "Eco", "profile": "foot-walking", "distance_m": 1808.7, "duration_min": 21.703333333333333, "notes": "Segmento generato automaticamente con ORS tra due tappe consecutive." }, "geometry": { "type": "Point", "coordinates": [ 7.6955087, 45.068843 ] } },
{ "type": "Feature", "properties": { "full_id": "n1229263851", "osm_id": "1229263851", "name": "Castello Capolinea", "service_type": "transport", "service_subtype": "tram_stop", "route_id": "contemporaneo_centro_mole", "route_title": "Arte Contemporanea tra Centro e Mole", "segment_id": "contemporaneo_centro_mole_03", "segment_index": 3, "from_artwork_id": "toro-muro", "to_artwork_id": "l-eco", "from_title": "T'ORO - Il Toro che esce dal muro", "to_title": "Eco", "profile": "foot-walking", "distance_m": 1808.7, "duration_min": 21.703333333333333, "notes": "Segmento generato automaticamente con ORS tra due tappe consecutive." }, "geometry": { "type": "Point", "coordinates": [ 7.6868499, 45.0707242 ] } },
{ "type": "Feature", "properties": { "full_id": "n1229264040", "osm_id": "1229264040", "name": "Po", "service_type": "transport", "service_subtype": "tram_stop", "route_id": "contemporaneo_centro_mole", "route_title": "Arte Contemporanea tra Centro e Mole", "segment_id": "contemporaneo_centro_mole_03", "segment_index": 3, "from_artwork_id": "toro-muro", "to_artwork_id": "l-eco", "from_title": "T'ORO - Il Toro che esce dal muro", "to_title": "Eco", "profile": "foot-walking", "distance_m": 1808.7, "duration_min": 21.703333333333333, "notes": "Segmento generato automaticamente con ORS tra due tappe consecutive." }, "geometry": { "type": "Point", "coordinates": [ 7.6898548, 45.0675814 ] } },
{ "type": "Feature", "properties": { "full_id": "n1370347434", "osm_id": "1370347434", "name": "Castello", "service_type": "transport", "service_subtype": "tram_stop", "route_id": "contemporaneo_centro_mole", "route_title": "Arte Contemporanea tra Centro e Mole", "segment_id": "contemporaneo_centro_mole_03", "segment_index": 3, "from_artwork_id": "toro-muro", "to_artwork_id": "l-eco", "from_title": "T'ORO - Il Toro che esce dal muro", "to_title": "Eco", "profile": "foot-walking", "distance_m": 1808.7, "duration_min": 21.703333333333333, "notes": "Segmento generato automaticamente con ORS tra due tappe consecutive." }, "geometry": { "type": "Point", "coordinates": [ 7.6849195, 45.0706137 ] } },
{ "type": "Feature", "properties": { "full_id": "n1370347438", "osm_id": "1370347438", "name": "Castello Est Capolinea", "service_type": "transport", "service_subtype": "tram_stop", "route_id": "contemporaneo_centro_mole", "route_title": "Arte Contemporanea tra Centro e Mole", "segment_id": "contemporaneo_centro_mole_03", "segment_index": 3, "from_artwork_id": "toro-muro", "to_artwork_id": "l-eco", "from_title": "T'ORO - Il Toro che esce dal muro", "to_title": "Eco", "profile": "foot-walking", "distance_m": 1808.7, "duration_min": 21.703333333333333, "notes": "Segmento generato automaticamente con ORS tra due tappe consecutive." }, "geometry": { "type": "Point", "coordinates": [ 7.6869898, 45.0708538 ] } },
{ "type": "Feature", "properties": { "full_id": "n1624209624", "osm_id": "1624209624", "name": "Bertola", "service_type": "transport", "service_subtype": "tram_stop", "route_id": "contemporaneo_centro_mole", "route_title": "Arte Contemporanea tra Centro e Mole", "segment_id": "contemporaneo_centro_mole_03", "segment_index": 3, "from_artwork_id": "toro-muro", "to_artwork_id": "l-eco", "from_title": "T'ORO - Il Toro che esce dal muro", "to_title": "Eco", "profile": "foot-walking", "distance_m": 1808.7, "duration_min": 21.703333333333333, "notes": "Segmento generato automaticamente con ORS tra due tappe consecutive." }, "geometry": { "type": "Point", "coordinates": [ 7.6813947, 45.0705563 ] } },
{ "type": "Feature", "properties": { "full_id": "n12616325336", "osm_id": "12616325336", "name": "Rossini", "service_type": "transport", "service_subtype": "tram_stop", "route_id": "contemporaneo_centro_mole", "route_title": "Arte Contemporanea tra Centro e Mole", "segment_id": "contemporaneo_centro_mole_03", "segment_index": 3, "from_artwork_id": "toro-muro", "to_artwork_id": "l-eco", "from_title": "T'ORO - Il Toro che esce dal muro", "to_title": "Eco", "profile": "foot-walking", "distance_m": 1808.7, "duration_min": 21.703333333333333, "notes": "Segmento generato automaticamente con ORS tra due tappe consecutive." }, "geometry": { "type": "Point", "coordinates": [ 7.6904253, 45.068035699999989 ] } },
{ "type": "Feature", "properties": { "full_id": "n12715581035", "osm_id": "12715581035", "name": "Sant'Ottavio", "service_type": "transport", "service_subtype": "tram_stop", "route_id": "contemporaneo_centro_mole", "route_title": "Arte Contemporanea tra Centro e Mole", "segment_id": "contemporaneo_centro_mole_03", "segment_index": 3, "from_artwork_id": "toro-muro", "to_artwork_id": "l-eco", "from_title": "T'ORO - Il Toro che esce dal muro", "to_title": "Eco", "profile": "foot-walking", "distance_m": 1808.7, "duration_min": 21.703333333333333, "notes": "Segmento generato automaticamente con ORS tra due tappe consecutive." }, "geometry": { "type": "Point", "coordinates": [ 7.6924329, 45.066697899999987 ] } },
{ "type": "Feature", "properties": { "full_id": "n12715581050", "osm_id": "12715581050", "name": "Accademia Albertina", "service_type": "transport", "service_subtype": "tram_stop", "route_id": "contemporaneo_centro_mole", "route_title": "Arte Contemporanea tra Centro e Mole", "segment_id": "contemporaneo_centro_mole_03", "segment_index": 3, "from_artwork_id": "toro-muro", "to_artwork_id": "l-eco", "from_title": "T'ORO - Il Toro che esce dal muro", "to_title": "Eco", "profile": "foot-walking", "distance_m": 1808.7, "duration_min": 21.703333333333333, "notes": "Segmento generato automaticamente con ORS tra due tappe consecutive." }, "geometry": { "type": "Point", "coordinates": [ 7.690025, 45.0682602 ] } },
{ "type": "Feature", "properties": { "full_id": "n12978416484", "osm_id": "12978416484", "name": "Po", "service_type": "transport", "service_subtype": "tram_stop", "route_id": "contemporaneo_centro_mole", "route_title": "Arte Contemporanea tra Centro e Mole", "segment_id": "contemporaneo_centro_mole_03", "segment_index": 3, "from_artwork_id": "toro-muro", "to_artwork_id": "l-eco", "from_title": "T'ORO - Il Toro che esce dal muro", "to_title": "Eco", "profile": "foot-walking", "distance_m": 1808.7, "duration_min": 21.703333333333333, "notes": "Segmento generato automaticamente con ORS tra due tappe consecutive." }, "geometry": { "type": "Point", "coordinates": [ 7.690639, 45.068773099999987 ] } },
{ "type": "Feature", "properties": { "full_id": "n12978416485", "osm_id": "12978416485", "name": "Verdi", "service_type": "transport", "service_subtype": "tram_stop", "route_id": "contemporaneo_centro_mole", "route_title": "Arte Contemporanea tra Centro e Mole", "segment_id": "contemporaneo_centro_mole_03", "segment_index": 3, "from_artwork_id": "toro-muro", "to_artwork_id": "l-eco", "from_title": "T'ORO - Il Toro che esce dal muro", "to_title": "Eco", "profile": "foot-walking", "distance_m": 1808.7, "duration_min": 21.703333333333333, "notes": "Segmento generato automaticamente con ORS tra due tappe consecutive." }, "geometry": { "type": "Point", "coordinates": [ 7.6906203, 45.0686551 ] } },
{ "type": "Feature", "properties": { "full_id": "n3113567232", "osm_id": "3113567232", "name": "Gilda", "service_type": "food_drink", "service_subtype": "bar", "route_id": "contemporaneo_centro_mole", "route_title": "Arte Contemporanea tra Centro e Mole", "segment_id": "contemporaneo_centro_mole_04", "segment_index": 4, "from_artwork_id": "l-eco", "to_artwork_id": "mole-antonelliana", "from_title": "Eco", "to_title": "Mole Antonelliana", "profile": "foot-walking", "distance_m": 193.9, "duration_min": 2.3266666666666667, "notes": "Segmento generato automaticamente con ORS tra due tappe consecutive." }, "geometry": { "type": "Point", "coordinates": [ 7.6915673, 45.0674581 ] } },
{ "type": "Feature", "properties": { "full_id": "n5771060672", "osm_id": "5771060672", "name": "Gelateria delle Alpi", "service_type": "food_drink", "service_subtype": "bar", "route_id": "contemporaneo_centro_mole", "route_title": "Arte Contemporanea tra Centro e Mole", "segment_id": "contemporaneo_centro_mole_04", "segment_index": 4, "from_artwork_id": "l-eco", "to_artwork_id": "mole-antonelliana", "from_title": "Eco", "to_title": "Mole Antonelliana", "profile": "foot-walking", "distance_m": 193.9, "duration_min": 2.3266666666666667, "notes": "Segmento generato automaticamente con ORS tra due tappe consecutive." }, "geometry": { "type": "Point", "coordinates": [ 7.6898852, 45.068177799999987 ] } },
{ "type": "Feature", "properties": { "full_id": "n13260026640", "osm_id": "13260026640", "name": "I Frighi Cocktail Bat", "service_type": "food_drink", "service_subtype": "bar", "route_id": "contemporaneo_centro_mole", "route_title": "Arte Contemporanea tra Centro e Mole", "segment_id": "contemporaneo_centro_mole_04", "segment_index": 4, "from_artwork_id": "l-eco", "to_artwork_id": "mole-antonelliana", "from_title": "Eco", "to_title": "Mole Antonelliana", "profile": "foot-walking", "distance_m": 193.9, "duration_min": 2.3266666666666667, "notes": "Segmento generato automaticamente con ORS tra due tappe consecutive." }, "geometry": { "type": "Point", "coordinates": [ 7.695492, 45.0672797 ] } },
{ "type": "Feature", "properties": { "full_id": "n13839721501", "osm_id": "13839721501", "name": "The Place", "service_type": "food_drink", "service_subtype": "bar", "route_id": "contemporaneo_centro_mole", "route_title": "Arte Contemporanea tra Centro e Mole", "segment_id": "contemporaneo_centro_mole_04", "segment_index": 4, "from_artwork_id": "l-eco", "to_artwork_id": "mole-antonelliana", "from_title": "Eco", "to_title": "Mole Antonelliana", "profile": "foot-walking", "distance_m": 193.9, "duration_min": 2.3266666666666667, "notes": "Segmento generato automaticamente con ORS tra due tappe consecutive." }, "geometry": { "type": "Point", "coordinates": [ 7.6940484, 45.0678376 ] } },
{ "type": "Feature", "properties": { "full_id": "n3051585734", "osm_id": "3051585734", "name": "Al Montebello", "service_type": "food_drink", "service_subtype": "cafe", "route_id": "contemporaneo_centro_mole", "route_title": "Arte Contemporanea tra Centro e Mole", "segment_id": "contemporaneo_centro_mole_04", "segment_index": 4, "from_artwork_id": "l-eco", "to_artwork_id": "mole-antonelliana", "from_title": "Eco", "to_title": "Mole Antonelliana", "profile": "foot-walking", "distance_m": 193.9, "duration_min": 2.3266666666666667, "notes": "Segmento generato automaticamente con ORS tra due tappe consecutive." }, "geometry": { "type": "Point", "coordinates": [ 7.6927817, 45.0691241 ] } },
{ "type": "Feature", "properties": { "full_id": "n5028810721", "osm_id": "5028810721", "name": "PastHouse", "service_type": "food_drink", "service_subtype": "cafe", "route_id": "contemporaneo_centro_mole", "route_title": "Arte Contemporanea tra Centro e Mole", "segment_id": "contemporaneo_centro_mole_04", "segment_index": 4, "from_artwork_id": "l-eco", "to_artwork_id": "mole-antonelliana", "from_title": "Eco", "to_title": "Mole Antonelliana", "profile": "foot-walking", "distance_m": 193.9, "duration_min": 2.3266666666666667, "notes": "Segmento generato automaticamente con ORS tra due tappe consecutive." }, "geometry": { "type": "Point", "coordinates": [ 7.6928555, 45.0692324 ] } },
{ "type": "Feature", "properties": { "full_id": "n5117627174", "osm_id": "5117627174", "name": "Caffeteria Po", "service_type": "food_drink", "service_subtype": "cafe", "route_id": "contemporaneo_centro_mole", "route_title": "Arte Contemporanea tra Centro e Mole", "segment_id": "contemporaneo_centro_mole_04", "segment_index": 4, "from_artwork_id": "l-eco", "to_artwork_id": "mole-antonelliana", "from_title": "Eco", "to_title": "Mole Antonelliana", "profile": "foot-walking", "distance_m": 193.9, "duration_min": 2.3266666666666667, "notes": "Segmento generato automaticamente con ORS tra due tappe consecutive." }, "geometry": { "type": "Point", "coordinates": [ 7.6901765, 45.0683736 ] } },
{ "type": "Feature", "properties": { "full_id": "n5152012366", "osm_id": "5152012366", "name": "Efeso Bistrot Café", "service_type": "food_drink", "service_subtype": "cafe", "route_id": "contemporaneo_centro_mole", "route_title": "Arte Contemporanea tra Centro e Mole", "segment_id": "contemporaneo_centro_mole_04", "segment_index": 4, "from_artwork_id": "l-eco", "to_artwork_id": "mole-antonelliana", "from_title": "Eco", "to_title": "Mole Antonelliana", "profile": "foot-walking", "distance_m": 193.9, "duration_min": 2.3266666666666667, "notes": "Segmento generato automaticamente con ORS tra due tappe consecutive." }, "geometry": { "type": "Point", "coordinates": [ 7.692694, 45.0681383 ] } },
{ "type": "Feature", "properties": { "full_id": "n5941324679", "osm_id": "5941324679", "name": "Se Puede", "service_type": "food_drink", "service_subtype": "cafe", "route_id": "contemporaneo_centro_mole", "route_title": "Arte Contemporanea tra Centro e Mole", "segment_id": "contemporaneo_centro_mole_04", "segment_index": 4, "from_artwork_id": "l-eco", "to_artwork_id": "mole-antonelliana", "from_title": "Eco", "to_title": "Mole Antonelliana", "profile": "foot-walking", "distance_m": 193.9, "duration_min": 2.3266666666666667, "notes": "Segmento generato automaticamente con ORS tra due tappe consecutive." }, "geometry": { "type": "Point", "coordinates": [ 7.6934361, 45.0680907 ] } },
{ "type": "Feature", "properties": { "full_id": "n5941325199", "osm_id": "5941325199", "name": "Caffè Verdi", "service_type": "food_drink", "service_subtype": "cafe", "route_id": "contemporaneo_centro_mole", "route_title": "Arte Contemporanea tra Centro e Mole", "segment_id": "contemporaneo_centro_mole_04", "segment_index": 4, "from_artwork_id": "l-eco", "to_artwork_id": "mole-antonelliana", "from_title": "Eco", "to_title": "Mole Antonelliana", "profile": "foot-walking", "distance_m": 193.9, "duration_min": 2.3266666666666667, "notes": "Segmento generato automaticamente con ORS tra due tappe consecutive." }, "geometry": { "type": "Point", "coordinates": [ 7.6951498, 45.067449199999984 ] } },
{ "type": "Feature", "properties": { "full_id": "n5941325215", "osm_id": "5941325215", "name": "Espresseria Della ribalta", "service_type": "food_drink", "service_subtype": "cafe", "route_id": "contemporaneo_centro_mole", "route_title": "Arte Contemporanea tra Centro e Mole", "segment_id": "contemporaneo_centro_mole_04", "segment_index": 4, "from_artwork_id": "l-eco", "to_artwork_id": "mole-antonelliana", "from_title": "Eco", "to_title": "Mole Antonelliana", "profile": "foot-walking", "distance_m": 193.9, "duration_min": 2.3266666666666667, "notes": "Segmento generato automaticamente con ORS tra due tappe consecutive." }, "geometry": { "type": "Point", "coordinates": [ 7.691162, 45.069325 ] } },
{ "type": "Feature", "properties": { "full_id": "n5941325221", "osm_id": "5941325221", "name": "Caffè Nuovo Nazionale", "service_type": "food_drink", "service_subtype": "cafe", "route_id": "contemporaneo_centro_mole", "route_title": "Arte Contemporanea tra Centro e Mole", "segment_id": "contemporaneo_centro_mole_04", "segment_index": 4, "from_artwork_id": "l-eco", "to_artwork_id": "mole-antonelliana", "from_title": "Eco", "to_title": "Mole Antonelliana", "profile": "foot-walking", "distance_m": 193.9, "duration_min": 2.3266666666666667, "notes": "Segmento generato automaticamente con ORS tra due tappe consecutive." }, "geometry": { "type": "Point", "coordinates": [ 7.6902359, 45.0679791 ] } },
{ "type": "Feature", "properties": { "full_id": "n3113566837", "osm_id": "3113566837", "name": "La Romana", "service_type": "food_drink", "service_subtype": "ice_cream", "route_id": "contemporaneo_centro_mole", "route_title": "Arte Contemporanea tra Centro e Mole", "segment_id": "contemporaneo_centro_mole_04", "segment_index": 4, "from_artwork_id": "l-eco", "to_artwork_id": "mole-antonelliana", "from_title": "Eco", "to_title": "Mole Antonelliana", "profile": "foot-walking", "distance_m": 193.9, "duration_min": 2.3266666666666667, "notes": "Segmento generato automaticamente con ORS tra due tappe consecutive." }, "geometry": { "type": "Point", "coordinates": [ 7.6929763, 45.069378 ] } },
{ "type": "Feature", "properties": { "full_id": "n5117626900", "osm_id": "5117626900", "name": "Alberto Marchetti", "service_type": "food_drink", "service_subtype": "ice_cream", "route_id": "contemporaneo_centro_mole", "route_title": "Arte Contemporanea tra Centro e Mole", "segment_id": "contemporaneo_centro_mole_04", "segment_index": 4, "from_artwork_id": "l-eco", "to_artwork_id": "mole-antonelliana", "from_title": "Eco", "to_title": "Mole Antonelliana", "profile": "foot-walking", "distance_m": 193.9, "duration_min": 2.3266666666666667, "notes": "Segmento generato automaticamente con ORS tra due tappe consecutive." }, "geometry": { "type": "Point", "coordinates": [ 7.6910174, 45.067828 ] } },
{ "type": "Feature", "properties": { "full_id": "n9762086186", "osm_id": "9762086186", "name": "CioccolatItaliani", "service_type": "food_drink", "service_subtype": "ice_cream", "route_id": "contemporaneo_centro_mole", "route_title": "Arte Contemporanea tra Centro e Mole", "segment_id": "contemporaneo_centro_mole_04", "segment_index": 4, "from_artwork_id": "l-eco", "to_artwork_id": "mole-antonelliana", "from_title": "Eco", "to_title": "Mole Antonelliana", "profile": "foot-walking", "distance_m": 193.9, "duration_min": 2.3266666666666667, "notes": "Segmento generato automaticamente con ORS tra due tappe consecutive." }, "geometry": { "type": "Point", "coordinates": [ 7.6938082, 45.0675405 ] } },
{ "type": "Feature", "properties": { "full_id": "n11378257734", "osm_id": "11378257734", "name": "Via Trento - Gelato & Caffè", "service_type": "food_drink", "service_subtype": "ice_cream", "route_id": "contemporaneo_centro_mole", "route_title": "Arte Contemporanea tra Centro e Mole", "segment_id": "contemporaneo_centro_mole_04", "segment_index": 4, "from_artwork_id": "l-eco", "to_artwork_id": "mole-antonelliana", "from_title": "Eco", "to_title": "Mole Antonelliana", "profile": "foot-walking", "distance_m": 193.9, "duration_min": 2.3266666666666667, "notes": "Segmento generato automaticamente con ORS tra due tappe consecutive." }, "geometry": { "type": "Point", "coordinates": [ 7.6922045, 45.0666765 ] } },
{ "type": "Feature", "properties": { "full_id": "n13176516424", "osm_id": "13176516424", "name": "Crem Glasse", "service_type": "food_drink", "service_subtype": "ice_cream", "route_id": "contemporaneo_centro_mole", "route_title": "Arte Contemporanea tra Centro e Mole", "segment_id": "contemporaneo_centro_mole_04", "segment_index": 4, "from_artwork_id": "l-eco", "to_artwork_id": "mole-antonelliana", "from_title": "Eco", "to_title": "Mole Antonelliana", "profile": "foot-walking", "distance_m": 193.9, "duration_min": 2.3266666666666667, "notes": "Segmento generato automaticamente con ORS tra due tappe consecutive." }, "geometry": { "type": "Point", "coordinates": [ 7.6913531, 45.0672344 ] } },
{ "type": "Feature", "properties": { "full_id": "n1185414577", "osm_id": "1185414577", "name": "Po", "service_type": "transport", "service_subtype": "bus_stop", "route_id": "contemporaneo_centro_mole", "route_title": "Arte Contemporanea tra Centro e Mole", "segment_id": "contemporaneo_centro_mole_04", "segment_index": 4, "from_artwork_id": "l-eco", "to_artwork_id": "mole-antonelliana", "from_title": "Eco", "to_title": "Mole Antonelliana", "profile": "foot-walking", "distance_m": 193.9, "duration_min": 2.3266666666666667, "notes": "Segmento generato automaticamente con ORS tra due tappe consecutive." }, "geometry": { "type": "Point", "coordinates": [ 7.6906121, 45.06876590000001 ] } },
{ "type": "Feature", "properties": { "full_id": "n1262196798", "osm_id": "1262196798", "name": "Ferrari", "service_type": "transport", "service_subtype": "bus_stop", "route_id": "contemporaneo_centro_mole", "route_title": "Arte Contemporanea tra Centro e Mole", "segment_id": "contemporaneo_centro_mole_04", "segment_index": 4, "from_artwork_id": "l-eco", "to_artwork_id": "mole-antonelliana", "from_title": "Eco", "to_title": "Mole Antonelliana", "profile": "foot-walking", "distance_m": 193.9, "duration_min": 2.3266666666666667, "notes": "Segmento generato automaticamente con ORS tra due tappe consecutive." }, "geometry": { "type": "Point", "coordinates": [ 7.6946995, 45.0689542 ] } },
{ "type": "Feature", "properties": { "full_id": "n1262196900", "osm_id": "1262196900", "name": "Montebello", "service_type": "transport", "service_subtype": "bus_stop", "route_id": "contemporaneo_centro_mole", "route_title": "Arte Contemporanea tra Centro e Mole", "segment_id": "contemporaneo_centro_mole_04", "segment_index": 4, "from_artwork_id": "l-eco", "to_artwork_id": "mole-antonelliana", "from_title": "Eco", "to_title": "Mole Antonelliana", "profile": "foot-walking", "distance_m": 193.9, "duration_min": 2.3266666666666667, "notes": "Segmento generato automaticamente con ORS tra due tappe consecutive." }, "geometry": { "type": "Point", "coordinates": [ 7.692925, 45.0695208 ] } },
{ "type": "Feature", "properties": { "full_id": "n1262198026", "osm_id": "1262198026", "name": "Accademia Albertina", "service_type": "transport", "service_subtype": "bus_stop", "route_id": "contemporaneo_centro_mole", "route_title": "Arte Contemporanea tra Centro e Mole", "segment_id": "contemporaneo_centro_mole_04", "segment_index": 4, "from_artwork_id": "l-eco", "to_artwork_id": "mole-antonelliana", "from_title": "Eco", "to_title": "Mole Antonelliana", "profile": "foot-walking", "distance_m": 193.9, "duration_min": 2.3266666666666667, "notes": "Segmento generato automaticamente con ORS tra due tappe consecutive." }, "geometry": { "type": "Point", "coordinates": [ 7.6900316, 45.068243 ] } },
{ "type": "Feature", "properties": { "full_id": "n1262199075", "osm_id": "1262199075", "name": "Sant'Ottavio", "service_type": "transport", "service_subtype": "bus_stop", "route_id": "contemporaneo_centro_mole", "route_title": "Arte Contemporanea tra Centro e Mole", "segment_id": "contemporaneo_centro_mole_04", "segment_index": 4, "from_artwork_id": "l-eco", "to_artwork_id": "mole-antonelliana", "from_title": "Eco", "to_title": "Mole Antonelliana", "profile": "foot-walking", "distance_m": 193.9, "duration_min": 2.3266666666666667, "notes": "Segmento generato automaticamente con ORS tra due tappe consecutive." }, "geometry": { "type": "Point", "coordinates": [ 7.6928551, 45.0665106 ] } },
{ "type": "Feature", "properties": { "full_id": "n1262200213", "osm_id": "1262200213", "name": "Sant'Ottavio", "service_type": "transport", "service_subtype": "bus_stop", "route_id": "contemporaneo_centro_mole", "route_title": "Arte Contemporanea tra Centro e Mole", "segment_id": "contemporaneo_centro_mole_04", "segment_index": 4, "from_artwork_id": "l-eco", "to_artwork_id": "mole-antonelliana", "from_title": "Eco", "to_title": "Mole Antonelliana", "profile": "foot-walking", "distance_m": 193.9, "duration_min": 2.3266666666666667, "notes": "Segmento generato automaticamente con ORS tra due tappe consecutive." }, "geometry": { "type": "Point", "coordinates": [ 7.69243, 45.0666807 ] } },
{ "type": "Feature", "properties": { "full_id": "n1262203030", "osm_id": "1262203030", "name": "Sant'Ottavio", "service_type": "transport", "service_subtype": "bus_stop", "route_id": "contemporaneo_centro_mole", "route_title": "Arte Contemporanea tra Centro e Mole", "segment_id": "contemporaneo_centro_mole_04", "segment_index": 4, "from_artwork_id": "l-eco", "to_artwork_id": "mole-antonelliana", "from_title": "Eco", "to_title": "Mole Antonelliana", "profile": "foot-walking", "distance_m": 193.9, "duration_min": 2.3266666666666667, "notes": "Segmento generato automaticamente con ORS tra due tappe consecutive." }, "geometry": { "type": "Point", "coordinates": [ 7.69313, 45.0671 ] } },
{ "type": "Feature", "properties": { "full_id": "n1262204404", "osm_id": "1262204404", "name": "Palazzo Nuovo", "service_type": "transport", "service_subtype": "bus_stop", "route_id": "contemporaneo_centro_mole", "route_title": "Arte Contemporanea tra Centro e Mole", "segment_id": "contemporaneo_centro_mole_04", "segment_index": 4, "from_artwork_id": "l-eco", "to_artwork_id": "mole-antonelliana", "from_title": "Eco", "to_title": "Mole Antonelliana", "profile": "foot-walking", "distance_m": 193.9, "duration_min": 2.3266666666666667, "notes": "Segmento generato automaticamente con ORS tra due tappe consecutive." }, "geometry": { "type": "Point", "coordinates": [ 7.6953675, 45.0688106 ] } },
{ "type": "Feature", "properties": { "full_id": "n1262209112", "osm_id": "1262209112", "name": "Mole Antonelliana", "service_type": "transport", "service_subtype": "bus_stop", "route_id": "contemporaneo_centro_mole", "route_title": "Arte Contemporanea tra Centro e Mole", "segment_id": "contemporaneo_centro_mole_04", "segment_index": 4, "from_artwork_id": "l-eco", "to_artwork_id": "mole-antonelliana", "from_title": "Eco", "to_title": "Mole Antonelliana", "profile": "foot-walking", "distance_m": 193.9, "duration_min": 2.3266666666666667, "notes": "Segmento generato automaticamente con ORS tra due tappe consecutive." }, "geometry": { "type": "Point", "coordinates": [ 7.693693, 45.0705047 ] } },
{ "type": "Feature", "properties": { "full_id": "n1262209930", "osm_id": "1262209930", "name": "Rossini", "service_type": "transport", "service_subtype": "bus_stop", "route_id": "contemporaneo_centro_mole", "route_title": "Arte Contemporanea tra Centro e Mole", "segment_id": "contemporaneo_centro_mole_04", "segment_index": 4, "from_artwork_id": "l-eco", "to_artwork_id": "mole-antonelliana", "from_title": "Eco", "to_title": "Mole Antonelliana", "profile": "foot-walking", "distance_m": 193.9, "duration_min": 2.3266666666666667, "notes": "Segmento generato automaticamente con ORS tra due tappe consecutive." }, "geometry": { "type": "Point", "coordinates": [ 7.6904328, 45.06804 ] } },
{ "type": "Feature", "properties": { "full_id": "n1262212401", "osm_id": "1262212401", "name": "Sant'Ottavio", "service_type": "transport", "service_subtype": "bus_stop", "route_id": "contemporaneo_centro_mole", "route_title": "Arte Contemporanea tra Centro e Mole", "segment_id": "contemporaneo_centro_mole_04", "segment_index": 4, "from_artwork_id": "l-eco", "to_artwork_id": "mole-antonelliana", "from_title": "Eco", "to_title": "Mole Antonelliana", "profile": "foot-walking", "distance_m": 193.9, "duration_min": 2.3266666666666667, "notes": "Segmento generato automaticamente con ORS tra due tappe consecutive." }, "geometry": { "type": "Point", "coordinates": [ 7.6933562, 45.0671405 ] } },
{ "type": "Feature", "properties": { "full_id": "n3350079082", "osm_id": "3350079082", "name": "Palazzo Nuovo", "service_type": "transport", "service_subtype": "bus_stop", "route_id": "contemporaneo_centro_mole", "route_title": "Arte Contemporanea tra Centro e Mole", "segment_id": "contemporaneo_centro_mole_04", "segment_index": 4, "from_artwork_id": "l-eco", "to_artwork_id": "mole-antonelliana", "from_title": "Eco", "to_title": "Mole Antonelliana", "profile": "foot-walking", "distance_m": 193.9, "duration_min": 2.3266666666666667, "notes": "Segmento generato automaticamente con ORS tra due tappe consecutive." }, "geometry": { "type": "Point", "coordinates": [ 7.6951426, 45.0691989 ] } },
{ "type": "Feature", "properties": { "full_id": "n6851570620", "osm_id": "6851570620", "name": "Verdi", "service_type": "transport", "service_subtype": "bus_stop", "route_id": "contemporaneo_centro_mole", "route_title": "Arte Contemporanea tra Centro e Mole", "segment_id": "contemporaneo_centro_mole_04", "segment_index": 4, "from_artwork_id": "l-eco", "to_artwork_id": "mole-antonelliana", "from_title": "Eco", "to_title": "Mole Antonelliana", "profile": "foot-walking", "distance_m": 193.9, "duration_min": 2.3266666666666667, "notes": "Segmento generato automaticamente con ORS tra due tappe consecutive." }, "geometry": { "type": "Point", "coordinates": [ 7.6906462, 45.0686482 ] } },
{ "type": "Feature", "properties": { "full_id": "n943330769", "osm_id": "943330769", "name": "Sant'Ottavio", "service_type": "transport", "service_subtype": "tram_stop", "route_id": "contemporaneo_centro_mole", "route_title": "Arte Contemporanea tra Centro e Mole", "segment_id": "contemporaneo_centro_mole_04", "segment_index": 4, "from_artwork_id": "l-eco", "to_artwork_id": "mole-antonelliana", "from_title": "Eco", "to_title": "Mole Antonelliana", "profile": "foot-walking", "distance_m": 193.9, "duration_min": 2.3266666666666667, "notes": "Segmento generato automaticamente con ORS tra due tappe consecutive." }, "geometry": { "type": "Point", "coordinates": [ 7.6928312, 45.0664902 ] } },
{ "type": "Feature", "properties": { "full_id": "n1168270504", "osm_id": "1168270504", "name": "Palazzo Nuovo", "service_type": "transport", "service_subtype": "tram_stop", "route_id": "contemporaneo_centro_mole", "route_title": "Arte Contemporanea tra Centro e Mole", "segment_id": "contemporaneo_centro_mole_04", "segment_index": 4, "from_artwork_id": "l-eco", "to_artwork_id": "mole-antonelliana", "from_title": "Eco", "to_title": "Mole Antonelliana", "profile": "foot-walking", "distance_m": 193.9, "duration_min": 2.3266666666666667, "notes": "Segmento generato automaticamente con ORS tra due tappe consecutive." }, "geometry": { "type": "Point", "coordinates": [ 7.6951914, 45.0692277 ] } },
{ "type": "Feature", "properties": { "full_id": "n1168270599", "osm_id": "1168270599", "name": "Palazzo Nuovo", "service_type": "transport", "service_subtype": "tram_stop", "route_id": "contemporaneo_centro_mole", "route_title": "Arte Contemporanea tra Centro e Mole", "segment_id": "contemporaneo_centro_mole_04", "segment_index": 4, "from_artwork_id": "l-eco", "to_artwork_id": "mole-antonelliana", "from_title": "Eco", "to_title": "Mole Antonelliana", "profile": "foot-walking", "distance_m": 193.9, "duration_min": 2.3266666666666667, "notes": "Segmento generato automaticamente con ORS tra due tappe consecutive." }, "geometry": { "type": "Point", "coordinates": [ 7.6955087, 45.068843 ] } },
{ "type": "Feature", "properties": { "full_id": "n1230710263", "osm_id": "1230710263", "name": "Mole Antonelliana", "service_type": "transport", "service_subtype": "tram_stop", "route_id": "contemporaneo_centro_mole", "route_title": "Arte Contemporanea tra Centro e Mole", "segment_id": "contemporaneo_centro_mole_04", "segment_index": 4, "from_artwork_id": "l-eco", "to_artwork_id": "mole-antonelliana", "from_title": "Eco", "to_title": "Mole Antonelliana", "profile": "foot-walking", "distance_m": 193.9, "duration_min": 2.3266666666666667, "notes": "Segmento generato automaticamente con ORS tra due tappe consecutive." }, "geometry": { "type": "Point", "coordinates": [ 7.693809, 45.0705776 ] } },
{ "type": "Feature", "properties": { "full_id": "n12616325336", "osm_id": "12616325336", "name": "Rossini", "service_type": "transport", "service_subtype": "tram_stop", "route_id": "contemporaneo_centro_mole", "route_title": "Arte Contemporanea tra Centro e Mole", "segment_id": "contemporaneo_centro_mole_04", "segment_index": 4, "from_artwork_id": "l-eco", "to_artwork_id": "mole-antonelliana", "from_title": "Eco", "to_title": "Mole Antonelliana", "profile": "foot-walking", "distance_m": 193.9, "duration_min": 2.3266666666666667, "notes": "Segmento generato automaticamente con ORS tra due tappe consecutive." }, "geometry": { "type": "Point", "coordinates": [ 7.6904253, 45.068035699999989 ] } },
{ "type": "Feature", "properties": { "full_id": "n12715581035", "osm_id": "12715581035", "name": "Sant'Ottavio", "service_type": "transport", "service_subtype": "tram_stop", "route_id": "contemporaneo_centro_mole", "route_title": "Arte Contemporanea tra Centro e Mole", "segment_id": "contemporaneo_centro_mole_04", "segment_index": 4, "from_artwork_id": "l-eco", "to_artwork_id": "mole-antonelliana", "from_title": "Eco", "to_title": "Mole Antonelliana", "profile": "foot-walking", "distance_m": 193.9, "duration_min": 2.3266666666666667, "notes": "Segmento generato automaticamente con ORS tra due tappe consecutive." }, "geometry": { "type": "Point", "coordinates": [ 7.6924329, 45.066697899999987 ] } },
{ "type": "Feature", "properties": { "full_id": "n12715581050", "osm_id": "12715581050", "name": "Accademia Albertina", "service_type": "transport", "service_subtype": "tram_stop", "route_id": "contemporaneo_centro_mole", "route_title": "Arte Contemporanea tra Centro e Mole", "segment_id": "contemporaneo_centro_mole_04", "segment_index": 4, "from_artwork_id": "l-eco", "to_artwork_id": "mole-antonelliana", "from_title": "Eco", "to_title": "Mole Antonelliana", "profile": "foot-walking", "distance_m": 193.9, "duration_min": 2.3266666666666667, "notes": "Segmento generato automaticamente con ORS tra due tappe consecutive." }, "geometry": { "type": "Point", "coordinates": [ 7.690025, 45.0682602 ] } },
{ "type": "Feature", "properties": { "full_id": "n12978416484", "osm_id": "12978416484", "name": "Po", "service_type": "transport", "service_subtype": "tram_stop", "route_id": "contemporaneo_centro_mole", "route_title": "Arte Contemporanea tra Centro e Mole", "segment_id": "contemporaneo_centro_mole_04", "segment_index": 4, "from_artwork_id": "l-eco", "to_artwork_id": "mole-antonelliana", "from_title": "Eco", "to_title": "Mole Antonelliana", "profile": "foot-walking", "distance_m": 193.9, "duration_min": 2.3266666666666667, "notes": "Segmento generato automaticamente con ORS tra due tappe consecutive." }, "geometry": { "type": "Point", "coordinates": [ 7.690639, 45.068773099999987 ] } },
{ "type": "Feature", "properties": { "full_id": "n12978416485", "osm_id": "12978416485", "name": "Verdi", "service_type": "transport", "service_subtype": "tram_stop", "route_id": "contemporaneo_centro_mole", "route_title": "Arte Contemporanea tra Centro e Mole", "segment_id": "contemporaneo_centro_mole_04", "segment_index": 4, "from_artwork_id": "l-eco", "to_artwork_id": "mole-antonelliana", "from_title": "Eco", "to_title": "Mole Antonelliana", "profile": "foot-walking", "distance_m": 193.9, "duration_min": 2.3266666666666667, "notes": "Segmento generato automaticamente con ORS tra due tappe consecutive." }, "geometry": { "type": "Point", "coordinates": [ 7.6906203, 45.0686551 ] } },
{ "type": "Feature", "properties": { "full_id": "n4735799917", "osm_id": "4735799917", "name": null, "service_type": "food_drink", "service_subtype": "bar", "route_id": "valentino_natura_memoria", "route_title": "Valentino, Natura e Memoria", "segment_id": "valentino_natura_memoria_01", "segment_index": 1, "from_artwork_id": "condominio-25-verde", "to_artwork_id": "orso-bordalo", "from_title": "Condominio 25 Verde", "to_title": "The Big Bear", "profile": "foot-walking", "distance_m": 1076.6, "duration_min": 12.918333333333333, "notes": "Segmento generato automaticamente con ORS tra due tappe consecutive." }, "geometry": { "type": "Point", "coordinates": [ 7.6782639, 45.0506825 ] } },
{ "type": "Feature", "properties": { "full_id": "n4735800091", "osm_id": "4735800091", "name": "Caffetteria Rebecca", "service_type": "food_drink", "service_subtype": "bar", "route_id": "valentino_natura_memoria", "route_title": "Valentino, Natura e Memoria", "segment_id": "valentino_natura_memoria_01", "segment_index": 1, "from_artwork_id": "condominio-25-verde", "to_artwork_id": "orso-bordalo", "from_title": "Condominio 25 Verde", "to_title": "The Big Bear", "profile": "foot-walking", "distance_m": 1076.6, "duration_min": 12.918333333333333, "notes": "Segmento generato automaticamente con ORS tra due tappe consecutive." }, "geometry": { "type": "Point", "coordinates": [ 7.6780419, 45.0506132 ] } },
{ "type": "Feature", "properties": { "full_id": "n4735831231", "osm_id": "4735831231", "name": "Caffè Raffaello", "service_type": "food_drink", "service_subtype": "bar", "route_id": "valentino_natura_memoria", "route_title": "Valentino, Natura e Memoria", "segment_id": "valentino_natura_memoria_01", "segment_index": 1, "from_artwork_id": "condominio-25-verde", "to_artwork_id": "orso-bordalo", "from_title": "Condominio 25 Verde", "to_title": "The Big Bear", "profile": "foot-walking", "distance_m": 1076.6, "duration_min": 12.918333333333333, "notes": "Segmento generato automaticamente con ORS tra due tappe consecutive." }, "geometry": { "type": "Point", "coordinates": [ 7.6774314, 45.0519405 ] } },
{ "type": "Feature", "properties": { "full_id": "n320935410", "osm_id": "320935410", "name": "Caffetteria Versailles", "service_type": "food_drink", "service_subtype": "cafe", "route_id": "valentino_natura_memoria", "route_title": "Valentino, Natura e Memoria", "segment_id": "valentino_natura_memoria_01", "segment_index": 1, "from_artwork_id": "condominio-25-verde", "to_artwork_id": "orso-bordalo", "from_title": "Condominio 25 Verde", "to_title": "The Big Bear", "profile": "foot-walking", "distance_m": 1076.6, "duration_min": 12.918333333333333, "notes": "Segmento generato automaticamente con ORS tra due tappe consecutive." }, "geometry": { "type": "Point", "coordinates": [ 7.6782308, 45.0466123 ] } },
{ "type": "Feature", "properties": { "full_id": "n1467473571", "osm_id": "1467473571", "name": "Mondo Caffè", "service_type": "food_drink", "service_subtype": "cafe", "route_id": "valentino_natura_memoria", "route_title": "Valentino, Natura e Memoria", "segment_id": "valentino_natura_memoria_01", "segment_index": 1, "from_artwork_id": "condominio-25-verde", "to_artwork_id": "orso-bordalo", "from_title": "Condominio 25 Verde", "to_title": "The Big Bear", "profile": "foot-walking", "distance_m": 1076.6, "duration_min": 12.918333333333333, "notes": "Segmento generato automaticamente con ORS tra due tappe consecutive." }, "geometry": { "type": "Point", "coordinates": [ 7.678907, 45.0534013 ] } },
{ "type": "Feature", "properties": { "full_id": "n1467473585", "osm_id": "1467473585", "name": null, "service_type": "food_drink", "service_subtype": "cafe", "route_id": "valentino_natura_memoria", "route_title": "Valentino, Natura e Memoria", "segment_id": "valentino_natura_memoria_01", "segment_index": 1, "from_artwork_id": "condominio-25-verde", "to_artwork_id": "orso-bordalo", "from_title": "Condominio 25 Verde", "to_title": "The Big Bear", "profile": "foot-walking", "distance_m": 1076.6, "duration_min": 12.918333333333333, "notes": "Segmento generato automaticamente con ORS tra due tappe consecutive." }, "geometry": { "type": "Point", "coordinates": [ 7.6801707, 45.0536149 ] } },
{ "type": "Feature", "properties": { "full_id": "n3583070298", "osm_id": "3583070298", "name": "Cornelius", "service_type": "food_drink", "service_subtype": "cafe", "route_id": "valentino_natura_memoria", "route_title": "Valentino, Natura e Memoria", "segment_id": "valentino_natura_memoria_01", "segment_index": 1, "from_artwork_id": "condominio-25-verde", "to_artwork_id": "orso-bordalo", "from_title": "Condominio 25 Verde", "to_title": "The Big Bear", "profile": "foot-walking", "distance_m": 1076.6, "duration_min": 12.918333333333333, "notes": "Segmento generato automaticamente con ORS tra due tappe consecutive." }, "geometry": { "type": "Point", "coordinates": [ 7.6778936, 45.0485045 ] } },
{ "type": "Feature", "properties": { "full_id": "n4341180285", "osm_id": "4341180285", "name": "Luna'sTorta", "service_type": "food_drink", "service_subtype": "cafe", "route_id": "valentino_natura_memoria", "route_title": "Valentino, Natura e Memoria", "segment_id": "valentino_natura_memoria_01", "segment_index": 1, "from_artwork_id": "condominio-25-verde", "to_artwork_id": "orso-bordalo", "from_title": "Condominio 25 Verde", "to_title": "The Big Bear", "profile": "foot-walking", "distance_m": 1076.6, "duration_min": 12.918333333333333, "notes": "Segmento generato automaticamente con ORS tra due tappe consecutive." }, "geometry": { "type": "Point", "coordinates": [ 7.6775963, 45.0523284 ] } },
{ "type": "Feature", "properties": { "full_id": "n4735829013", "osm_id": "4735829013", "name": "Cafe Matisse", "service_type": "food_drink", "service_subtype": "cafe", "route_id": "valentino_natura_memoria", "route_title": "Valentino, Natura e Memoria", "segment_id": "valentino_natura_memoria_01", "segment_index": 1, "from_artwork_id": "condominio-25-verde", "to_artwork_id": "orso-bordalo", "from_title": "Condominio 25 Verde", "to_title": "The Big Bear", "profile": "foot-walking", "distance_m": 1076.6, "duration_min": 12.918333333333333, "notes": "Segmento generato automaticamente con ORS tra due tappe consecutive." }, "geometry": { "type": "Point", "coordinates": [ 7.6787739, 45.0516117 ] } },
{ "type": "Feature", "properties": { "full_id": "n4735830660", "osm_id": "4735830660", "name": "Tiratisù", "service_type": "food_drink", "service_subtype": "cafe", "route_id": "valentino_natura_memoria", "route_title": "Valentino, Natura e Memoria", "segment_id": "valentino_natura_memoria_01", "segment_index": 1, "from_artwork_id": "condominio-25-verde", "to_artwork_id": "orso-bordalo", "from_title": "Condominio 25 Verde", "to_title": "The Big Bear", "profile": "foot-walking", "distance_m": 1076.6, "duration_min": 12.918333333333333, "notes": "Segmento generato automaticamente con ORS tra due tappe consecutive." }, "geometry": { "type": "Point", "coordinates": [ 7.6782771, 45.053509099999985 ] } },
{ "type": "Feature", "properties": { "full_id": "n10608658955", "osm_id": "10608658955", "name": "Caffetteria Vergnano Dal Tiepolo", "service_type": "food_drink", "service_subtype": "cafe", "route_id": "valentino_natura_memoria", "route_title": "Valentino, Natura e Memoria", "segment_id": "valentino_natura_memoria_01", "segment_index": 1, "from_artwork_id": "condominio-25-verde", "to_artwork_id": "orso-bordalo", "from_title": "Condominio 25 Verde", "to_title": "The Big Bear", "profile": "foot-walking", "distance_m": 1076.6, "duration_min": 12.918333333333333, "notes": "Segmento generato automaticamente con ORS tra due tappe consecutive." }, "geometry": { "type": "Point", "coordinates": [ 7.6820571, 45.0449301 ] } },
{ "type": "Feature", "properties": { "full_id": "n11394936097", "osm_id": "11394936097", "name": "Siciloso", "service_type": "food_drink", "service_subtype": "cafe", "route_id": "valentino_natura_memoria", "route_title": "Valentino, Natura e Memoria", "segment_id": "valentino_natura_memoria_01", "segment_index": 1, "from_artwork_id": "condominio-25-verde", "to_artwork_id": "orso-bordalo", "from_title": "Condominio 25 Verde", "to_title": "The Big Bear", "profile": "foot-walking", "distance_m": 1076.6, "duration_min": 12.918333333333333, "notes": "Segmento generato automaticamente con ORS tra due tappe consecutive." }, "geometry": { "type": "Point", "coordinates": [ 7.6795265, 45.0527088 ] } },
{ "type": "Feature", "properties": { "full_id": "n11521217053", "osm_id": "11521217053", "name": "Mio Gio", "service_type": "food_drink", "service_subtype": "cafe", "route_id": "valentino_natura_memoria", "route_title": "Valentino, Natura e Memoria", "segment_id": "valentino_natura_memoria_01", "segment_index": 1, "from_artwork_id": "condominio-25-verde", "to_artwork_id": "orso-bordalo", "from_title": "Condominio 25 Verde", "to_title": "The Big Bear", "profile": "foot-walking", "distance_m": 1076.6, "duration_min": 12.918333333333333, "notes": "Segmento generato automaticamente con ORS tra due tappe consecutive." }, "geometry": { "type": "Point", "coordinates": [ 7.6800544, 45.0510757 ] } },
{ "type": "Feature", "properties": { "full_id": "n13015961900", "osm_id": "13015961900", "name": "110 e Lode", "service_type": "food_drink", "service_subtype": "cafe", "route_id": "valentino_natura_memoria", "route_title": "Valentino, Natura e Memoria", "segment_id": "valentino_natura_memoria_01", "segment_index": 1, "from_artwork_id": "condominio-25-verde", "to_artwork_id": "orso-bordalo", "from_title": "Condominio 25 Verde", "to_title": "The Big Bear", "profile": "foot-walking", "distance_m": 1076.6, "duration_min": 12.918333333333333, "notes": "Segmento generato automaticamente con ORS tra due tappe consecutive." }, "geometry": { "type": "Point", "coordinates": [ 7.6803178, 45.0509687 ] } },
{ "type": "Feature", "properties": { "full_id": "n13621228421", "osm_id": "13621228421", "name": "Caffetteria Alfieri", "service_type": "food_drink", "service_subtype": "cafe", "route_id": "valentino_natura_memoria", "route_title": "Valentino, Natura e Memoria", "segment_id": "valentino_natura_memoria_01", "segment_index": 1, "from_artwork_id": "condominio-25-verde", "to_artwork_id": "orso-bordalo", "from_title": "Condominio 25 Verde", "to_title": "The Big Bear", "profile": "foot-walking", "distance_m": 1076.6, "duration_min": 12.918333333333333, "notes": "Segmento generato automaticamente con ORS tra due tappe consecutive." }, "geometry": { "type": "Point", "coordinates": [ 7.6770407, 45.0465503 ] } },
{ "type": "Feature", "properties": { "full_id": "n2705302481", "osm_id": "2705302481", "name": "Gelateria La Romana", "service_type": "food_drink", "service_subtype": "ice_cream", "route_id": "valentino_natura_memoria", "route_title": "Valentino, Natura e Memoria", "segment_id": "valentino_natura_memoria_01", "segment_index": 1, "from_artwork_id": "condominio-25-verde", "to_artwork_id": "orso-bordalo", "from_title": "Condominio 25 Verde", "to_title": "The Big Bear", "profile": "foot-walking", "distance_m": 1076.6, "duration_min": 12.918333333333333, "notes": "Segmento generato automaticamente con ORS tra due tappe consecutive." }, "geometry": { "type": "Point", "coordinates": [ 7.6791545, 45.0522027 ] } },
{ "type": "Feature", "properties": { "full_id": "n4735797179", "osm_id": "4735797179", "name": "Eurocrem", "service_type": "food_drink", "service_subtype": "ice_cream", "route_id": "valentino_natura_memoria", "route_title": "Valentino, Natura e Memoria", "segment_id": "valentino_natura_memoria_01", "segment_index": 1, "from_artwork_id": "condominio-25-verde", "to_artwork_id": "orso-bordalo", "from_title": "Condominio 25 Verde", "to_title": "The Big Bear", "profile": "foot-walking", "distance_m": 1076.6, "duration_min": 12.918333333333333, "notes": "Segmento generato automaticamente con ORS tra due tappe consecutive." }, "geometry": { "type": "Point", "coordinates": [ 7.6785131, 45.04816970000001 ] } },
{ "type": "Feature", "properties": { "full_id": "n1262182560", "osm_id": "1262182560", "name": "Biblioteca Civica", "service_type": "transport", "service_subtype": "bus_stop", "route_id": "valentino_natura_memoria", "route_title": "Valentino, Natura e Memoria", "segment_id": "valentino_natura_memoria_01", "segment_index": 1, "from_artwork_id": "condominio-25-verde", "to_artwork_id": "orso-bordalo", "from_title": "Condominio 25 Verde", "to_title": "The Big Bear", "profile": "foot-walking", "distance_m": 1076.6, "duration_min": 12.918333333333333, "notes": "Segmento generato automaticamente con ORS tra due tappe consecutive." }, "geometry": { "type": "Point", "coordinates": [ 7.68013, 45.04846 ] } },
{ "type": "Feature", "properties": { "full_id": "n1262183335", "osm_id": "1262183335", "name": "Valperga Caluso", "service_type": "transport", "service_subtype": "bus_stop", "route_id": "valentino_natura_memoria", "route_title": "Valentino, Natura e Memoria", "segment_id": "valentino_natura_memoria_01", "segment_index": 1, "from_artwork_id": "condominio-25-verde", "to_artwork_id": "orso-bordalo", "from_title": "Condominio 25 Verde", "to_title": "The Big Bear", "profile": "foot-walking", "distance_m": 1076.6, "duration_min": 12.918333333333333, "notes": "Segmento generato automaticamente con ORS tra due tappe consecutive." }, "geometry": { "type": "Point", "coordinates": [ 7.682432, 45.051739 ] } },
{ "type": "Feature", "properties": { "full_id": "n1262190944", "osm_id": "1262190944", "name": "Dante", "service_type": "transport", "service_subtype": "bus_stop", "route_id": "valentino_natura_memoria", "route_title": "Valentino, Natura e Memoria", "segment_id": "valentino_natura_memoria_01", "segment_index": 1, "from_artwork_id": "condominio-25-verde", "to_artwork_id": "orso-bordalo", "from_title": "Condominio 25 Verde", "to_title": "The Big Bear", "profile": "foot-walking", "distance_m": 1076.6, "duration_min": 12.918333333333333, "notes": "Segmento generato automaticamente con ORS tra due tappe consecutive." }, "geometry": { "type": "Point", "coordinates": [ 7.678569, 45.0466973 ] } },
{ "type": "Feature", "properties": { "full_id": "n1262192501", "osm_id": "1262192501", "name": "Giuria Est", "service_type": "transport", "service_subtype": "bus_stop", "route_id": "valentino_natura_memoria", "route_title": "Valentino, Natura e Memoria", "segment_id": "valentino_natura_memoria_01", "segment_index": 1, "from_artwork_id": "condominio-25-verde", "to_artwork_id": "orso-bordalo", "from_title": "Condominio 25 Verde", "to_title": "The Big Bear", "profile": "foot-walking", "distance_m": 1076.6, "duration_min": 12.918333333333333, "notes": "Segmento generato automaticamente con ORS tra due tappe consecutive." }, "geometry": { "type": "Point", "coordinates": [ 7.6818292, 45.0524691 ] } },
{ "type": "Feature", "properties": { "full_id": "n1262192681", "osm_id": "1262192681", "name": "D'Azeglio", "service_type": "transport", "service_subtype": "bus_stop", "route_id": "valentino_natura_memoria", "route_title": "Valentino, Natura e Memoria", "segment_id": "valentino_natura_memoria_01", "segment_index": 1, "from_artwork_id": "condominio-25-verde", "to_artwork_id": "orso-bordalo", "from_title": "Condominio 25 Verde", "to_title": "The Big Bear", "profile": "foot-walking", "distance_m": 1076.6, "duration_min": 12.918333333333333, "notes": "Segmento generato automaticamente con ORS tra due tappe consecutive." }, "geometry": { "type": "Point", "coordinates": [ 7.6777518, 45.0464802 ] } },
{ "type": "Feature", "properties": { "full_id": "n1262192786", "osm_id": "1262192786", "name": "Valperga Caluso", "service_type": "transport", "service_subtype": "bus_stop", "route_id": "valentino_natura_memoria", "route_title": "Valentino, Natura e Memoria", "segment_id": "valentino_natura_memoria_01", "segment_index": 1, "from_artwork_id": "condominio-25-verde", "to_artwork_id": "orso-bordalo", "from_title": "Condominio 25 Verde", "to_title": "The Big Bear", "profile": "foot-walking", "distance_m": 1076.6, "duration_min": 12.918333333333333, "notes": "Segmento generato automaticamente con ORS tra due tappe consecutive." }, "geometry": { "type": "Point", "coordinates": [ 7.6792182, 45.0524101 ] } },
{ "type": "Feature", "properties": { "full_id": "n1262195993", "osm_id": "1262195993", "name": "Marinai d'Italia", "service_type": "transport", "service_subtype": "bus_stop", "route_id": "valentino_natura_memoria", "route_title": "Valentino, Natura e Memoria", "segment_id": "valentino_natura_memoria_01", "segment_index": 1, "from_artwork_id": "condominio-25-verde", "to_artwork_id": "orso-bordalo", "from_title": "Condominio 25 Verde", "to_title": "The Big Bear", "profile": "foot-walking", "distance_m": 1076.6, "duration_min": 12.918333333333333, "notes": "Segmento generato automaticamente con ORS tra due tappe consecutive." }, "geometry": { "type": "Point", "coordinates": [ 7.6817035, 45.0442176 ] } },
{ "type": "Feature", "properties": { "full_id": "n1262196128", "osm_id": "1262196128", "name": "Chiabrera", "service_type": "transport", "service_subtype": "bus_stop", "route_id": "valentino_natura_memoria", "route_title": "Valentino, Natura e Memoria", "segment_id": "valentino_natura_memoria_01", "segment_index": 1, "from_artwork_id": "condominio-25-verde", "to_artwork_id": "orso-bordalo", "from_title": "Condominio 25 Verde", "to_title": "The Big Bear", "profile": "foot-walking", "distance_m": 1076.6, "duration_min": 12.918333333333333, "notes": "Segmento generato automaticamente con ORS tra due tappe consecutive." }, "geometry": { "type": "Point", "coordinates": [ 7.68041, 45.04612 ] } },
{ "type": "Feature", "properties": { "full_id": "n1262197275", "osm_id": "1262197275", "name": "Valperga Caluso", "service_type": "transport", "service_subtype": "bus_stop", "route_id": "valentino_natura_memoria", "route_title": "Valentino, Natura e Memoria", "segment_id": "valentino_natura_memoria_01", "segment_index": 1, "from_artwork_id": "condominio-25-verde", "to_artwork_id": "orso-bordalo", "from_title": "Condominio 25 Verde", "to_title": "The Big Bear", "profile": "foot-walking", "distance_m": 1076.6, "duration_min": 12.918333333333333, "notes": "Segmento generato automaticamente con ORS tra due tappe consecutive." }, "geometry": { "type": "Point", "coordinates": [ 7.6800506, 45.0537284 ] } },
{ "type": "Feature", "properties": { "full_id": "n1262199168", "osm_id": "1262199168", "name": "D'Azeglio Capolinea", "service_type": "transport", "service_subtype": "bus_stop", "route_id": "valentino_natura_memoria", "route_title": "Valentino, Natura e Memoria", "segment_id": "valentino_natura_memoria_01", "segment_index": 1, "from_artwork_id": "condominio-25-verde", "to_artwork_id": "orso-bordalo", "from_title": "Condominio 25 Verde", "to_title": "The Big Bear", "profile": "foot-walking", "distance_m": 1076.6, "duration_min": 12.918333333333333, "notes": "Segmento generato automaticamente con ORS tra due tappe consecutive." }, "geometry": { "type": "Point", "coordinates": [ 7.6816094, 45.051110099999988 ] } },
{ "type": "Feature", "properties": { "full_id": "n1262199964", "osm_id": "1262199964", "name": "Torino Esposizioni", "service_type": "transport", "service_subtype": "bus_stop", "route_id": "valentino_natura_memoria", "route_title": "Valentino, Natura e Memoria", "segment_id": "valentino_natura_memoria_01", "segment_index": 1, "from_artwork_id": "condominio-25-verde", "to_artwork_id": "orso-bordalo", "from_title": "Condominio 25 Verde", "to_title": "The Big Bear", "profile": "foot-walking", "distance_m": 1076.6, "duration_min": 12.918333333333333, "notes": "Segmento generato automaticamente con ORS tra due tappe consecutive." }, "geometry": { "type": "Point", "coordinates": [ 7.6816256, 45.0500893 ] } },
{ "type": "Feature", "properties": { "full_id": "n1262200032", "osm_id": "1262200032", "name": "Dante", "service_type": "transport", "service_subtype": "bus_stop", "route_id": "valentino_natura_memoria", "route_title": "Valentino, Natura e Memoria", "segment_id": "valentino_natura_memoria_01", "segment_index": 1, "from_artwork_id": "condominio-25-verde", "to_artwork_id": "orso-bordalo", "from_title": "Condominio 25 Verde", "to_title": "The Big Bear", "profile": "foot-walking", "distance_m": 1076.6, "duration_min": 12.918333333333333, "notes": "Segmento generato automaticamente con ORS tra due tappe consecutive." }, "geometry": { "type": "Point", "coordinates": [ 7.6784554, 45.0453142 ] } },
{ "type": "Feature", "properties": { "full_id": "n1262200205", "osm_id": "1262200205", "name": "Madama Cristina", "service_type": "transport", "service_subtype": "bus_stop", "route_id": "valentino_natura_memoria", "route_title": "Valentino, Natura e Memoria", "segment_id": "valentino_natura_memoria_01", "segment_index": 1, "from_artwork_id": "condominio-25-verde", "to_artwork_id": "orso-bordalo", "from_title": "Condominio 25 Verde", "to_title": "The Big Bear", "profile": "foot-walking", "distance_m": 1076.6, "duration_min": 12.918333333333333, "notes": "Segmento generato automaticamente con ORS tra due tappe consecutive." }, "geometry": { "type": "Point", "coordinates": [ 7.6794873, 45.0531846 ] } },
{ "type": "Feature", "properties": { "full_id": "n1262201910", "osm_id": "1262201910", "name": "Giuria", "service_type": "transport", "service_subtype": "bus_stop", "route_id": "valentino_natura_memoria", "route_title": "Valentino, Natura e Memoria", "segment_id": "valentino_natura_memoria_01", "segment_index": 1, "from_artwork_id": "condominio-25-verde", "to_artwork_id": "orso-bordalo", "from_title": "Condominio 25 Verde", "to_title": "The Big Bear", "profile": "foot-walking", "distance_m": 1076.6, "duration_min": 12.918333333333333, "notes": "Segmento generato automaticamente con ORS tra due tappe consecutive." }, "geometry": { "type": "Point", "coordinates": [ 7.6820964, 45.0523046 ] } },
{ "type": "Feature", "properties": { "full_id": "n1262203150", "osm_id": "1262203150", "name": "Donizetti", "service_type": "transport", "service_subtype": "bus_stop", "route_id": "valentino_natura_memoria", "route_title": "Valentino, Natura e Memoria", "segment_id": "valentino_natura_memoria_01", "segment_index": 1, "from_artwork_id": "condominio-25-verde", "to_artwork_id": "orso-bordalo", "from_title": "Condominio 25 Verde", "to_title": "The Big Bear", "profile": "foot-walking", "distance_m": 1076.6, "duration_min": 12.918333333333333, "notes": "Segmento generato automaticamente con ORS tra due tappe consecutive." }, "geometry": { "type": "Point", "coordinates": [ 7.6778337, 45.0506134 ] } },
{ "type": "Feature", "properties": { "full_id": "n1262203692", "osm_id": "1262203692", "name": "D'Azeglio", "service_type": "transport", "service_subtype": "bus_stop", "route_id": "valentino_natura_memoria", "route_title": "Valentino, Natura e Memoria", "segment_id": "valentino_natura_memoria_01", "segment_index": 1, "from_artwork_id": "condominio-25-verde", "to_artwork_id": "orso-bordalo", "from_title": "Condominio 25 Verde", "to_title": "The Big Bear", "profile": "foot-walking", "distance_m": 1076.6, "duration_min": 12.918333333333333, "notes": "Segmento generato automaticamente con ORS tra due tappe consecutive." }, "geometry": { "type": "Point", "coordinates": [ 7.6767771, 45.0467467 ] } },
{ "type": "Feature", "properties": { "full_id": "n1262204440", "osm_id": "1262204440", "name": "D'Azeglio Capolinea", "service_type": "transport", "service_subtype": "bus_stop", "route_id": "valentino_natura_memoria", "route_title": "Valentino, Natura e Memoria", "segment_id": "valentino_natura_memoria_01", "segment_index": 1, "from_artwork_id": "condominio-25-verde", "to_artwork_id": "orso-bordalo", "from_title": "Condominio 25 Verde", "to_title": "The Big Bear", "profile": "foot-walking", "distance_m": 1076.6, "duration_min": 12.918333333333333, "notes": "Segmento generato automaticamente con ORS tra due tappe consecutive." }, "geometry": { "type": "Point", "coordinates": [ 7.6822364, 45.0513071 ] } },
{ "type": "Feature", "properties": { "full_id": "n1262207921", "osm_id": "1262207921", "name": "Madama Cristina Est", "service_type": "transport", "service_subtype": "bus_stop", "route_id": "valentino_natura_memoria", "route_title": "Valentino, Natura e Memoria", "segment_id": "valentino_natura_memoria_01", "segment_index": 1, "from_artwork_id": "condominio-25-verde", "to_artwork_id": "orso-bordalo", "from_title": "Condominio 25 Verde", "to_title": "The Big Bear", "profile": "foot-walking", "distance_m": 1076.6, "duration_min": 12.918333333333333, "notes": "Segmento generato automaticamente con ORS tra due tappe consecutive." }, "geometry": { "type": "Point", "coordinates": [ 7.6800507, 45.0531002 ] } },
{ "type": "Feature", "properties": { "full_id": "n1262212811", "osm_id": "1262212811", "name": "Ormea", "service_type": "transport", "service_subtype": "bus_stop", "route_id": "valentino_natura_memoria", "route_title": "Valentino, Natura e Memoria", "segment_id": "valentino_natura_memoria_01", "segment_index": 1, "from_artwork_id": "condominio-25-verde", "to_artwork_id": "orso-bordalo", "from_title": "Condominio 25 Verde", "to_title": "The Big Bear", "profile": "foot-walking", "distance_m": 1076.6, "duration_min": 12.918333333333333, "notes": "Segmento generato automaticamente con ORS tra due tappe consecutive." }, "geometry": { "type": "Point", "coordinates": [ 7.6799723, 45.050901 ] } },
{ "type": "Feature", "properties": { "full_id": "n1262212994", "osm_id": "1262212994", "name": "Biblioteca Civica", "service_type": "transport", "service_subtype": "bus_stop", "route_id": "valentino_natura_memoria", "route_title": "Valentino, Natura e Memoria", "segment_id": "valentino_natura_memoria_01", "segment_index": 1, "from_artwork_id": "condominio-25-verde", "to_artwork_id": "orso-bordalo", "from_title": "Condominio 25 Verde", "to_title": "The Big Bear", "profile": "foot-walking", "distance_m": 1076.6, "duration_min": 12.918333333333333, "notes": "Segmento generato automaticamente con ORS tra due tappe consecutive." }, "geometry": { "type": "Point", "coordinates": [ 7.6799048, 45.0485151 ] } },
{ "type": "Feature", "properties": { "full_id": "n5594891025", "osm_id": "5594891025", "name": null, "service_type": "transport", "service_subtype": "bus_stop", "route_id": "valentino_natura_memoria", "route_title": "Valentino, Natura e Memoria", "segment_id": "valentino_natura_memoria_01", "segment_index": 1, "from_artwork_id": "condominio-25-verde", "to_artwork_id": "orso-bordalo", "from_title": "Condominio 25 Verde", "to_title": "The Big Bear", "profile": "foot-walking", "distance_m": 1076.6, "duration_min": 12.918333333333333, "notes": "Segmento generato automaticamente con ORS tra due tappe consecutive." }, "geometry": { "type": "Point", "coordinates": [ 7.6814199, 45.049718 ] } },
{ "type": "Feature", "properties": { "full_id": "n13721531597", "osm_id": "13721531597", "name": "Valperga Caluso", "service_type": "transport", "service_subtype": "bus_stop", "route_id": "valentino_natura_memoria", "route_title": "Valentino, Natura e Memoria", "segment_id": "valentino_natura_memoria_01", "segment_index": 1, "from_artwork_id": "condominio-25-verde", "to_artwork_id": "orso-bordalo", "from_title": "Condominio 25 Verde", "to_title": "The Big Bear", "profile": "foot-walking", "distance_m": 1076.6, "duration_min": 12.918333333333333, "notes": "Segmento generato automaticamente con ORS tra due tappe consecutive." }, "geometry": { "type": "Point", "coordinates": [ 7.6814353, 45.0508855 ] } },
{ "type": "Feature", "properties": { "full_id": "n950433574", "osm_id": "950433574", "name": "Ormea", "service_type": "transport", "service_subtype": "tram_stop", "route_id": "valentino_natura_memoria", "route_title": "Valentino, Natura e Memoria", "segment_id": "valentino_natura_memoria_01", "segment_index": 1, "from_artwork_id": "condominio-25-verde", "to_artwork_id": "orso-bordalo", "from_title": "Condominio 25 Verde", "to_title": "The Big Bear", "profile": "foot-walking", "distance_m": 1076.6, "duration_min": 12.918333333333333, "notes": "Segmento generato automaticamente con ORS tra due tappe consecutive." }, "geometry": { "type": "Point", "coordinates": [ 7.6799976, 45.0509204 ] } },
{ "type": "Feature", "properties": { "full_id": "n951424216", "osm_id": "951424216", "name": "D'Azeglio Capolinea", "service_type": "transport", "service_subtype": "tram_stop", "route_id": "valentino_natura_memoria", "route_title": "Valentino, Natura e Memoria", "segment_id": "valentino_natura_memoria_01", "segment_index": 1, "from_artwork_id": "condominio-25-verde", "to_artwork_id": "orso-bordalo", "from_title": "Condominio 25 Verde", "to_title": "The Big Bear", "profile": "foot-walking", "distance_m": 1076.6, "duration_min": 12.918333333333333, "notes": "Segmento generato automaticamente con ORS tra due tappe consecutive." }, "geometry": { "type": "Point", "coordinates": [ 7.6822096, 45.0513174 ] } },
{ "type": "Feature", "properties": { "full_id": "n1229827204", "osm_id": "1229827204", "name": "Madama Cristina Est", "service_type": "transport", "service_subtype": "tram_stop", "route_id": "valentino_natura_memoria", "route_title": "Valentino, Natura e Memoria", "segment_id": "valentino_natura_memoria_01", "segment_index": 1, "from_artwork_id": "condominio-25-verde", "to_artwork_id": "orso-bordalo", "from_title": "Condominio 25 Verde", "to_title": "The Big Bear", "profile": "foot-walking", "distance_m": 1076.6, "duration_min": 12.918333333333333, "notes": "Segmento generato automaticamente con ORS tra due tappe consecutive." }, "geometry": { "type": "Point", "coordinates": [ 7.6800417, 45.053086 ] } },
{ "type": "Feature", "properties": { "full_id": "n1229827337", "osm_id": "1229827337", "name": "Giuria Est", "service_type": "transport", "service_subtype": "tram_stop", "route_id": "valentino_natura_memoria", "route_title": "Valentino, Natura e Memoria", "segment_id": "valentino_natura_memoria_01", "segment_index": 1, "from_artwork_id": "condominio-25-verde", "to_artwork_id": "orso-bordalo", "from_title": "Condominio 25 Verde", "to_title": "The Big Bear", "profile": "foot-walking", "distance_m": 1076.6, "duration_min": 12.918333333333333, "notes": "Segmento generato automaticamente con ORS tra due tappe consecutive." }, "geometry": { "type": "Point", "coordinates": [ 7.6818235, 45.0524597 ] } },
{ "type": "Feature", "properties": { "full_id": "n1231011119", "osm_id": "1231011119", "name": "Madama Cristina", "service_type": "transport", "service_subtype": "tram_stop", "route_id": "valentino_natura_memoria", "route_title": "Valentino, Natura e Memoria", "segment_id": "valentino_natura_memoria_01", "segment_index": 1, "from_artwork_id": "condominio-25-verde", "to_artwork_id": "orso-bordalo", "from_title": "Condominio 25 Verde", "to_title": "The Big Bear", "profile": "foot-walking", "distance_m": 1076.6, "duration_min": 12.918333333333333, "notes": "Segmento generato automaticamente con ORS tra due tappe consecutive." }, "geometry": { "type": "Point", "coordinates": [ 7.6794968, 45.0532117 ] } },
{ "type": "Feature", "properties": { "full_id": "n1231011175", "osm_id": "1231011175", "name": "Giuria", "service_type": "transport", "service_subtype": "tram_stop", "route_id": "valentino_natura_memoria", "route_title": "Valentino, Natura e Memoria", "segment_id": "valentino_natura_memoria_01", "segment_index": 1, "from_artwork_id": "condominio-25-verde", "to_artwork_id": "orso-bordalo", "from_title": "Condominio 25 Verde", "to_title": "The Big Bear", "profile": "foot-walking", "distance_m": 1076.6, "duration_min": 12.918333333333333, "notes": "Segmento generato automaticamente con ORS tra due tappe consecutive." }, "geometry": { "type": "Point", "coordinates": [ 7.6821069, 45.0523265 ] } },
{ "type": "Feature", "properties": { "full_id": "n596525626", "osm_id": "596525626", "name": "Vasile Bar", "service_type": "food_drink", "service_subtype": "bar", "route_id": "valentino_natura_memoria", "route_title": "Valentino, Natura e Memoria", "segment_id": "valentino_natura_memoria_02", "segment_index": 2, "from_artwork_id": "orso-bordalo", "to_artwork_id": "panchina-innamorati", "from_title": "The Big Bear", "to_title": "La Panchina degli Innamorati", "profile": "foot-walking", "distance_m": 657.9, "duration_min": 7.895, "notes": "Segmento generato automaticamente con ORS tra due tappe consecutive." }, "geometry": { "type": "Point", "coordinates": [ 7.6858638, 45.0505611 ] } },
{ "type": "Feature", "properties": { "full_id": "n4735799917", "osm_id": "4735799917", "name": null, "service_type": "food_drink", "service_subtype": "bar", "route_id": "valentino_natura_memoria", "route_title": "Valentino, Natura e Memoria", "segment_id": "valentino_natura_memoria_02", "segment_index": 2, "from_artwork_id": "orso-bordalo", "to_artwork_id": "panchina-innamorati", "from_title": "The Big Bear", "to_title": "La Panchina degli Innamorati", "profile": "foot-walking", "distance_m": 657.9, "duration_min": 7.895, "notes": "Segmento generato automaticamente con ORS tra due tappe consecutive." }, "geometry": { "type": "Point", "coordinates": [ 7.6782639, 45.0506825 ] } },
{ "type": "Feature", "properties": { "full_id": "n4735800091", "osm_id": "4735800091", "name": "Caffetteria Rebecca", "service_type": "food_drink", "service_subtype": "bar", "route_id": "valentino_natura_memoria", "route_title": "Valentino, Natura e Memoria", "segment_id": "valentino_natura_memoria_02", "segment_index": 2, "from_artwork_id": "orso-bordalo", "to_artwork_id": "panchina-innamorati", "from_title": "The Big Bear", "to_title": "La Panchina degli Innamorati", "profile": "foot-walking", "distance_m": 657.9, "duration_min": 7.895, "notes": "Segmento generato automaticamente con ORS tra due tappe consecutive." }, "geometry": { "type": "Point", "coordinates": [ 7.6780419, 45.0506132 ] } },
{ "type": "Feature", "properties": { "full_id": "n4735831231", "osm_id": "4735831231", "name": "Caffè Raffaello", "service_type": "food_drink", "service_subtype": "bar", "route_id": "valentino_natura_memoria", "route_title": "Valentino, Natura e Memoria", "segment_id": "valentino_natura_memoria_02", "segment_index": 2, "from_artwork_id": "orso-bordalo", "to_artwork_id": "panchina-innamorati", "from_title": "The Big Bear", "to_title": "La Panchina degli Innamorati", "profile": "foot-walking", "distance_m": 657.9, "duration_min": 7.895, "notes": "Segmento generato automaticamente con ORS tra due tappe consecutive." }, "geometry": { "type": "Point", "coordinates": [ 7.6774314, 45.0519405 ] } },
{ "type": "Feature", "properties": { "full_id": "n1467473571", "osm_id": "1467473571", "name": "Mondo Caffè", "service_type": "food_drink", "service_subtype": "cafe", "route_id": "valentino_natura_memoria", "route_title": "Valentino, Natura e Memoria", "segment_id": "valentino_natura_memoria_02", "segment_index": 2, "from_artwork_id": "orso-bordalo", "to_artwork_id": "panchina-innamorati", "from_title": "The Big Bear", "to_title": "La Panchina degli Innamorati", "profile": "foot-walking", "distance_m": 657.9, "duration_min": 7.895, "notes": "Segmento generato automaticamente con ORS tra due tappe consecutive." }, "geometry": { "type": "Point", "coordinates": [ 7.678907, 45.0534013 ] } },
{ "type": "Feature", "properties": { "full_id": "n1467473585", "osm_id": "1467473585", "name": null, "service_type": "food_drink", "service_subtype": "cafe", "route_id": "valentino_natura_memoria", "route_title": "Valentino, Natura e Memoria", "segment_id": "valentino_natura_memoria_02", "segment_index": 2, "from_artwork_id": "orso-bordalo", "to_artwork_id": "panchina-innamorati", "from_title": "The Big Bear", "to_title": "La Panchina degli Innamorati", "profile": "foot-walking", "distance_m": 657.9, "duration_min": 7.895, "notes": "Segmento generato automaticamente con ORS tra due tappe consecutive." }, "geometry": { "type": "Point", "coordinates": [ 7.6801707, 45.0536149 ] } },
{ "type": "Feature", "properties": { "full_id": "n4341180285", "osm_id": "4341180285", "name": "Luna'sTorta", "service_type": "food_drink", "service_subtype": "cafe", "route_id": "valentino_natura_memoria", "route_title": "Valentino, Natura e Memoria", "segment_id": "valentino_natura_memoria_02", "segment_index": 2, "from_artwork_id": "orso-bordalo", "to_artwork_id": "panchina-innamorati", "from_title": "The Big Bear", "to_title": "La Panchina degli Innamorati", "profile": "foot-walking", "distance_m": 657.9, "duration_min": 7.895, "notes": "Segmento generato automaticamente con ORS tra due tappe consecutive." }, "geometry": { "type": "Point", "coordinates": [ 7.6775963, 45.0523284 ] } },
{ "type": "Feature", "properties": { "full_id": "n4735829013", "osm_id": "4735829013", "name": "Cafe Matisse", "service_type": "food_drink", "service_subtype": "cafe", "route_id": "valentino_natura_memoria", "route_title": "Valentino, Natura e Memoria", "segment_id": "valentino_natura_memoria_02", "segment_index": 2, "from_artwork_id": "orso-bordalo", "to_artwork_id": "panchina-innamorati", "from_title": "The Big Bear", "to_title": "La Panchina degli Innamorati", "profile": "foot-walking", "distance_m": 657.9, "duration_min": 7.895, "notes": "Segmento generato automaticamente con ORS tra due tappe consecutive." }, "geometry": { "type": "Point", "coordinates": [ 7.6787739, 45.0516117 ] } },
{ "type": "Feature", "properties": { "full_id": "n4735830660", "osm_id": "4735830660", "name": "Tiratisù", "service_type": "food_drink", "service_subtype": "cafe", "route_id": "valentino_natura_memoria", "route_title": "Valentino, Natura e Memoria", "segment_id": "valentino_natura_memoria_02", "segment_index": 2, "from_artwork_id": "orso-bordalo", "to_artwork_id": "panchina-innamorati", "from_title": "The Big Bear", "to_title": "La Panchina degli Innamorati", "profile": "foot-walking", "distance_m": 657.9, "duration_min": 7.895, "notes": "Segmento generato automaticamente con ORS tra due tappe consecutive." }, "geometry": { "type": "Point", "coordinates": [ 7.6782771, 45.053509099999985 ] } },
{ "type": "Feature", "properties": { "full_id": "n9883254646", "osm_id": "9883254646", "name": "Caffetteria del borgo", "service_type": "food_drink", "service_subtype": "cafe", "route_id": "valentino_natura_memoria", "route_title": "Valentino, Natura e Memoria", "segment_id": "valentino_natura_memoria_02", "segment_index": 2, "from_artwork_id": "orso-bordalo", "to_artwork_id": "panchina-innamorati", "from_title": "The Big Bear", "to_title": "La Panchina degli Innamorati", "profile": "foot-walking", "distance_m": 657.9, "duration_min": 7.895, "notes": "Segmento generato automaticamente con ORS tra due tappe consecutive." }, "geometry": { "type": "Point", "coordinates": [ 7.6852276, 45.048921900000011 ] } },
{ "type": "Feature", "properties": { "full_id": "n11394936097", "osm_id": "11394936097", "name": "Siciloso", "service_type": "food_drink", "service_subtype": "cafe", "route_id": "valentino_natura_memoria", "route_title": "Valentino, Natura e Memoria", "segment_id": "valentino_natura_memoria_02", "segment_index": 2, "from_artwork_id": "orso-bordalo", "to_artwork_id": "panchina-innamorati", "from_title": "The Big Bear", "to_title": "La Panchina degli Innamorati", "profile": "foot-walking", "distance_m": 657.9, "duration_min": 7.895, "notes": "Segmento generato automaticamente con ORS tra due tappe consecutive." }, "geometry": { "type": "Point", "coordinates": [ 7.6795265, 45.0527088 ] } },
{ "type": "Feature", "properties": { "full_id": "n11521217053", "osm_id": "11521217053", "name": "Mio Gio", "service_type": "food_drink", "service_subtype": "cafe", "route_id": "valentino_natura_memoria", "route_title": "Valentino, Natura e Memoria", "segment_id": "valentino_natura_memoria_02", "segment_index": 2, "from_artwork_id": "orso-bordalo", "to_artwork_id": "panchina-innamorati", "from_title": "The Big Bear", "to_title": "La Panchina degli Innamorati", "profile": "foot-walking", "distance_m": 657.9, "duration_min": 7.895, "notes": "Segmento generato automaticamente con ORS tra due tappe consecutive." }, "geometry": { "type": "Point", "coordinates": [ 7.6800544, 45.0510757 ] } },
{ "type": "Feature", "properties": { "full_id": "n13015961900", "osm_id": "13015961900", "name": "110 e Lode", "service_type": "food_drink", "service_subtype": "cafe", "route_id": "valentino_natura_memoria", "route_title": "Valentino, Natura e Memoria", "segment_id": "valentino_natura_memoria_02", "segment_index": 2, "from_artwork_id": "orso-bordalo", "to_artwork_id": "panchina-innamorati", "from_title": "The Big Bear", "to_title": "La Panchina degli Innamorati", "profile": "foot-walking", "distance_m": 657.9, "duration_min": 7.895, "notes": "Segmento generato automaticamente con ORS tra due tappe consecutive." }, "geometry": { "type": "Point", "coordinates": [ 7.6803178, 45.0509687 ] } },
{ "type": "Feature", "properties": { "full_id": "n2705302481", "osm_id": "2705302481", "name": "Gelateria La Romana", "service_type": "food_drink", "service_subtype": "ice_cream", "route_id": "valentino_natura_memoria", "route_title": "Valentino, Natura e Memoria", "segment_id": "valentino_natura_memoria_02", "segment_index": 2, "from_artwork_id": "orso-bordalo", "to_artwork_id": "panchina-innamorati", "from_title": "The Big Bear", "to_title": "La Panchina degli Innamorati", "profile": "foot-walking", "distance_m": 657.9, "duration_min": 7.895, "notes": "Segmento generato automaticamente con ORS tra due tappe consecutive." }, "geometry": { "type": "Point", "coordinates": [ 7.6791545, 45.0522027 ] } },
{ "type": "Feature", "properties": { "full_id": "n1262183335", "osm_id": "1262183335", "name": "Valperga Caluso", "service_type": "transport", "service_subtype": "bus_stop", "route_id": "valentino_natura_memoria", "route_title": "Valentino, Natura e Memoria", "segment_id": "valentino_natura_memoria_02", "segment_index": 2, "from_artwork_id": "orso-bordalo", "to_artwork_id": "panchina-innamorati", "from_title": "The Big Bear", "to_title": "La Panchina degli Innamorati", "profile": "foot-walking", "distance_m": 657.9, "duration_min": 7.895, "notes": "Segmento generato automaticamente con ORS tra due tappe consecutive." }, "geometry": { "type": "Point", "coordinates": [ 7.682432, 45.051739 ] } },
{ "type": "Feature", "properties": { "full_id": "n1262192501", "osm_id": "1262192501", "name": "Giuria Est", "service_type": "transport", "service_subtype": "bus_stop", "route_id": "valentino_natura_memoria", "route_title": "Valentino, Natura e Memoria", "segment_id": "valentino_natura_memoria_02", "segment_index": 2, "from_artwork_id": "orso-bordalo", "to_artwork_id": "panchina-innamorati", "from_title": "The Big Bear", "to_title": "La Panchina degli Innamorati", "profile": "foot-walking", "distance_m": 657.9, "duration_min": 7.895, "notes": "Segmento generato automaticamente con ORS tra due tappe consecutive." }, "geometry": { "type": "Point", "coordinates": [ 7.6818292, 45.0524691 ] } },
{ "type": "Feature", "properties": { "full_id": "n1262192786", "osm_id": "1262192786", "name": "Valperga Caluso", "service_type": "transport", "service_subtype": "bus_stop", "route_id": "valentino_natura_memoria", "route_title": "Valentino, Natura e Memoria", "segment_id": "valentino_natura_memoria_02", "segment_index": 2, "from_artwork_id": "orso-bordalo", "to_artwork_id": "panchina-innamorati", "from_title": "The Big Bear", "to_title": "La Panchina degli Innamorati", "profile": "foot-walking", "distance_m": 657.9, "duration_min": 7.895, "notes": "Segmento generato automaticamente con ORS tra due tappe consecutive." }, "geometry": { "type": "Point", "coordinates": [ 7.6792182, 45.0524101 ] } },
{ "type": "Feature", "properties": { "full_id": "n1262197275", "osm_id": "1262197275", "name": "Valperga Caluso", "service_type": "transport", "service_subtype": "bus_stop", "route_id": "valentino_natura_memoria", "route_title": "Valentino, Natura e Memoria", "segment_id": "valentino_natura_memoria_02", "segment_index": 2, "from_artwork_id": "orso-bordalo", "to_artwork_id": "panchina-innamorati", "from_title": "The Big Bear", "to_title": "La Panchina degli Innamorati", "profile": "foot-walking", "distance_m": 657.9, "duration_min": 7.895, "notes": "Segmento generato automaticamente con ORS tra due tappe consecutive." }, "geometry": { "type": "Point", "coordinates": [ 7.6800506, 45.0537284 ] } },
{ "type": "Feature", "properties": { "full_id": "n1262199168", "osm_id": "1262199168", "name": "D'Azeglio Capolinea", "service_type": "transport", "service_subtype": "bus_stop", "route_id": "valentino_natura_memoria", "route_title": "Valentino, Natura e Memoria", "segment_id": "valentino_natura_memoria_02", "segment_index": 2, "from_artwork_id": "orso-bordalo", "to_artwork_id": "panchina-innamorati", "from_title": "The Big Bear", "to_title": "La Panchina degli Innamorati", "profile": "foot-walking", "distance_m": 657.9, "duration_min": 7.895, "notes": "Segmento generato automaticamente con ORS tra due tappe consecutive." }, "geometry": { "type": "Point", "coordinates": [ 7.6816094, 45.051110099999988 ] } },
{ "type": "Feature", "properties": { "full_id": "n1262199964", "osm_id": "1262199964", "name": "Torino Esposizioni", "service_type": "transport", "service_subtype": "bus_stop", "route_id": "valentino_natura_memoria", "route_title": "Valentino, Natura e Memoria", "segment_id": "valentino_natura_memoria_02", "segment_index": 2, "from_artwork_id": "orso-bordalo", "to_artwork_id": "panchina-innamorati", "from_title": "The Big Bear", "to_title": "La Panchina degli Innamorati", "profile": "foot-walking", "distance_m": 657.9, "duration_min": 7.895, "notes": "Segmento generato automaticamente con ORS tra due tappe consecutive." }, "geometry": { "type": "Point", "coordinates": [ 7.6816256, 45.0500893 ] } },
{ "type": "Feature", "properties": { "full_id": "n1262200205", "osm_id": "1262200205", "name": "Madama Cristina", "service_type": "transport", "service_subtype": "bus_stop", "route_id": "valentino_natura_memoria", "route_title": "Valentino, Natura e Memoria", "segment_id": "valentino_natura_memoria_02", "segment_index": 2, "from_artwork_id": "orso-bordalo", "to_artwork_id": "panchina-innamorati", "from_title": "The Big Bear", "to_title": "La Panchina degli Innamorati", "profile": "foot-walking", "distance_m": 657.9, "duration_min": 7.895, "notes": "Segmento generato automaticamente con ORS tra due tappe consecutive." }, "geometry": { "type": "Point", "coordinates": [ 7.6794873, 45.0531846 ] } },
{ "type": "Feature", "properties": { "full_id": "n1262201910", "osm_id": "1262201910", "name": "Giuria", "service_type": "transport", "service_subtype": "bus_stop", "route_id": "valentino_natura_memoria", "route_title": "Valentino, Natura e Memoria", "segment_id": "valentino_natura_memoria_02", "segment_index": 2, "from_artwork_id": "orso-bordalo", "to_artwork_id": "panchina-innamorati", "from_title": "The Big Bear", "to_title": "La Panchina degli Innamorati", "profile": "foot-walking", "distance_m": 657.9, "duration_min": 7.895, "notes": "Segmento generato automaticamente con ORS tra due tappe consecutive." }, "geometry": { "type": "Point", "coordinates": [ 7.6820964, 45.0523046 ] } },
{ "type": "Feature", "properties": { "full_id": "n1262203150", "osm_id": "1262203150", "name": "Donizetti", "service_type": "transport", "service_subtype": "bus_stop", "route_id": "valentino_natura_memoria", "route_title": "Valentino, Natura e Memoria", "segment_id": "valentino_natura_memoria_02", "segment_index": 2, "from_artwork_id": "orso-bordalo", "to_artwork_id": "panchina-innamorati", "from_title": "The Big Bear", "to_title": "La Panchina degli Innamorati", "profile": "foot-walking", "distance_m": 657.9, "duration_min": 7.895, "notes": "Segmento generato automaticamente con ORS tra due tappe consecutive." }, "geometry": { "type": "Point", "coordinates": [ 7.6778337, 45.0506134 ] } },
{ "type": "Feature", "properties": { "full_id": "n1262204440", "osm_id": "1262204440", "name": "D'Azeglio Capolinea", "service_type": "transport", "service_subtype": "bus_stop", "route_id": "valentino_natura_memoria", "route_title": "Valentino, Natura e Memoria", "segment_id": "valentino_natura_memoria_02", "segment_index": 2, "from_artwork_id": "orso-bordalo", "to_artwork_id": "panchina-innamorati", "from_title": "The Big Bear", "to_title": "La Panchina degli Innamorati", "profile": "foot-walking", "distance_m": 657.9, "duration_min": 7.895, "notes": "Segmento generato automaticamente con ORS tra due tappe consecutive." }, "geometry": { "type": "Point", "coordinates": [ 7.6822364, 45.0513071 ] } },
{ "type": "Feature", "properties": { "full_id": "n1262207921", "osm_id": "1262207921", "name": "Madama Cristina Est", "service_type": "transport", "service_subtype": "bus_stop", "route_id": "valentino_natura_memoria", "route_title": "Valentino, Natura e Memoria", "segment_id": "valentino_natura_memoria_02", "segment_index": 2, "from_artwork_id": "orso-bordalo", "to_artwork_id": "panchina-innamorati", "from_title": "The Big Bear", "to_title": "La Panchina degli Innamorati", "profile": "foot-walking", "distance_m": 657.9, "duration_min": 7.895, "notes": "Segmento generato automaticamente con ORS tra due tappe consecutive." }, "geometry": { "type": "Point", "coordinates": [ 7.6800507, 45.0531002 ] } },
{ "type": "Feature", "properties": { "full_id": "n1262212811", "osm_id": "1262212811", "name": "Ormea", "service_type": "transport", "service_subtype": "bus_stop", "route_id": "valentino_natura_memoria", "route_title": "Valentino, Natura e Memoria", "segment_id": "valentino_natura_memoria_02", "segment_index": 2, "from_artwork_id": "orso-bordalo", "to_artwork_id": "panchina-innamorati", "from_title": "The Big Bear", "to_title": "La Panchina degli Innamorati", "profile": "foot-walking", "distance_m": 657.9, "duration_min": 7.895, "notes": "Segmento generato automaticamente con ORS tra due tappe consecutive." }, "geometry": { "type": "Point", "coordinates": [ 7.6799723, 45.050901 ] } },
{ "type": "Feature", "properties": { "full_id": "n5594891025", "osm_id": "5594891025", "name": null, "service_type": "transport", "service_subtype": "bus_stop", "route_id": "valentino_natura_memoria", "route_title": "Valentino, Natura e Memoria", "segment_id": "valentino_natura_memoria_02", "segment_index": 2, "from_artwork_id": "orso-bordalo", "to_artwork_id": "panchina-innamorati", "from_title": "The Big Bear", "to_title": "La Panchina degli Innamorati", "profile": "foot-walking", "distance_m": 657.9, "duration_min": 7.895, "notes": "Segmento generato automaticamente con ORS tra due tappe consecutive." }, "geometry": { "type": "Point", "coordinates": [ 7.6814199, 45.049718 ] } },
{ "type": "Feature", "properties": { "full_id": "n13721531597", "osm_id": "13721531597", "name": "Valperga Caluso", "service_type": "transport", "service_subtype": "bus_stop", "route_id": "valentino_natura_memoria", "route_title": "Valentino, Natura e Memoria", "segment_id": "valentino_natura_memoria_02", "segment_index": 2, "from_artwork_id": "orso-bordalo", "to_artwork_id": "panchina-innamorati", "from_title": "The Big Bear", "to_title": "La Panchina degli Innamorati", "profile": "foot-walking", "distance_m": 657.9, "duration_min": 7.895, "notes": "Segmento generato automaticamente con ORS tra due tappe consecutive." }, "geometry": { "type": "Point", "coordinates": [ 7.6814353, 45.0508855 ] } },
{ "type": "Feature", "properties": { "full_id": "n950433574", "osm_id": "950433574", "name": "Ormea", "service_type": "transport", "service_subtype": "tram_stop", "route_id": "valentino_natura_memoria", "route_title": "Valentino, Natura e Memoria", "segment_id": "valentino_natura_memoria_02", "segment_index": 2, "from_artwork_id": "orso-bordalo", "to_artwork_id": "panchina-innamorati", "from_title": "The Big Bear", "to_title": "La Panchina degli Innamorati", "profile": "foot-walking", "distance_m": 657.9, "duration_min": 7.895, "notes": "Segmento generato automaticamente con ORS tra due tappe consecutive." }, "geometry": { "type": "Point", "coordinates": [ 7.6799976, 45.0509204 ] } },
{ "type": "Feature", "properties": { "full_id": "n951424216", "osm_id": "951424216", "name": "D'Azeglio Capolinea", "service_type": "transport", "service_subtype": "tram_stop", "route_id": "valentino_natura_memoria", "route_title": "Valentino, Natura e Memoria", "segment_id": "valentino_natura_memoria_02", "segment_index": 2, "from_artwork_id": "orso-bordalo", "to_artwork_id": "panchina-innamorati", "from_title": "The Big Bear", "to_title": "La Panchina degli Innamorati", "profile": "foot-walking", "distance_m": 657.9, "duration_min": 7.895, "notes": "Segmento generato automaticamente con ORS tra due tappe consecutive." }, "geometry": { "type": "Point", "coordinates": [ 7.6822096, 45.0513174 ] } },
{ "type": "Feature", "properties": { "full_id": "n1229827204", "osm_id": "1229827204", "name": "Madama Cristina Est", "service_type": "transport", "service_subtype": "tram_stop", "route_id": "valentino_natura_memoria", "route_title": "Valentino, Natura e Memoria", "segment_id": "valentino_natura_memoria_02", "segment_index": 2, "from_artwork_id": "orso-bordalo", "to_artwork_id": "panchina-innamorati", "from_title": "The Big Bear", "to_title": "La Panchina degli Innamorati", "profile": "foot-walking", "distance_m": 657.9, "duration_min": 7.895, "notes": "Segmento generato automaticamente con ORS tra due tappe consecutive." }, "geometry": { "type": "Point", "coordinates": [ 7.6800417, 45.053086 ] } },
{ "type": "Feature", "properties": { "full_id": "n1229827337", "osm_id": "1229827337", "name": "Giuria Est", "service_type": "transport", "service_subtype": "tram_stop", "route_id": "valentino_natura_memoria", "route_title": "Valentino, Natura e Memoria", "segment_id": "valentino_natura_memoria_02", "segment_index": 2, "from_artwork_id": "orso-bordalo", "to_artwork_id": "panchina-innamorati", "from_title": "The Big Bear", "to_title": "La Panchina degli Innamorati", "profile": "foot-walking", "distance_m": 657.9, "duration_min": 7.895, "notes": "Segmento generato automaticamente con ORS tra due tappe consecutive." }, "geometry": { "type": "Point", "coordinates": [ 7.6818235, 45.0524597 ] } },
{ "type": "Feature", "properties": { "full_id": "n1231011119", "osm_id": "1231011119", "name": "Madama Cristina", "service_type": "transport", "service_subtype": "tram_stop", "route_id": "valentino_natura_memoria", "route_title": "Valentino, Natura e Memoria", "segment_id": "valentino_natura_memoria_02", "segment_index": 2, "from_artwork_id": "orso-bordalo", "to_artwork_id": "panchina-innamorati", "from_title": "The Big Bear", "to_title": "La Panchina degli Innamorati", "profile": "foot-walking", "distance_m": 657.9, "duration_min": 7.895, "notes": "Segmento generato automaticamente con ORS tra due tappe consecutive." }, "geometry": { "type": "Point", "coordinates": [ 7.6794968, 45.0532117 ] } },
{ "type": "Feature", "properties": { "full_id": "n1231011175", "osm_id": "1231011175", "name": "Giuria", "service_type": "transport", "service_subtype": "tram_stop", "route_id": "valentino_natura_memoria", "route_title": "Valentino, Natura e Memoria", "segment_id": "valentino_natura_memoria_02", "segment_index": 2, "from_artwork_id": "orso-bordalo", "to_artwork_id": "panchina-innamorati", "from_title": "The Big Bear", "to_title": "La Panchina degli Innamorati", "profile": "foot-walking", "distance_m": 657.9, "duration_min": 7.895, "notes": "Segmento generato automaticamente con ORS tra due tappe consecutive." }, "geometry": { "type": "Point", "coordinates": [ 7.6821069, 45.0523265 ] } },
{ "type": "Feature", "properties": { "full_id": "n596525626", "osm_id": "596525626", "name": "Vasile Bar", "service_type": "food_drink", "service_subtype": "bar", "route_id": "valentino_natura_memoria", "route_title": "Valentino, Natura e Memoria", "segment_id": "valentino_natura_memoria_03", "segment_index": 3, "from_artwork_id": "panchina-innamorati", "to_artwork_id": "sommergibile-provana", "from_title": "La Panchina degli Innamorati", "to_title": "Sommergibile Andrea Provana", "profile": "foot-walking", "distance_m": 580.6, "duration_min": 6.9683333333333337, "notes": "Segmento generato automaticamente con ORS tra due tappe consecutive." }, "geometry": { "type": "Point", "coordinates": [ 7.6858638, 45.0505611 ] } },
{ "type": "Feature", "properties": { "full_id": "n9883254646", "osm_id": "9883254646", "name": "Caffetteria del borgo", "service_type": "food_drink", "service_subtype": "cafe", "route_id": "valentino_natura_memoria", "route_title": "Valentino, Natura e Memoria", "segment_id": "valentino_natura_memoria_03", "segment_index": 3, "from_artwork_id": "panchina-innamorati", "to_artwork_id": "sommergibile-provana", "from_title": "La Panchina degli Innamorati", "to_title": "Sommergibile Andrea Provana", "profile": "foot-walking", "distance_m": 580.6, "duration_min": 6.9683333333333337, "notes": "Segmento generato automaticamente con ORS tra due tappe consecutive." }, "geometry": { "type": "Point", "coordinates": [ 7.6852276, 45.048921900000011 ] } },
{ "type": "Feature", "properties": { "full_id": "n10608658955", "osm_id": "10608658955", "name": "Caffetteria Vergnano Dal Tiepolo", "service_type": "food_drink", "service_subtype": "cafe", "route_id": "valentino_natura_memoria", "route_title": "Valentino, Natura e Memoria", "segment_id": "valentino_natura_memoria_03", "segment_index": 3, "from_artwork_id": "panchina-innamorati", "to_artwork_id": "sommergibile-provana", "from_title": "La Panchina degli Innamorati", "to_title": "Sommergibile Andrea Provana", "profile": "foot-walking", "distance_m": 580.6, "duration_min": 6.9683333333333337, "notes": "Segmento generato automaticamente con ORS tra due tappe consecutive." }, "geometry": { "type": "Point", "coordinates": [ 7.6820571, 45.0449301 ] } },
{ "type": "Feature", "properties": { "full_id": "n11297435445", "osm_id": "11297435445", "name": "Bar Ponte Isabella", "service_type": "food_drink", "service_subtype": "cafe", "route_id": "valentino_natura_memoria", "route_title": "Valentino, Natura e Memoria", "segment_id": "valentino_natura_memoria_03", "segment_index": 3, "from_artwork_id": "panchina-innamorati", "to_artwork_id": "sommergibile-provana", "from_title": "La Panchina degli Innamorati", "to_title": "Sommergibile Andrea Provana", "profile": "foot-walking", "distance_m": 580.6, "duration_min": 6.9683333333333337, "notes": "Segmento generato automaticamente con ORS tra due tappe consecutive." }, "geometry": { "type": "Point", "coordinates": [ 7.6855417, 45.0445231 ] } },
{ "type": "Feature", "properties": { "full_id": "n1262195993", "osm_id": "1262195993", "name": "Marinai d'Italia", "service_type": "transport", "service_subtype": "bus_stop", "route_id": "valentino_natura_memoria", "route_title": "Valentino, Natura e Memoria", "segment_id": "valentino_natura_memoria_03", "segment_index": 3, "from_artwork_id": "panchina-innamorati", "to_artwork_id": "sommergibile-provana", "from_title": "La Panchina degli Innamorati", "to_title": "Sommergibile Andrea Provana", "profile": "foot-walking", "distance_m": 580.6, "duration_min": 6.9683333333333337, "notes": "Segmento generato automaticamente con ORS tra due tappe consecutive." }, "geometry": { "type": "Point", "coordinates": [ 7.6817035, 45.0442176 ] } },
{ "type": "Feature", "properties": { "full_id": "n1491228853", "osm_id": "1491228853", "name": "Petrarca", "service_type": "transport", "service_subtype": "bus_stop", "route_id": "valentino_natura_memoria", "route_title": "Valentino, Natura e Memoria", "segment_id": "valentino_natura_memoria_03", "segment_index": 3, "from_artwork_id": "panchina-innamorati", "to_artwork_id": "sommergibile-provana", "from_title": "La Panchina degli Innamorati", "to_title": "Sommergibile Andrea Provana", "profile": "foot-walking", "distance_m": 580.6, "duration_min": 6.9683333333333337, "notes": "Segmento generato automaticamente con ORS tra due tappe consecutive." }, "geometry": { "type": "Point", "coordinates": [ 7.6826831, 45.047014799999985 ] } },
{ "type": "Feature", "properties": { "full_id": "n6876243995", "osm_id": "6876243995", "name": "I 3 Motivi", "service_type": "food_drink", "service_subtype": "bar", "route_id": "mau_campidoglio", "route_title": "MAU - Museo d'Arte Urbana di Borgo Campidoglio", "segment_id": "mau_campidoglio_01", "segment_index": 1, "from_artwork_id": "mau-freedom", "to_artwork_id": "mau-assenza", "from_title": "Freedom", "to_title": "L’assenza", "profile": "foot-walking", "distance_m": 177.9, "duration_min": 2.135, "notes": "Segmento generato automaticamente con ORS tra due tappe consecutive." }, "geometry": { "type": "Point", "coordinates": [ 7.6570322, 45.0857644 ] } },
{ "type": "Feature", "properties": { "full_id": "n9582972803", "osm_id": "9582972803", "name": "Belle epoque", "service_type": "food_drink", "service_subtype": "bar", "route_id": "mau_campidoglio", "route_title": "MAU - Museo d'Arte Urbana di Borgo Campidoglio", "segment_id": "mau_campidoglio_01", "segment_index": 1, "from_artwork_id": "mau-freedom", "to_artwork_id": "mau-assenza", "from_title": "Freedom", "to_title": "L’assenza", "profile": "foot-walking", "distance_m": 177.9, "duration_min": 2.135, "notes": "Segmento generato automaticamente con ORS tra due tappe consecutive." }, "geometry": { "type": "Point", "coordinates": [ 7.6565751, 45.0862668 ] } },
{ "type": "Feature", "properties": { "full_id": "n11565014952", "osm_id": "11565014952", "name": "Tassoni", "service_type": "food_drink", "service_subtype": "cafe", "route_id": "mau_campidoglio", "route_title": "MAU - Museo d'Arte Urbana di Borgo Campidoglio", "segment_id": "mau_campidoglio_01", "segment_index": 1, "from_artwork_id": "mau-freedom", "to_artwork_id": "mau-assenza", "from_title": "Freedom", "to_title": "L’assenza", "profile": "foot-walking", "distance_m": 177.9, "duration_min": 2.135, "notes": "Segmento generato automaticamente con ORS tra due tappe consecutive." }, "geometry": { "type": "Point", "coordinates": [ 7.6564181, 45.0854475 ] } },
{ "type": "Feature", "properties": { "full_id": "n7843759212", "osm_id": "7843759212", "name": "Gelateria Caffetteria L'isola di Giava", "service_type": "food_drink", "service_subtype": "ice_cream", "route_id": "mau_campidoglio", "route_title": "MAU - Museo d'Arte Urbana di Borgo Campidoglio", "segment_id": "mau_campidoglio_01", "segment_index": 1, "from_artwork_id": "mau-freedom", "to_artwork_id": "mau-assenza", "from_title": "Freedom", "to_title": "L’assenza", "profile": "foot-walking", "distance_m": 177.9, "duration_min": 2.135, "notes": "Segmento generato automaticamente con ORS tra due tappe consecutive." }, "geometry": { "type": "Point", "coordinates": [ 7.6597543, 45.0848634 ] } },
{ "type": "Feature", "properties": { "full_id": "n1254531624", "osm_id": "1254531624", "name": "Medail", "service_type": "transport", "service_subtype": "bus_stop", "route_id": "mau_campidoglio", "route_title": "MAU - Museo d'Arte Urbana di Borgo Campidoglio", "segment_id": "mau_campidoglio_01", "segment_index": 1, "from_artwork_id": "mau-freedom", "to_artwork_id": "mau-assenza", "from_title": "Freedom", "to_title": "L’assenza", "profile": "foot-walking", "distance_m": 177.9, "duration_min": 2.135, "notes": "Segmento generato automaticamente con ORS tra due tappe consecutive." }, "geometry": { "type": "Point", "coordinates": [ 7.6580027, 45.0832241 ] } },
{ "type": "Feature", "properties": { "full_id": "n1254531625", "osm_id": "1254531625", "name": "Medail", "service_type": "transport", "service_subtype": "bus_stop", "route_id": "mau_campidoglio", "route_title": "MAU - Museo d'Arte Urbana di Borgo Campidoglio", "segment_id": "mau_campidoglio_01", "segment_index": 1, "from_artwork_id": "mau-freedom", "to_artwork_id": "mau-assenza", "from_title": "Freedom", "to_title": "L’assenza", "profile": "foot-walking", "distance_m": 177.9, "duration_min": 2.135, "notes": "Segmento generato automaticamente con ORS tra due tappe consecutive." }, "geometry": { "type": "Point", "coordinates": [ 7.6583936, 45.082947 ] } },
{ "type": "Feature", "properties": { "full_id": "n1262183268", "osm_id": "1262183268", "name": "Martinetto", "service_type": "transport", "service_subtype": "bus_stop", "route_id": "mau_campidoglio", "route_title": "MAU - Museo d'Arte Urbana di Borgo Campidoglio", "segment_id": "mau_campidoglio_01", "segment_index": 1, "from_artwork_id": "mau-freedom", "to_artwork_id": "mau-assenza", "from_title": "Freedom", "to_title": "L’assenza", "profile": "foot-walking", "distance_m": 177.9, "duration_min": 2.135, "notes": "Segmento generato automaticamente con ORS tra due tappe consecutive." }, "geometry": { "type": "Point", "coordinates": [ 7.6558457, 45.0852567 ] } },
{ "type": "Feature", "properties": { "full_id": "n1262195456", "osm_id": "1262195456", "name": "Tassoni", "service_type": "transport", "service_subtype": "bus_stop", "route_id": "mau_campidoglio", "route_title": "MAU - Museo d'Arte Urbana di Borgo Campidoglio", "segment_id": "mau_campidoglio_01", "segment_index": 1, "from_artwork_id": "mau-freedom", "to_artwork_id": "mau-assenza", "from_title": "Freedom", "to_title": "L’assenza", "profile": "foot-walking", "distance_m": 177.9, "duration_min": 2.135, "notes": "Segmento generato automaticamente con ORS tra due tappe consecutive." }, "geometry": { "type": "Point", "coordinates": [ 7.6568075, 45.085715 ] } },
{ "type": "Feature", "properties": { "full_id": "n1262198343", "osm_id": "1262198343", "name": "Martinetto", "service_type": "transport", "service_subtype": "bus_stop", "route_id": "mau_campidoglio", "route_title": "MAU - Museo d'Arte Urbana di Borgo Campidoglio", "segment_id": "mau_campidoglio_01", "segment_index": 1, "from_artwork_id": "mau-freedom", "to_artwork_id": "mau-assenza", "from_title": "Freedom", "to_title": "L’assenza", "profile": "foot-walking", "distance_m": 177.9, "duration_min": 2.135, "notes": "Segmento generato automaticamente con ORS tra due tappe consecutive." }, "geometry": { "type": "Point", "coordinates": [ 7.6563198, 45.0853171 ] } },
{ "type": "Feature", "properties": { "full_id": "n1262204423", "osm_id": "1262204423", "name": "Martinetto", "service_type": "transport", "service_subtype": "bus_stop", "route_id": "mau_campidoglio", "route_title": "MAU - Museo d'Arte Urbana di Borgo Campidoglio", "segment_id": "mau_campidoglio_01", "segment_index": 1, "from_artwork_id": "mau-freedom", "to_artwork_id": "mau-assenza", "from_title": "Freedom", "to_title": "L’assenza", "profile": "foot-walking", "distance_m": 177.9, "duration_min": 2.135, "notes": "Segmento generato automaticamente con ORS tra due tappe consecutive." }, "geometry": { "type": "Point", "coordinates": [ 7.6561245, 45.0853546 ] } },
{ "type": "Feature", "properties": { "full_id": "n1262204495", "osm_id": "1262204495", "name": "Tassoni", "service_type": "transport", "service_subtype": "bus_stop", "route_id": "mau_campidoglio", "route_title": "MAU - Museo d'Arte Urbana di Borgo Campidoglio", "segment_id": "mau_campidoglio_01", "segment_index": 1, "from_artwork_id": "mau-freedom", "to_artwork_id": "mau-assenza", "from_title": "Freedom", "to_title": "L’assenza", "profile": "foot-walking", "distance_m": 177.9, "duration_min": 2.135, "notes": "Segmento generato automaticamente con ORS tra due tappe consecutive." }, "geometry": { "type": "Point", "coordinates": [ 7.657124, 45.0853981 ] } },
{ "type": "Feature", "properties": { "full_id": "n1262209535", "osm_id": "1262209535", "name": "Tassoni Capolinea", "service_type": "transport", "service_subtype": "bus_stop", "route_id": "mau_campidoglio", "route_title": "MAU - Museo d'Arte Urbana di Borgo Campidoglio", "segment_id": "mau_campidoglio_01", "segment_index": 1, "from_artwork_id": "mau-freedom", "to_artwork_id": "mau-assenza", "from_title": "Freedom", "to_title": "L’assenza", "profile": "foot-walking", "distance_m": 177.9, "duration_min": 2.135, "notes": "Segmento generato automaticamente con ORS tra due tappe consecutive." }, "geometry": { "type": "Point", "coordinates": [ 7.6556796, 45.0847506 ] } },
{ "type": "Feature", "properties": { "full_id": "n948015819", "osm_id": "948015819", "name": "Tassoni", "service_type": "transport", "service_subtype": "tram_stop", "route_id": "mau_campidoglio", "route_title": "MAU - Museo d'Arte Urbana di Borgo Campidoglio", "segment_id": "mau_campidoglio_01", "segment_index": 1, "from_artwork_id": "mau-freedom", "to_artwork_id": "mau-assenza", "from_title": "Freedom", "to_title": "L’assenza", "profile": "foot-walking", "distance_m": 177.9, "duration_min": 2.135, "notes": "Segmento generato automaticamente con ORS tra due tappe consecutive." }, "geometry": { "type": "Point", "coordinates": [ 7.6570088, 45.0854604 ] } },
{ "type": "Feature", "properties": { "full_id": "n948015844", "osm_id": "948015844", "name": "Martinetto", "service_type": "transport", "service_subtype": "tram_stop", "route_id": "mau_campidoglio", "route_title": "MAU - Museo d'Arte Urbana di Borgo Campidoglio", "segment_id": "mau_campidoglio_01", "segment_index": 1, "from_artwork_id": "mau-freedom", "to_artwork_id": "mau-assenza", "from_title": "Freedom", "to_title": "L’assenza", "profile": "foot-walking", "distance_m": 177.9, "duration_min": 2.135, "notes": "Segmento generato automaticamente con ORS tra due tappe consecutive." }, "geometry": { "type": "Point", "coordinates": [ 7.6561034, 45.0853948 ] } },
{ "type": "Feature", "properties": { "full_id": "n948016105", "osm_id": "948016105", "name": "Tassoni", "service_type": "transport", "service_subtype": "tram_stop", "route_id": "mau_campidoglio", "route_title": "MAU - Museo d'Arte Urbana di Borgo Campidoglio", "segment_id": "mau_campidoglio_01", "segment_index": 1, "from_artwork_id": "mau-freedom", "to_artwork_id": "mau-assenza", "from_title": "Freedom", "to_title": "L’assenza", "profile": "foot-walking", "distance_m": 177.9, "duration_min": 2.135, "notes": "Segmento generato automaticamente con ORS tra due tappe consecutive." }, "geometry": { "type": "Point", "coordinates": [ 7.6567711, 45.0856796 ] } },
{ "type": "Feature", "properties": { "full_id": "n1229827566", "osm_id": "1229827566", "name": "Martinetto", "service_type": "transport", "service_subtype": "tram_stop", "route_id": "mau_campidoglio", "route_title": "MAU - Museo d'Arte Urbana di Borgo Campidoglio", "segment_id": "mau_campidoglio_01", "segment_index": 1, "from_artwork_id": "mau-freedom", "to_artwork_id": "mau-assenza", "from_title": "Freedom", "to_title": "L’assenza", "profile": "foot-walking", "distance_m": 177.9, "duration_min": 2.135, "notes": "Segmento generato automaticamente con ORS tra due tappe consecutive." }, "geometry": { "type": "Point", "coordinates": [ 7.6558892, 45.0852555 ] } },
{ "type": "Feature", "properties": { "full_id": "n6876243995", "osm_id": "6876243995", "name": "I 3 Motivi", "service_type": "food_drink", "service_subtype": "bar", "route_id": "mau_campidoglio", "route_title": "MAU - Museo d'Arte Urbana di Borgo Campidoglio", "segment_id": "mau_campidoglio_02", "segment_index": 2, "from_artwork_id": "mau-assenza", "to_artwork_id": "mau-campidoglius", "from_title": "L’assenza", "to_title": "Campidoglius", "profile": "foot-walking", "distance_m": 102.9, "duration_min": 1.235, "notes": "Segmento generato automaticamente con ORS tra due tappe consecutive." }, "geometry": { "type": "Point", "coordinates": [ 7.6570322, 45.0857644 ] } },
{ "type": "Feature", "properties": { "full_id": "n11565014952", "osm_id": "11565014952", "name": "Tassoni", "service_type": "food_drink", "service_subtype": "cafe", "route_id": "mau_campidoglio", "route_title": "MAU - Museo d'Arte Urbana di Borgo Campidoglio", "segment_id": "mau_campidoglio_02", "segment_index": 2, "from_artwork_id": "mau-assenza", "to_artwork_id": "mau-campidoglius", "from_title": "L’assenza", "to_title": "Campidoglius", "profile": "foot-walking", "distance_m": 102.9, "duration_min": 1.235, "notes": "Segmento generato automaticamente con ORS tra due tappe consecutive." }, "geometry": { "type": "Point", "coordinates": [ 7.6564181, 45.0854475 ] } },
{ "type": "Feature", "properties": { "full_id": "n1254531624", "osm_id": "1254531624", "name": "Medail", "service_type": "transport", "service_subtype": "bus_stop", "route_id": "mau_campidoglio", "route_title": "MAU - Museo d'Arte Urbana di Borgo Campidoglio", "segment_id": "mau_campidoglio_02", "segment_index": 2, "from_artwork_id": "mau-assenza", "to_artwork_id": "mau-campidoglius", "from_title": "L’assenza", "to_title": "Campidoglius", "profile": "foot-walking", "distance_m": 102.9, "duration_min": 1.235, "notes": "Segmento generato automaticamente con ORS tra due tappe consecutive." }, "geometry": { "type": "Point", "coordinates": [ 7.6580027, 45.0832241 ] } },
{ "type": "Feature", "properties": { "full_id": "n1254531625", "osm_id": "1254531625", "name": "Medail", "service_type": "transport", "service_subtype": "bus_stop", "route_id": "mau_campidoglio", "route_title": "MAU - Museo d'Arte Urbana di Borgo Campidoglio", "segment_id": "mau_campidoglio_02", "segment_index": 2, "from_artwork_id": "mau-assenza", "to_artwork_id": "mau-campidoglius", "from_title": "L’assenza", "to_title": "Campidoglius", "profile": "foot-walking", "distance_m": 102.9, "duration_min": 1.235, "notes": "Segmento generato automaticamente con ORS tra due tappe consecutive." }, "geometry": { "type": "Point", "coordinates": [ 7.6583936, 45.082947 ] } },
{ "type": "Feature", "properties": { "full_id": "n1262183268", "osm_id": "1262183268", "name": "Martinetto", "service_type": "transport", "service_subtype": "bus_stop", "route_id": "mau_campidoglio", "route_title": "MAU - Museo d'Arte Urbana di Borgo Campidoglio", "segment_id": "mau_campidoglio_02", "segment_index": 2, "from_artwork_id": "mau-assenza", "to_artwork_id": "mau-campidoglius", "from_title": "L’assenza", "to_title": "Campidoglius", "profile": "foot-walking", "distance_m": 102.9, "duration_min": 1.235, "notes": "Segmento generato automaticamente con ORS tra due tappe consecutive." }, "geometry": { "type": "Point", "coordinates": [ 7.6558457, 45.0852567 ] } },
{ "type": "Feature", "properties": { "full_id": "n1262195456", "osm_id": "1262195456", "name": "Tassoni", "service_type": "transport", "service_subtype": "bus_stop", "route_id": "mau_campidoglio", "route_title": "MAU - Museo d'Arte Urbana di Borgo Campidoglio", "segment_id": "mau_campidoglio_02", "segment_index": 2, "from_artwork_id": "mau-assenza", "to_artwork_id": "mau-campidoglius", "from_title": "L’assenza", "to_title": "Campidoglius", "profile": "foot-walking", "distance_m": 102.9, "duration_min": 1.235, "notes": "Segmento generato automaticamente con ORS tra due tappe consecutive." }, "geometry": { "type": "Point", "coordinates": [ 7.6568075, 45.085715 ] } },
{ "type": "Feature", "properties": { "full_id": "n1262198343", "osm_id": "1262198343", "name": "Martinetto", "service_type": "transport", "service_subtype": "bus_stop", "route_id": "mau_campidoglio", "route_title": "MAU - Museo d'Arte Urbana di Borgo Campidoglio", "segment_id": "mau_campidoglio_02", "segment_index": 2, "from_artwork_id": "mau-assenza", "to_artwork_id": "mau-campidoglius", "from_title": "L’assenza", "to_title": "Campidoglius", "profile": "foot-walking", "distance_m": 102.9, "duration_min": 1.235, "notes": "Segmento generato automaticamente con ORS tra due tappe consecutive." }, "geometry": { "type": "Point", "coordinates": [ 7.6563198, 45.0853171 ] } },
{ "type": "Feature", "properties": { "full_id": "n1262204423", "osm_id": "1262204423", "name": "Martinetto", "service_type": "transport", "service_subtype": "bus_stop", "route_id": "mau_campidoglio", "route_title": "MAU - Museo d'Arte Urbana di Borgo Campidoglio", "segment_id": "mau_campidoglio_02", "segment_index": 2, "from_artwork_id": "mau-assenza", "to_artwork_id": "mau-campidoglius", "from_title": "L’assenza", "to_title": "Campidoglius", "profile": "foot-walking", "distance_m": 102.9, "duration_min": 1.235, "notes": "Segmento generato automaticamente con ORS tra due tappe consecutive." }, "geometry": { "type": "Point", "coordinates": [ 7.6561245, 45.0853546 ] } },
{ "type": "Feature", "properties": { "full_id": "n1262204495", "osm_id": "1262204495", "name": "Tassoni", "service_type": "transport", "service_subtype": "bus_stop", "route_id": "mau_campidoglio", "route_title": "MAU - Museo d'Arte Urbana di Borgo Campidoglio", "segment_id": "mau_campidoglio_02", "segment_index": 2, "from_artwork_id": "mau-assenza", "to_artwork_id": "mau-campidoglius", "from_title": "L’assenza", "to_title": "Campidoglius", "profile": "foot-walking", "distance_m": 102.9, "duration_min": 1.235, "notes": "Segmento generato automaticamente con ORS tra due tappe consecutive." }, "geometry": { "type": "Point", "coordinates": [ 7.657124, 45.0853981 ] } },
{ "type": "Feature", "properties": { "full_id": "n1262209535", "osm_id": "1262209535", "name": "Tassoni Capolinea", "service_type": "transport", "service_subtype": "bus_stop", "route_id": "mau_campidoglio", "route_title": "MAU - Museo d'Arte Urbana di Borgo Campidoglio", "segment_id": "mau_campidoglio_02", "segment_index": 2, "from_artwork_id": "mau-assenza", "to_artwork_id": "mau-campidoglius", "from_title": "L’assenza", "to_title": "Campidoglius", "profile": "foot-walking", "distance_m": 102.9, "duration_min": 1.235, "notes": "Segmento generato automaticamente con ORS tra due tappe consecutive." }, "geometry": { "type": "Point", "coordinates": [ 7.6556796, 45.0847506 ] } },
{ "type": "Feature", "properties": { "full_id": "n948015819", "osm_id": "948015819", "name": "Tassoni", "service_type": "transport", "service_subtype": "tram_stop", "route_id": "mau_campidoglio", "route_title": "MAU - Museo d'Arte Urbana di Borgo Campidoglio", "segment_id": "mau_campidoglio_02", "segment_index": 2, "from_artwork_id": "mau-assenza", "to_artwork_id": "mau-campidoglius", "from_title": "L’assenza", "to_title": "Campidoglius", "profile": "foot-walking", "distance_m": 102.9, "duration_min": 1.235, "notes": "Segmento generato automaticamente con ORS tra due tappe consecutive." }, "geometry": { "type": "Point", "coordinates": [ 7.6570088, 45.0854604 ] } },
{ "type": "Feature", "properties": { "full_id": "n948015844", "osm_id": "948015844", "name": "Martinetto", "service_type": "transport", "service_subtype": "tram_stop", "route_id": "mau_campidoglio", "route_title": "MAU - Museo d'Arte Urbana di Borgo Campidoglio", "segment_id": "mau_campidoglio_02", "segment_index": 2, "from_artwork_id": "mau-assenza", "to_artwork_id": "mau-campidoglius", "from_title": "L’assenza", "to_title": "Campidoglius", "profile": "foot-walking", "distance_m": 102.9, "duration_min": 1.235, "notes": "Segmento generato automaticamente con ORS tra due tappe consecutive." }, "geometry": { "type": "Point", "coordinates": [ 7.6561034, 45.0853948 ] } },
{ "type": "Feature", "properties": { "full_id": "n948016105", "osm_id": "948016105", "name": "Tassoni", "service_type": "transport", "service_subtype": "tram_stop", "route_id": "mau_campidoglio", "route_title": "MAU - Museo d'Arte Urbana di Borgo Campidoglio", "segment_id": "mau_campidoglio_02", "segment_index": 2, "from_artwork_id": "mau-assenza", "to_artwork_id": "mau-campidoglius", "from_title": "L’assenza", "to_title": "Campidoglius", "profile": "foot-walking", "distance_m": 102.9, "duration_min": 1.235, "notes": "Segmento generato automaticamente con ORS tra due tappe consecutive." }, "geometry": { "type": "Point", "coordinates": [ 7.6567711, 45.0856796 ] } },
{ "type": "Feature", "properties": { "full_id": "n1229827566", "osm_id": "1229827566", "name": "Martinetto", "service_type": "transport", "service_subtype": "tram_stop", "route_id": "mau_campidoglio", "route_title": "MAU - Museo d'Arte Urbana di Borgo Campidoglio", "segment_id": "mau_campidoglio_02", "segment_index": 2, "from_artwork_id": "mau-assenza", "to_artwork_id": "mau-campidoglius", "from_title": "L’assenza", "to_title": "Campidoglius", "profile": "foot-walking", "distance_m": 102.9, "duration_min": 1.235, "notes": "Segmento generato automaticamente con ORS tra due tappe consecutive." }, "geometry": { "type": "Point", "coordinates": [ 7.6558892, 45.0852555 ] } },
{ "type": "Feature", "properties": { "full_id": "n6876243995", "osm_id": "6876243995", "name": "I 3 Motivi", "service_type": "food_drink", "service_subtype": "bar", "route_id": "mau_campidoglio", "route_title": "MAU - Museo d'Arte Urbana di Borgo Campidoglio", "segment_id": "mau_campidoglio_03", "segment_index": 3, "from_artwork_id": "mau-campidoglius", "to_artwork_id": "mau-cor-lesu", "from_title": "Campidoglius", "to_title": "Cor lesu", "profile": "foot-walking", "distance_m": 221.1, "duration_min": 2.6533333333333333, "notes": "Segmento generato automaticamente con ORS tra due tappe consecutive." }, "geometry": { "type": "Point", "coordinates": [ 7.6570322, 45.0857644 ] } },
{ "type": "Feature", "properties": { "full_id": "n11564982371", "osm_id": "11564982371", "name": null, "service_type": "food_drink", "service_subtype": "cafe", "route_id": "mau_campidoglio", "route_title": "MAU - Museo d'Arte Urbana di Borgo Campidoglio", "segment_id": "mau_campidoglio_03", "segment_index": 3, "from_artwork_id": "mau-campidoglius", "to_artwork_id": "mau-cor-lesu", "from_title": "Campidoglius", "to_title": "Cor lesu", "profile": "foot-walking", "distance_m": 221.1, "duration_min": 2.6533333333333333, "notes": "Segmento generato automaticamente con ORS tra due tappe consecutive." }, "geometry": { "type": "Point", "coordinates": [ 7.6608924, 45.0839272 ] } },
{ "type": "Feature", "properties": { "full_id": "n11565014952", "osm_id": "11565014952", "name": "Tassoni", "service_type": "food_drink", "service_subtype": "cafe", "route_id": "mau_campidoglio", "route_title": "MAU - Museo d'Arte Urbana di Borgo Campidoglio", "segment_id": "mau_campidoglio_03", "segment_index": 3, "from_artwork_id": "mau-campidoglius", "to_artwork_id": "mau-cor-lesu", "from_title": "Campidoglius", "to_title": "Cor lesu", "profile": "foot-walking", "distance_m": 221.1, "duration_min": 2.6533333333333333, "notes": "Segmento generato automaticamente con ORS tra due tappe consecutive." }, "geometry": { "type": "Point", "coordinates": [ 7.6564181, 45.0854475 ] } },
{ "type": "Feature", "properties": { "full_id": "n7843759212", "osm_id": "7843759212", "name": "Gelateria Caffetteria L'isola di Giava", "service_type": "food_drink", "service_subtype": "ice_cream", "route_id": "mau_campidoglio", "route_title": "MAU - Museo d'Arte Urbana di Borgo Campidoglio", "segment_id": "mau_campidoglio_03", "segment_index": 3, "from_artwork_id": "mau-campidoglius", "to_artwork_id": "mau-cor-lesu", "from_title": "Campidoglius", "to_title": "Cor lesu", "profile": "foot-walking", "distance_m": 221.1, "duration_min": 2.6533333333333333, "notes": "Segmento generato automaticamente con ORS tra due tappe consecutive." }, "geometry": { "type": "Point", "coordinates": [ 7.6597543, 45.0848634 ] } },
{ "type": "Feature", "properties": { "full_id": "n1254531624", "osm_id": "1254531624", "name": "Medail", "service_type": "transport", "service_subtype": "bus_stop", "route_id": "mau_campidoglio", "route_title": "MAU - Museo d'Arte Urbana di Borgo Campidoglio", "segment_id": "mau_campidoglio_03", "segment_index": 3, "from_artwork_id": "mau-campidoglius", "to_artwork_id": "mau-cor-lesu", "from_title": "Campidoglius", "to_title": "Cor lesu", "profile": "foot-walking", "distance_m": 221.1, "duration_min": 2.6533333333333333, "notes": "Segmento generato automaticamente con ORS tra due tappe consecutive." }, "geometry": { "type": "Point", "coordinates": [ 7.6580027, 45.0832241 ] } },
{ "type": "Feature", "properties": { "full_id": "n1254531625", "osm_id": "1254531625", "name": "Medail", "service_type": "transport", "service_subtype": "bus_stop", "route_id": "mau_campidoglio", "route_title": "MAU - Museo d'Arte Urbana di Borgo Campidoglio", "segment_id": "mau_campidoglio_03", "segment_index": 3, "from_artwork_id": "mau-campidoglius", "to_artwork_id": "mau-cor-lesu", "from_title": "Campidoglius", "to_title": "Cor lesu", "profile": "foot-walking", "distance_m": 221.1, "duration_min": 2.6533333333333333, "notes": "Segmento generato automaticamente con ORS tra due tappe consecutive." }, "geometry": { "type": "Point", "coordinates": [ 7.6583936, 45.082947 ] } },
{ "type": "Feature", "properties": { "full_id": "n1262183268", "osm_id": "1262183268", "name": "Martinetto", "service_type": "transport", "service_subtype": "bus_stop", "route_id": "mau_campidoglio", "route_title": "MAU - Museo d'Arte Urbana di Borgo Campidoglio", "segment_id": "mau_campidoglio_03", "segment_index": 3, "from_artwork_id": "mau-campidoglius", "to_artwork_id": "mau-cor-lesu", "from_title": "Campidoglius", "to_title": "Cor lesu", "profile": "foot-walking", "distance_m": 221.1, "duration_min": 2.6533333333333333, "notes": "Segmento generato automaticamente con ORS tra due tappe consecutive." }, "geometry": { "type": "Point", "coordinates": [ 7.6558457, 45.0852567 ] } },
{ "type": "Feature", "properties": { "full_id": "n1262195456", "osm_id": "1262195456", "name": "Tassoni", "service_type": "transport", "service_subtype": "bus_stop", "route_id": "mau_campidoglio", "route_title": "MAU - Museo d'Arte Urbana di Borgo Campidoglio", "segment_id": "mau_campidoglio_03", "segment_index": 3, "from_artwork_id": "mau-campidoglius", "to_artwork_id": "mau-cor-lesu", "from_title": "Campidoglius", "to_title": "Cor lesu", "profile": "foot-walking", "distance_m": 221.1, "duration_min": 2.6533333333333333, "notes": "Segmento generato automaticamente con ORS tra due tappe consecutive." }, "geometry": { "type": "Point", "coordinates": [ 7.6568075, 45.085715 ] } },
{ "type": "Feature", "properties": { "full_id": "n1262198343", "osm_id": "1262198343", "name": "Martinetto", "service_type": "transport", "service_subtype": "bus_stop", "route_id": "mau_campidoglio", "route_title": "MAU - Museo d'Arte Urbana di Borgo Campidoglio", "segment_id": "mau_campidoglio_03", "segment_index": 3, "from_artwork_id": "mau-campidoglius", "to_artwork_id": "mau-cor-lesu", "from_title": "Campidoglius", "to_title": "Cor lesu", "profile": "foot-walking", "distance_m": 221.1, "duration_min": 2.6533333333333333, "notes": "Segmento generato automaticamente con ORS tra due tappe consecutive." }, "geometry": { "type": "Point", "coordinates": [ 7.6563198, 45.0853171 ] } },
{ "type": "Feature", "properties": { "full_id": "n1262204423", "osm_id": "1262204423", "name": "Martinetto", "service_type": "transport", "service_subtype": "bus_stop", "route_id": "mau_campidoglio", "route_title": "MAU - Museo d'Arte Urbana di Borgo Campidoglio", "segment_id": "mau_campidoglio_03", "segment_index": 3, "from_artwork_id": "mau-campidoglius", "to_artwork_id": "mau-cor-lesu", "from_title": "Campidoglius", "to_title": "Cor lesu", "profile": "foot-walking", "distance_m": 221.1, "duration_min": 2.6533333333333333, "notes": "Segmento generato automaticamente con ORS tra due tappe consecutive." }, "geometry": { "type": "Point", "coordinates": [ 7.6561245, 45.0853546 ] } },
{ "type": "Feature", "properties": { "full_id": "n1262204495", "osm_id": "1262204495", "name": "Tassoni", "service_type": "transport", "service_subtype": "bus_stop", "route_id": "mau_campidoglio", "route_title": "MAU - Museo d'Arte Urbana di Borgo Campidoglio", "segment_id": "mau_campidoglio_03", "segment_index": 3, "from_artwork_id": "mau-campidoglius", "to_artwork_id": "mau-cor-lesu", "from_title": "Campidoglius", "to_title": "Cor lesu", "profile": "foot-walking", "distance_m": 221.1, "duration_min": 2.6533333333333333, "notes": "Segmento generato automaticamente con ORS tra due tappe consecutive." }, "geometry": { "type": "Point", "coordinates": [ 7.657124, 45.0853981 ] } },
{ "type": "Feature", "properties": { "full_id": "n1262209535", "osm_id": "1262209535", "name": "Tassoni Capolinea", "service_type": "transport", "service_subtype": "bus_stop", "route_id": "mau_campidoglio", "route_title": "MAU - Museo d'Arte Urbana di Borgo Campidoglio", "segment_id": "mau_campidoglio_03", "segment_index": 3, "from_artwork_id": "mau-campidoglius", "to_artwork_id": "mau-cor-lesu", "from_title": "Campidoglius", "to_title": "Cor lesu", "profile": "foot-walking", "distance_m": 221.1, "duration_min": 2.6533333333333333, "notes": "Segmento generato automaticamente con ORS tra due tappe consecutive." }, "geometry": { "type": "Point", "coordinates": [ 7.6556796, 45.0847506 ] } },
{ "type": "Feature", "properties": { "full_id": "n948015819", "osm_id": "948015819", "name": "Tassoni", "service_type": "transport", "service_subtype": "tram_stop", "route_id": "mau_campidoglio", "route_title": "MAU - Museo d'Arte Urbana di Borgo Campidoglio", "segment_id": "mau_campidoglio_03", "segment_index": 3, "from_artwork_id": "mau-campidoglius", "to_artwork_id": "mau-cor-lesu", "from_title": "Campidoglius", "to_title": "Cor lesu", "profile": "foot-walking", "distance_m": 221.1, "duration_min": 2.6533333333333333, "notes": "Segmento generato automaticamente con ORS tra due tappe consecutive." }, "geometry": { "type": "Point", "coordinates": [ 7.6570088, 45.0854604 ] } },
{ "type": "Feature", "properties": { "full_id": "n948015844", "osm_id": "948015844", "name": "Martinetto", "service_type": "transport", "service_subtype": "tram_stop", "route_id": "mau_campidoglio", "route_title": "MAU - Museo d'Arte Urbana di Borgo Campidoglio", "segment_id": "mau_campidoglio_03", "segment_index": 3, "from_artwork_id": "mau-campidoglius", "to_artwork_id": "mau-cor-lesu", "from_title": "Campidoglius", "to_title": "Cor lesu", "profile": "foot-walking", "distance_m": 221.1, "duration_min": 2.6533333333333333, "notes": "Segmento generato automaticamente con ORS tra due tappe consecutive." }, "geometry": { "type": "Point", "coordinates": [ 7.6561034, 45.0853948 ] } },
{ "type": "Feature", "properties": { "full_id": "n948016105", "osm_id": "948016105", "name": "Tassoni", "service_type": "transport", "service_subtype": "tram_stop", "route_id": "mau_campidoglio", "route_title": "MAU - Museo d'Arte Urbana di Borgo Campidoglio", "segment_id": "mau_campidoglio_03", "segment_index": 3, "from_artwork_id": "mau-campidoglius", "to_artwork_id": "mau-cor-lesu", "from_title": "Campidoglius", "to_title": "Cor lesu", "profile": "foot-walking", "distance_m": 221.1, "duration_min": 2.6533333333333333, "notes": "Segmento generato automaticamente con ORS tra due tappe consecutive." }, "geometry": { "type": "Point", "coordinates": [ 7.6567711, 45.0856796 ] } },
{ "type": "Feature", "properties": { "full_id": "n1229827566", "osm_id": "1229827566", "name": "Martinetto", "service_type": "transport", "service_subtype": "tram_stop", "route_id": "mau_campidoglio", "route_title": "MAU - Museo d'Arte Urbana di Borgo Campidoglio", "segment_id": "mau_campidoglio_03", "segment_index": 3, "from_artwork_id": "mau-campidoglius", "to_artwork_id": "mau-cor-lesu", "from_title": "Campidoglius", "to_title": "Cor lesu", "profile": "foot-walking", "distance_m": 221.1, "duration_min": 2.6533333333333333, "notes": "Segmento generato automaticamente con ORS tra due tappe consecutive." }, "geometry": { "type": "Point", "coordinates": [ 7.6558892, 45.0852555 ] } },
{ "type": "Feature", "properties": { "full_id": "n2018175888", "osm_id": "2018175888", "name": "Caffetteria degli Angeli", "service_type": "food_drink", "service_subtype": "bar", "route_id": "torino_reale_accessibile", "route_title": "Torino Reale e Monumentale - Variante accessibile", "segment_id": "torino_reale_accessibile_02", "segment_index": 2, "from_artwork_id": "musei-reali", "to_artwork_id": "cappella-sindone", "from_title": "Musei Reali", "to_title": "Cappella della Sacra Sindone", "profile": "wheelchair", "distance_m": 95.9, "duration_min": 1.15, "notes": "Segmento generato automaticamente con ORS tra due tappe consecutive." }, "geometry": { "type": "Point", "coordinates": [ 7.6844502, 45.0728711 ] } },
{ "type": "Feature", "properties": { "full_id": "n2018175892", "osm_id": "2018175892", "name": "Duomo", "service_type": "food_drink", "service_subtype": "bar", "route_id": "torino_reale_accessibile", "route_title": "Torino Reale e Monumentale - Variante accessibile", "segment_id": "torino_reale_accessibile_02", "segment_index": 2, "from_artwork_id": "musei-reali", "to_artwork_id": "cappella-sindone", "from_title": "Musei Reali", "to_title": "Cappella della Sacra Sindone", "profile": "wheelchair", "distance_m": 95.9, "duration_min": 1.15, "notes": "Segmento generato automaticamente con ORS tra due tappe consecutive." }, "geometry": { "type": "Point", "coordinates": [ 7.6839762, 45.0724362 ] } },
{ "type": "Feature", "properties": { "full_id": "n2068288947", "osm_id": "2068288947", "name": "Bar Francia", "service_type": "food_drink", "service_subtype": "bar", "route_id": "torino_reale_accessibile", "route_title": "Torino Reale e Monumentale - Variante accessibile", "segment_id": "torino_reale_accessibile_02", "segment_index": 2, "from_artwork_id": "musei-reali", "to_artwork_id": "cappella-sindone", "from_title": "Musei Reali", "to_title": "Cappella della Sacra Sindone", "profile": "wheelchair", "distance_m": 95.9, "duration_min": 1.15, "notes": "Segmento generato automaticamente con ORS tra due tappe consecutive." }, "geometry": { "type": "Point", "coordinates": [ 7.6838406, 45.0715756 ] } },
{ "type": "Feature", "properties": { "full_id": "n4444014760", "osm_id": "4444014760", "name": "Bar Antica Piazza delle Erbe", "service_type": "food_drink", "service_subtype": "bar", "route_id": "torino_reale_accessibile", "route_title": "Torino Reale e Monumentale - Variante accessibile", "segment_id": "torino_reale_accessibile_02", "segment_index": 2, "from_artwork_id": "musei-reali", "to_artwork_id": "cappella-sindone", "from_title": "Musei Reali", "to_title": "Cappella della Sacra Sindone", "profile": "wheelchair", "distance_m": 95.9, "duration_min": 1.15, "notes": "Segmento generato automaticamente con ORS tra due tappe consecutive." }, "geometry": { "type": "Point", "coordinates": [ 7.6839889, 45.0721498 ] } },
{ "type": "Feature", "properties": { "full_id": "n2068316260", "osm_id": "2068316260", "name": "Cafe Savoia", "service_type": "food_drink", "service_subtype": "cafe", "route_id": "torino_reale_accessibile", "route_title": "Torino Reale e Monumentale - Variante accessibile", "segment_id": "torino_reale_accessibile_02", "segment_index": 2, "from_artwork_id": "musei-reali", "to_artwork_id": "cappella-sindone", "from_title": "Musei Reali", "to_title": "Cappella della Sacra Sindone", "profile": "wheelchair", "distance_m": 95.9, "duration_min": 1.15, "notes": "Segmento generato automaticamente con ORS tra due tappe consecutive." }, "geometry": { "type": "Point", "coordinates": [ 7.6842708, 45.0714108 ] } },
{ "type": "Feature", "properties": { "full_id": "n3363502752", "osm_id": "3363502752", "name": "Caffè Reale", "service_type": "food_drink", "service_subtype": "cafe", "route_id": "torino_reale_accessibile", "route_title": "Torino Reale e Monumentale - Variante accessibile", "segment_id": "torino_reale_accessibile_02", "segment_index": 2, "from_artwork_id": "musei-reali", "to_artwork_id": "cappella-sindone", "from_title": "Musei Reali", "to_title": "Cappella della Sacra Sindone", "profile": "wheelchair", "distance_m": 95.9, "duration_min": 1.15, "notes": "Segmento generato automaticamente con ORS tra due tappe consecutive." }, "geometry": { "type": "Point", "coordinates": [ 7.6859549, 45.0734691 ] } },
{ "type": "Feature", "properties": { "full_id": "n3774212366", "osm_id": "3774212366", "name": "Fiorio", "service_type": "food_drink", "service_subtype": "cafe", "route_id": "torino_reale_accessibile", "route_title": "Torino Reale e Monumentale - Variante accessibile", "segment_id": "torino_reale_accessibile_02", "segment_index": 2, "from_artwork_id": "musei-reali", "to_artwork_id": "cappella-sindone", "from_title": "Musei Reali", "to_title": "Cappella della Sacra Sindone", "profile": "wheelchair", "distance_m": 95.9, "duration_min": 1.15, "notes": "Segmento generato automaticamente con ORS tra due tappe consecutive." }, "geometry": { "type": "Point", "coordinates": [ 7.6844204, 45.0713398 ] } },
{ "type": "Feature", "properties": { "full_id": "n6960480385", "osm_id": "6960480385", "name": "Minimarket", "service_type": "food_drink", "service_subtype": "cafe", "route_id": "torino_reale_accessibile", "route_title": "Torino Reale e Monumentale - Variante accessibile", "segment_id": "torino_reale_accessibile_02", "segment_index": 2, "from_artwork_id": "musei-reali", "to_artwork_id": "cappella-sindone", "from_title": "Musei Reali", "to_title": "Cappella della Sacra Sindone", "profile": "wheelchair", "distance_m": 95.9, "duration_min": 1.15, "notes": "Segmento generato automaticamente con ORS tra due tappe consecutive." }, "geometry": { "type": "Point", "coordinates": [ 7.6840672, 45.0723034 ] } },
{ "type": "Feature", "properties": { "full_id": "n4836095522", "osm_id": "4836095522", "name": "Gelateria Vanilla", "service_type": "food_drink", "service_subtype": "ice_cream", "route_id": "torino_reale_accessibile", "route_title": "Torino Reale e Monumentale - Variante accessibile", "segment_id": "torino_reale_accessibile_02", "segment_index": 2, "from_artwork_id": "musei-reali", "to_artwork_id": "cappella-sindone", "from_title": "Musei Reali", "to_title": "Cappella della Sacra Sindone", "profile": "wheelchair", "distance_m": 95.9, "duration_min": 1.15, "notes": "Segmento generato automaticamente con ORS tra due tappe consecutive." }, "geometry": { "type": "Point", "coordinates": [ 7.6843549, 45.0720345 ] } },
{ "type": "Feature", "properties": { "full_id": "n1198867556", "osm_id": "1198867556", "name": "Garibaldi", "service_type": "transport", "service_subtype": "bus_stop", "route_id": "torino_reale_accessibile", "route_title": "Torino Reale e Monumentale - Variante accessibile", "segment_id": "torino_reale_accessibile_02", "segment_index": 2, "from_artwork_id": "musei-reali", "to_artwork_id": "cappella-sindone", "from_title": "Musei Reali", "to_title": "Cappella della Sacra Sindone", "profile": "wheelchair", "distance_m": 95.9, "duration_min": 1.15, "notes": "Segmento generato automaticamente con ORS tra due tappe consecutive." }, "geometry": { "type": "Point", "coordinates": [ 7.6837258, 45.0718764 ] } },
{ "type": "Feature", "properties": { "full_id": "n1198867687", "osm_id": "1198867687", "name": "Duomo - Musei Reali", "service_type": "transport", "service_subtype": "bus_stop", "route_id": "torino_reale_accessibile", "route_title": "Torino Reale e Monumentale - Variante accessibile", "segment_id": "torino_reale_accessibile_02", "segment_index": 2, "from_artwork_id": "musei-reali", "to_artwork_id": "cappella-sindone", "from_title": "Musei Reali", "to_title": "Cappella della Sacra Sindone", "profile": "wheelchair", "distance_m": 95.9, "duration_min": 1.15, "notes": "Segmento generato automaticamente con ORS tra due tappe consecutive." }, "geometry": { "type": "Point", "coordinates": [ 7.6853037, 45.0743182 ] } },
{ "type": "Feature", "properties": { "full_id": "n941491730", "osm_id": "941491730", "name": "Duomo - Musei Reali", "service_type": "transport", "service_subtype": "tram_stop", "route_id": "torino_reale_accessibile", "route_title": "Torino Reale e Monumentale - Variante accessibile", "segment_id": "torino_reale_accessibile_02", "segment_index": 2, "from_artwork_id": "musei-reali", "to_artwork_id": "cappella-sindone", "from_title": "Musei Reali", "to_title": "Cappella della Sacra Sindone", "profile": "wheelchair", "distance_m": 95.9, "duration_min": 1.15, "notes": "Segmento generato automaticamente con ORS tra due tappe consecutive." }, "geometry": { "type": "Point", "coordinates": [ 7.6852852, 45.0743305 ] } },
{ "type": "Feature", "properties": { "full_id": "n1167320980", "osm_id": "1167320980", "name": "Garibaldi", "service_type": "transport", "service_subtype": "tram_stop", "route_id": "torino_reale_accessibile", "route_title": "Torino Reale e Monumentale - Variante accessibile", "segment_id": "torino_reale_accessibile_02", "segment_index": 2, "from_artwork_id": "musei-reali", "to_artwork_id": "cappella-sindone", "from_title": "Musei Reali", "to_title": "Cappella della Sacra Sindone", "profile": "wheelchair", "distance_m": 95.9, "duration_min": 1.15, "notes": "Segmento generato automaticamente con ORS tra due tappe consecutive." }, "geometry": { "type": "Point", "coordinates": [ 7.6837141, 45.0718796 ] } },
{ "type": "Feature", "properties": { "full_id": "n1370347438", "osm_id": "1370347438", "name": "Castello Est Capolinea", "service_type": "transport", "service_subtype": "tram_stop", "route_id": "torino_reale_accessibile", "route_title": "Torino Reale e Monumentale - Variante accessibile", "segment_id": "torino_reale_accessibile_02", "segment_index": 2, "from_artwork_id": "musei-reali", "to_artwork_id": "cappella-sindone", "from_title": "Musei Reali", "to_title": "Cappella della Sacra Sindone", "profile": "wheelchair", "distance_m": 95.9, "duration_min": 1.15, "notes": "Segmento generato automaticamente con ORS tra due tappe consecutive." }, "geometry": { "type": "Point", "coordinates": [ 7.6869898, 45.0708538 ] } },
{ "type": "Feature", "properties": { "full_id": "n6876243995", "osm_id": "6876243995", "name": "I 3 Motivi", "service_type": "food_drink", "service_subtype": "bar", "route_id": "mau_campidoglio_accessibile", "route_title": "MAU Borgo Campidoglio - Variante accessibile", "segment_id": "mau_campidoglio_accessibile_01", "segment_index": 1, "from_artwork_id": "mau-freedom", "to_artwork_id": "mau-assenza", "from_title": "Freedom", "to_title": "L’assenza", "profile": "wheelchair", "distance_m": 178.3, "duration_min": 2.175, "notes": "Segmento generato automaticamente con ORS tra due tappe consecutive." }, "geometry": { "type": "Point", "coordinates": [ 7.6570322, 45.0857644 ] } },
{ "type": "Feature", "properties": { "full_id": "n9582972803", "osm_id": "9582972803", "name": "Belle epoque", "service_type": "food_drink", "service_subtype": "bar", "route_id": "mau_campidoglio_accessibile", "route_title": "MAU Borgo Campidoglio - Variante accessibile", "segment_id": "mau_campidoglio_accessibile_01", "segment_index": 1, "from_artwork_id": "mau-freedom", "to_artwork_id": "mau-assenza", "from_title": "Freedom", "to_title": "L’assenza", "profile": "wheelchair", "distance_m": 178.3, "duration_min": 2.175, "notes": "Segmento generato automaticamente con ORS tra due tappe consecutive." }, "geometry": { "type": "Point", "coordinates": [ 7.6565751, 45.0862668 ] } },
{ "type": "Feature", "properties": { "full_id": "n11565014952", "osm_id": "11565014952", "name": "Tassoni", "service_type": "food_drink", "service_subtype": "cafe", "route_id": "mau_campidoglio_accessibile", "route_title": "MAU Borgo Campidoglio - Variante accessibile", "segment_id": "mau_campidoglio_accessibile_01", "segment_index": 1, "from_artwork_id": "mau-freedom", "to_artwork_id": "mau-assenza", "from_title": "Freedom", "to_title": "L’assenza", "profile": "wheelchair", "distance_m": 178.3, "duration_min": 2.175, "notes": "Segmento generato automaticamente con ORS tra due tappe consecutive." }, "geometry": { "type": "Point", "coordinates": [ 7.6564181, 45.0854475 ] } },
{ "type": "Feature", "properties": { "full_id": "n7843759212", "osm_id": "7843759212", "name": "Gelateria Caffetteria L'isola di Giava", "service_type": "food_drink", "service_subtype": "ice_cream", "route_id": "mau_campidoglio_accessibile", "route_title": "MAU Borgo Campidoglio - Variante accessibile", "segment_id": "mau_campidoglio_accessibile_01", "segment_index": 1, "from_artwork_id": "mau-freedom", "to_artwork_id": "mau-assenza", "from_title": "Freedom", "to_title": "L’assenza", "profile": "wheelchair", "distance_m": 178.3, "duration_min": 2.175, "notes": "Segmento generato automaticamente con ORS tra due tappe consecutive." }, "geometry": { "type": "Point", "coordinates": [ 7.6597543, 45.0848634 ] } },
{ "type": "Feature", "properties": { "full_id": "n1254531624", "osm_id": "1254531624", "name": "Medail", "service_type": "transport", "service_subtype": "bus_stop", "route_id": "mau_campidoglio_accessibile", "route_title": "MAU Borgo Campidoglio - Variante accessibile", "segment_id": "mau_campidoglio_accessibile_01", "segment_index": 1, "from_artwork_id": "mau-freedom", "to_artwork_id": "mau-assenza", "from_title": "Freedom", "to_title": "L’assenza", "profile": "wheelchair", "distance_m": 178.3, "duration_min": 2.175, "notes": "Segmento generato automaticamente con ORS tra due tappe consecutive." }, "geometry": { "type": "Point", "coordinates": [ 7.6580027, 45.0832241 ] } },
{ "type": "Feature", "properties": { "full_id": "n1254531625", "osm_id": "1254531625", "name": "Medail", "service_type": "transport", "service_subtype": "bus_stop", "route_id": "mau_campidoglio_accessibile", "route_title": "MAU Borgo Campidoglio - Variante accessibile", "segment_id": "mau_campidoglio_accessibile_01", "segment_index": 1, "from_artwork_id": "mau-freedom", "to_artwork_id": "mau-assenza", "from_title": "Freedom", "to_title": "L’assenza", "profile": "wheelchair", "distance_m": 178.3, "duration_min": 2.175, "notes": "Segmento generato automaticamente con ORS tra due tappe consecutive." }, "geometry": { "type": "Point", "coordinates": [ 7.6583936, 45.082947 ] } },
{ "type": "Feature", "properties": { "full_id": "n1262183268", "osm_id": "1262183268", "name": "Martinetto", "service_type": "transport", "service_subtype": "bus_stop", "route_id": "mau_campidoglio_accessibile", "route_title": "MAU Borgo Campidoglio - Variante accessibile", "segment_id": "mau_campidoglio_accessibile_01", "segment_index": 1, "from_artwork_id": "mau-freedom", "to_artwork_id": "mau-assenza", "from_title": "Freedom", "to_title": "L’assenza", "profile": "wheelchair", "distance_m": 178.3, "duration_min": 2.175, "notes": "Segmento generato automaticamente con ORS tra due tappe consecutive." }, "geometry": { "type": "Point", "coordinates": [ 7.6558457, 45.0852567 ] } },
{ "type": "Feature", "properties": { "full_id": "n1262195456", "osm_id": "1262195456", "name": "Tassoni", "service_type": "transport", "service_subtype": "bus_stop", "route_id": "mau_campidoglio_accessibile", "route_title": "MAU Borgo Campidoglio - Variante accessibile", "segment_id": "mau_campidoglio_accessibile_01", "segment_index": 1, "from_artwork_id": "mau-freedom", "to_artwork_id": "mau-assenza", "from_title": "Freedom", "to_title": "L’assenza", "profile": "wheelchair", "distance_m": 178.3, "duration_min": 2.175, "notes": "Segmento generato automaticamente con ORS tra due tappe consecutive." }, "geometry": { "type": "Point", "coordinates": [ 7.6568075, 45.085715 ] } },
{ "type": "Feature", "properties": { "full_id": "n1262198343", "osm_id": "1262198343", "name": "Martinetto", "service_type": "transport", "service_subtype": "bus_stop", "route_id": "mau_campidoglio_accessibile", "route_title": "MAU Borgo Campidoglio - Variante accessibile", "segment_id": "mau_campidoglio_accessibile_01", "segment_index": 1, "from_artwork_id": "mau-freedom", "to_artwork_id": "mau-assenza", "from_title": "Freedom", "to_title": "L’assenza", "profile": "wheelchair", "distance_m": 178.3, "duration_min": 2.175, "notes": "Segmento generato automaticamente con ORS tra due tappe consecutive." }, "geometry": { "type": "Point", "coordinates": [ 7.6563198, 45.0853171 ] } },
{ "type": "Feature", "properties": { "full_id": "n1262204423", "osm_id": "1262204423", "name": "Martinetto", "service_type": "transport", "service_subtype": "bus_stop", "route_id": "mau_campidoglio_accessibile", "route_title": "MAU Borgo Campidoglio - Variante accessibile", "segment_id": "mau_campidoglio_accessibile_01", "segment_index": 1, "from_artwork_id": "mau-freedom", "to_artwork_id": "mau-assenza", "from_title": "Freedom", "to_title": "L’assenza", "profile": "wheelchair", "distance_m": 178.3, "duration_min": 2.175, "notes": "Segmento generato automaticamente con ORS tra due tappe consecutive." }, "geometry": { "type": "Point", "coordinates": [ 7.6561245, 45.0853546 ] } },
{ "type": "Feature", "properties": { "full_id": "n1262204495", "osm_id": "1262204495", "name": "Tassoni", "service_type": "transport", "service_subtype": "bus_stop", "route_id": "mau_campidoglio_accessibile", "route_title": "MAU Borgo Campidoglio - Variante accessibile", "segment_id": "mau_campidoglio_accessibile_01", "segment_index": 1, "from_artwork_id": "mau-freedom", "to_artwork_id": "mau-assenza", "from_title": "Freedom", "to_title": "L’assenza", "profile": "wheelchair", "distance_m": 178.3, "duration_min": 2.175, "notes": "Segmento generato automaticamente con ORS tra due tappe consecutive." }, "geometry": { "type": "Point", "coordinates": [ 7.657124, 45.0853981 ] } },
{ "type": "Feature", "properties": { "full_id": "n1262209535", "osm_id": "1262209535", "name": "Tassoni Capolinea", "service_type": "transport", "service_subtype": "bus_stop", "route_id": "mau_campidoglio_accessibile", "route_title": "MAU Borgo Campidoglio - Variante accessibile", "segment_id": "mau_campidoglio_accessibile_01", "segment_index": 1, "from_artwork_id": "mau-freedom", "to_artwork_id": "mau-assenza", "from_title": "Freedom", "to_title": "L’assenza", "profile": "wheelchair", "distance_m": 178.3, "duration_min": 2.175, "notes": "Segmento generato automaticamente con ORS tra due tappe consecutive." }, "geometry": { "type": "Point", "coordinates": [ 7.6556796, 45.0847506 ] } },
{ "type": "Feature", "properties": { "full_id": "n948015819", "osm_id": "948015819", "name": "Tassoni", "service_type": "transport", "service_subtype": "tram_stop", "route_id": "mau_campidoglio_accessibile", "route_title": "MAU Borgo Campidoglio - Variante accessibile", "segment_id": "mau_campidoglio_accessibile_01", "segment_index": 1, "from_artwork_id": "mau-freedom", "to_artwork_id": "mau-assenza", "from_title": "Freedom", "to_title": "L’assenza", "profile": "wheelchair", "distance_m": 178.3, "duration_min": 2.175, "notes": "Segmento generato automaticamente con ORS tra due tappe consecutive." }, "geometry": { "type": "Point", "coordinates": [ 7.6570088, 45.0854604 ] } },
{ "type": "Feature", "properties": { "full_id": "n948015844", "osm_id": "948015844", "name": "Martinetto", "service_type": "transport", "service_subtype": "tram_stop", "route_id": "mau_campidoglio_accessibile", "route_title": "MAU Borgo Campidoglio - Variante accessibile", "segment_id": "mau_campidoglio_accessibile_01", "segment_index": 1, "from_artwork_id": "mau-freedom", "to_artwork_id": "mau-assenza", "from_title": "Freedom", "to_title": "L’assenza", "profile": "wheelchair", "distance_m": 178.3, "duration_min": 2.175, "notes": "Segmento generato automaticamente con ORS tra due tappe consecutive." }, "geometry": { "type": "Point", "coordinates": [ 7.6561034, 45.0853948 ] } },
{ "type": "Feature", "properties": { "full_id": "n948016105", "osm_id": "948016105", "name": "Tassoni", "service_type": "transport", "service_subtype": "tram_stop", "route_id": "mau_campidoglio_accessibile", "route_title": "MAU Borgo Campidoglio - Variante accessibile", "segment_id": "mau_campidoglio_accessibile_01", "segment_index": 1, "from_artwork_id": "mau-freedom", "to_artwork_id": "mau-assenza", "from_title": "Freedom", "to_title": "L’assenza", "profile": "wheelchair", "distance_m": 178.3, "duration_min": 2.175, "notes": "Segmento generato automaticamente con ORS tra due tappe consecutive." }, "geometry": { "type": "Point", "coordinates": [ 7.6567711, 45.0856796 ] } },
{ "type": "Feature", "properties": { "full_id": "n1229827566", "osm_id": "1229827566", "name": "Martinetto", "service_type": "transport", "service_subtype": "tram_stop", "route_id": "mau_campidoglio_accessibile", "route_title": "MAU Borgo Campidoglio - Variante accessibile", "segment_id": "mau_campidoglio_accessibile_01", "segment_index": 1, "from_artwork_id": "mau-freedom", "to_artwork_id": "mau-assenza", "from_title": "Freedom", "to_title": "L’assenza", "profile": "wheelchair", "distance_m": 178.3, "duration_min": 2.175, "notes": "Segmento generato automaticamente con ORS tra due tappe consecutive." }, "geometry": { "type": "Point", "coordinates": [ 7.6558892, 45.0852555 ] } },
{ "type": "Feature", "properties": { "full_id": "n6876243995", "osm_id": "6876243995", "name": "I 3 Motivi", "service_type": "food_drink", "service_subtype": "bar", "route_id": "mau_campidoglio_accessibile", "route_title": "MAU Borgo Campidoglio - Variante accessibile", "segment_id": "mau_campidoglio_accessibile_02", "segment_index": 2, "from_artwork_id": "mau-assenza", "to_artwork_id": "mau-campidoglius", "from_title": "L’assenza", "to_title": "Campidoglius", "profile": "wheelchair", "distance_m": 103.3, "duration_min": 1.275, "notes": "Segmento generato automaticamente con ORS tra due tappe consecutive." }, "geometry": { "type": "Point", "coordinates": [ 7.6570322, 45.0857644 ] } },
{ "type": "Feature", "properties": { "full_id": "n11565014952", "osm_id": "11565014952", "name": "Tassoni", "service_type": "food_drink", "service_subtype": "cafe", "route_id": "mau_campidoglio_accessibile", "route_title": "MAU Borgo Campidoglio - Variante accessibile", "segment_id": "mau_campidoglio_accessibile_02", "segment_index": 2, "from_artwork_id": "mau-assenza", "to_artwork_id": "mau-campidoglius", "from_title": "L’assenza", "to_title": "Campidoglius", "profile": "wheelchair", "distance_m": 103.3, "duration_min": 1.275, "notes": "Segmento generato automaticamente con ORS tra due tappe consecutive." }, "geometry": { "type": "Point", "coordinates": [ 7.6564181, 45.0854475 ] } },
{ "type": "Feature", "properties": { "full_id": "n1254531624", "osm_id": "1254531624", "name": "Medail", "service_type": "transport", "service_subtype": "bus_stop", "route_id": "mau_campidoglio_accessibile", "route_title": "MAU Borgo Campidoglio - Variante accessibile", "segment_id": "mau_campidoglio_accessibile_02", "segment_index": 2, "from_artwork_id": "mau-assenza", "to_artwork_id": "mau-campidoglius", "from_title": "L’assenza", "to_title": "Campidoglius", "profile": "wheelchair", "distance_m": 103.3, "duration_min": 1.275, "notes": "Segmento generato automaticamente con ORS tra due tappe consecutive." }, "geometry": { "type": "Point", "coordinates": [ 7.6580027, 45.0832241 ] } },
{ "type": "Feature", "properties": { "full_id": "n1254531625", "osm_id": "1254531625", "name": "Medail", "service_type": "transport", "service_subtype": "bus_stop", "route_id": "mau_campidoglio_accessibile", "route_title": "MAU Borgo Campidoglio - Variante accessibile", "segment_id": "mau_campidoglio_accessibile_02", "segment_index": 2, "from_artwork_id": "mau-assenza", "to_artwork_id": "mau-campidoglius", "from_title": "L’assenza", "to_title": "Campidoglius", "profile": "wheelchair", "distance_m": 103.3, "duration_min": 1.275, "notes": "Segmento generato automaticamente con ORS tra due tappe consecutive." }, "geometry": { "type": "Point", "coordinates": [ 7.6583936, 45.082947 ] } },
{ "type": "Feature", "properties": { "full_id": "n1262183268", "osm_id": "1262183268", "name": "Martinetto", "service_type": "transport", "service_subtype": "bus_stop", "route_id": "mau_campidoglio_accessibile", "route_title": "MAU Borgo Campidoglio - Variante accessibile", "segment_id": "mau_campidoglio_accessibile_02", "segment_index": 2, "from_artwork_id": "mau-assenza", "to_artwork_id": "mau-campidoglius", "from_title": "L’assenza", "to_title": "Campidoglius", "profile": "wheelchair", "distance_m": 103.3, "duration_min": 1.275, "notes": "Segmento generato automaticamente con ORS tra due tappe consecutive." }, "geometry": { "type": "Point", "coordinates": [ 7.6558457, 45.0852567 ] } },
{ "type": "Feature", "properties": { "full_id": "n1262195456", "osm_id": "1262195456", "name": "Tassoni", "service_type": "transport", "service_subtype": "bus_stop", "route_id": "mau_campidoglio_accessibile", "route_title": "MAU Borgo Campidoglio - Variante accessibile", "segment_id": "mau_campidoglio_accessibile_02", "segment_index": 2, "from_artwork_id": "mau-assenza", "to_artwork_id": "mau-campidoglius", "from_title": "L’assenza", "to_title": "Campidoglius", "profile": "wheelchair", "distance_m": 103.3, "duration_min": 1.275, "notes": "Segmento generato automaticamente con ORS tra due tappe consecutive." }, "geometry": { "type": "Point", "coordinates": [ 7.6568075, 45.085715 ] } },
{ "type": "Feature", "properties": { "full_id": "n1262198343", "osm_id": "1262198343", "name": "Martinetto", "service_type": "transport", "service_subtype": "bus_stop", "route_id": "mau_campidoglio_accessibile", "route_title": "MAU Borgo Campidoglio - Variante accessibile", "segment_id": "mau_campidoglio_accessibile_02", "segment_index": 2, "from_artwork_id": "mau-assenza", "to_artwork_id": "mau-campidoglius", "from_title": "L’assenza", "to_title": "Campidoglius", "profile": "wheelchair", "distance_m": 103.3, "duration_min": 1.275, "notes": "Segmento generato automaticamente con ORS tra due tappe consecutive." }, "geometry": { "type": "Point", "coordinates": [ 7.6563198, 45.0853171 ] } },
{ "type": "Feature", "properties": { "full_id": "n1262204423", "osm_id": "1262204423", "name": "Martinetto", "service_type": "transport", "service_subtype": "bus_stop", "route_id": "mau_campidoglio_accessibile", "route_title": "MAU Borgo Campidoglio - Variante accessibile", "segment_id": "mau_campidoglio_accessibile_02", "segment_index": 2, "from_artwork_id": "mau-assenza", "to_artwork_id": "mau-campidoglius", "from_title": "L’assenza", "to_title": "Campidoglius", "profile": "wheelchair", "distance_m": 103.3, "duration_min": 1.275, "notes": "Segmento generato automaticamente con ORS tra due tappe consecutive." }, "geometry": { "type": "Point", "coordinates": [ 7.6561245, 45.0853546 ] } },
{ "type": "Feature", "properties": { "full_id": "n1262204495", "osm_id": "1262204495", "name": "Tassoni", "service_type": "transport", "service_subtype": "bus_stop", "route_id": "mau_campidoglio_accessibile", "route_title": "MAU Borgo Campidoglio - Variante accessibile", "segment_id": "mau_campidoglio_accessibile_02", "segment_index": 2, "from_artwork_id": "mau-assenza", "to_artwork_id": "mau-campidoglius", "from_title": "L’assenza", "to_title": "Campidoglius", "profile": "wheelchair", "distance_m": 103.3, "duration_min": 1.275, "notes": "Segmento generato automaticamente con ORS tra due tappe consecutive." }, "geometry": { "type": "Point", "coordinates": [ 7.657124, 45.0853981 ] } },
{ "type": "Feature", "properties": { "full_id": "n1262209535", "osm_id": "1262209535", "name": "Tassoni Capolinea", "service_type": "transport", "service_subtype": "bus_stop", "route_id": "mau_campidoglio_accessibile", "route_title": "MAU Borgo Campidoglio - Variante accessibile", "segment_id": "mau_campidoglio_accessibile_02", "segment_index": 2, "from_artwork_id": "mau-assenza", "to_artwork_id": "mau-campidoglius", "from_title": "L’assenza", "to_title": "Campidoglius", "profile": "wheelchair", "distance_m": 103.3, "duration_min": 1.275, "notes": "Segmento generato automaticamente con ORS tra due tappe consecutive." }, "geometry": { "type": "Point", "coordinates": [ 7.6556796, 45.0847506 ] } },
{ "type": "Feature", "properties": { "full_id": "n948015819", "osm_id": "948015819", "name": "Tassoni", "service_type": "transport", "service_subtype": "tram_stop", "route_id": "mau_campidoglio_accessibile", "route_title": "MAU Borgo Campidoglio - Variante accessibile", "segment_id": "mau_campidoglio_accessibile_02", "segment_index": 2, "from_artwork_id": "mau-assenza", "to_artwork_id": "mau-campidoglius", "from_title": "L’assenza", "to_title": "Campidoglius", "profile": "wheelchair", "distance_m": 103.3, "duration_min": 1.275, "notes": "Segmento generato automaticamente con ORS tra due tappe consecutive." }, "geometry": { "type": "Point", "coordinates": [ 7.6570088, 45.0854604 ] } },
{ "type": "Feature", "properties": { "full_id": "n948015844", "osm_id": "948015844", "name": "Martinetto", "service_type": "transport", "service_subtype": "tram_stop", "route_id": "mau_campidoglio_accessibile", "route_title": "MAU Borgo Campidoglio - Variante accessibile", "segment_id": "mau_campidoglio_accessibile_02", "segment_index": 2, "from_artwork_id": "mau-assenza", "to_artwork_id": "mau-campidoglius", "from_title": "L’assenza", "to_title": "Campidoglius", "profile": "wheelchair", "distance_m": 103.3, "duration_min": 1.275, "notes": "Segmento generato automaticamente con ORS tra due tappe consecutive." }, "geometry": { "type": "Point", "coordinates": [ 7.6561034, 45.0853948 ] } },
{ "type": "Feature", "properties": { "full_id": "n948016105", "osm_id": "948016105", "name": "Tassoni", "service_type": "transport", "service_subtype": "tram_stop", "route_id": "mau_campidoglio_accessibile", "route_title": "MAU Borgo Campidoglio - Variante accessibile", "segment_id": "mau_campidoglio_accessibile_02", "segment_index": 2, "from_artwork_id": "mau-assenza", "to_artwork_id": "mau-campidoglius", "from_title": "L’assenza", "to_title": "Campidoglius", "profile": "wheelchair", "distance_m": 103.3, "duration_min": 1.275, "notes": "Segmento generato automaticamente con ORS tra due tappe consecutive." }, "geometry": { "type": "Point", "coordinates": [ 7.6567711, 45.0856796 ] } },
{ "type": "Feature", "properties": { "full_id": "n1229827566", "osm_id": "1229827566", "name": "Martinetto", "service_type": "transport", "service_subtype": "tram_stop", "route_id": "mau_campidoglio_accessibile", "route_title": "MAU Borgo Campidoglio - Variante accessibile", "segment_id": "mau_campidoglio_accessibile_02", "segment_index": 2, "from_artwork_id": "mau-assenza", "to_artwork_id": "mau-campidoglius", "from_title": "L’assenza", "to_title": "Campidoglius", "profile": "wheelchair", "distance_m": 103.3, "duration_min": 1.275, "notes": "Segmento generato automaticamente con ORS tra due tappe consecutive." }, "geometry": { "type": "Point", "coordinates": [ 7.6558892, 45.0852555 ] } },
{ "type": "Feature", "properties": { "full_id": "n6876243995", "osm_id": "6876243995", "name": "I 3 Motivi", "service_type": "food_drink", "service_subtype": "bar", "route_id": "mau_campidoglio_accessibile", "route_title": "MAU Borgo Campidoglio - Variante accessibile", "segment_id": "mau_campidoglio_accessibile_03", "segment_index": 3, "from_artwork_id": "mau-campidoglius", "to_artwork_id": "mau-cor-lesu", "from_title": "Campidoglius", "to_title": "Cor lesu", "profile": "wheelchair", "distance_m": 243.5, "duration_min": 2.89, "notes": "Segmento generato automaticamente con ORS tra due tappe consecutive." }, "geometry": { "type": "Point", "coordinates": [ 7.6570322, 45.0857644 ] } },
{ "type": "Feature", "properties": { "full_id": "n11564982371", "osm_id": "11564982371", "name": null, "service_type": "food_drink", "service_subtype": "cafe", "route_id": "mau_campidoglio_accessibile", "route_title": "MAU Borgo Campidoglio - Variante accessibile", "segment_id": "mau_campidoglio_accessibile_03", "segment_index": 3, "from_artwork_id": "mau-campidoglius", "to_artwork_id": "mau-cor-lesu", "from_title": "Campidoglius", "to_title": "Cor lesu", "profile": "wheelchair", "distance_m": 243.5, "duration_min": 2.89, "notes": "Segmento generato automaticamente con ORS tra due tappe consecutive." }, "geometry": { "type": "Point", "coordinates": [ 7.6608924, 45.0839272 ] } },
{ "type": "Feature", "properties": { "full_id": "n11565014952", "osm_id": "11565014952", "name": "Tassoni", "service_type": "food_drink", "service_subtype": "cafe", "route_id": "mau_campidoglio_accessibile", "route_title": "MAU Borgo Campidoglio - Variante accessibile", "segment_id": "mau_campidoglio_accessibile_03", "segment_index": 3, "from_artwork_id": "mau-campidoglius", "to_artwork_id": "mau-cor-lesu", "from_title": "Campidoglius", "to_title": "Cor lesu", "profile": "wheelchair", "distance_m": 243.5, "duration_min": 2.89, "notes": "Segmento generato automaticamente con ORS tra due tappe consecutive." }, "geometry": { "type": "Point", "coordinates": [ 7.6564181, 45.0854475 ] } },
{ "type": "Feature", "properties": { "full_id": "n7843759212", "osm_id": "7843759212", "name": "Gelateria Caffetteria L'isola di Giava", "service_type": "food_drink", "service_subtype": "ice_cream", "route_id": "mau_campidoglio_accessibile", "route_title": "MAU Borgo Campidoglio - Variante accessibile", "segment_id": "mau_campidoglio_accessibile_03", "segment_index": 3, "from_artwork_id": "mau-campidoglius", "to_artwork_id": "mau-cor-lesu", "from_title": "Campidoglius", "to_title": "Cor lesu", "profile": "wheelchair", "distance_m": 243.5, "duration_min": 2.89, "notes": "Segmento generato automaticamente con ORS tra due tappe consecutive." }, "geometry": { "type": "Point", "coordinates": [ 7.6597543, 45.0848634 ] } },
{ "type": "Feature", "properties": { "full_id": "n1254531624", "osm_id": "1254531624", "name": "Medail", "service_type": "transport", "service_subtype": "bus_stop", "route_id": "mau_campidoglio_accessibile", "route_title": "MAU Borgo Campidoglio - Variante accessibile", "segment_id": "mau_campidoglio_accessibile_03", "segment_index": 3, "from_artwork_id": "mau-campidoglius", "to_artwork_id": "mau-cor-lesu", "from_title": "Campidoglius", "to_title": "Cor lesu", "profile": "wheelchair", "distance_m": 243.5, "duration_min": 2.89, "notes": "Segmento generato automaticamente con ORS tra due tappe consecutive." }, "geometry": { "type": "Point", "coordinates": [ 7.6580027, 45.0832241 ] } },
{ "type": "Feature", "properties": { "full_id": "n1254531625", "osm_id": "1254531625", "name": "Medail", "service_type": "transport", "service_subtype": "bus_stop", "route_id": "mau_campidoglio_accessibile", "route_title": "MAU Borgo Campidoglio - Variante accessibile", "segment_id": "mau_campidoglio_accessibile_03", "segment_index": 3, "from_artwork_id": "mau-campidoglius", "to_artwork_id": "mau-cor-lesu", "from_title": "Campidoglius", "to_title": "Cor lesu", "profile": "wheelchair", "distance_m": 243.5, "duration_min": 2.89, "notes": "Segmento generato automaticamente con ORS tra due tappe consecutive." }, "geometry": { "type": "Point", "coordinates": [ 7.6583936, 45.082947 ] } },
{ "type": "Feature", "properties": { "full_id": "n1262183268", "osm_id": "1262183268", "name": "Martinetto", "service_type": "transport", "service_subtype": "bus_stop", "route_id": "mau_campidoglio_accessibile", "route_title": "MAU Borgo Campidoglio - Variante accessibile", "segment_id": "mau_campidoglio_accessibile_03", "segment_index": 3, "from_artwork_id": "mau-campidoglius", "to_artwork_id": "mau-cor-lesu", "from_title": "Campidoglius", "to_title": "Cor lesu", "profile": "wheelchair", "distance_m": 243.5, "duration_min": 2.89, "notes": "Segmento generato automaticamente con ORS tra due tappe consecutive." }, "geometry": { "type": "Point", "coordinates": [ 7.6558457, 45.0852567 ] } },
{ "type": "Feature", "properties": { "full_id": "n1262195456", "osm_id": "1262195456", "name": "Tassoni", "service_type": "transport", "service_subtype": "bus_stop", "route_id": "mau_campidoglio_accessibile", "route_title": "MAU Borgo Campidoglio - Variante accessibile", "segment_id": "mau_campidoglio_accessibile_03", "segment_index": 3, "from_artwork_id": "mau-campidoglius", "to_artwork_id": "mau-cor-lesu", "from_title": "Campidoglius", "to_title": "Cor lesu", "profile": "wheelchair", "distance_m": 243.5, "duration_min": 2.89, "notes": "Segmento generato automaticamente con ORS tra due tappe consecutive." }, "geometry": { "type": "Point", "coordinates": [ 7.6568075, 45.085715 ] } },
{ "type": "Feature", "properties": { "full_id": "n1262198343", "osm_id": "1262198343", "name": "Martinetto", "service_type": "transport", "service_subtype": "bus_stop", "route_id": "mau_campidoglio_accessibile", "route_title": "MAU Borgo Campidoglio - Variante accessibile", "segment_id": "mau_campidoglio_accessibile_03", "segment_index": 3, "from_artwork_id": "mau-campidoglius", "to_artwork_id": "mau-cor-lesu", "from_title": "Campidoglius", "to_title": "Cor lesu", "profile": "wheelchair", "distance_m": 243.5, "duration_min": 2.89, "notes": "Segmento generato automaticamente con ORS tra due tappe consecutive." }, "geometry": { "type": "Point", "coordinates": [ 7.6563198, 45.0853171 ] } },
{ "type": "Feature", "properties": { "full_id": "n1262204423", "osm_id": "1262204423", "name": "Martinetto", "service_type": "transport", "service_subtype": "bus_stop", "route_id": "mau_campidoglio_accessibile", "route_title": "MAU Borgo Campidoglio - Variante accessibile", "segment_id": "mau_campidoglio_accessibile_03", "segment_index": 3, "from_artwork_id": "mau-campidoglius", "to_artwork_id": "mau-cor-lesu", "from_title": "Campidoglius", "to_title": "Cor lesu", "profile": "wheelchair", "distance_m": 243.5, "duration_min": 2.89, "notes": "Segmento generato automaticamente con ORS tra due tappe consecutive." }, "geometry": { "type": "Point", "coordinates": [ 7.6561245, 45.0853546 ] } },
{ "type": "Feature", "properties": { "full_id": "n1262204495", "osm_id": "1262204495", "name": "Tassoni", "service_type": "transport", "service_subtype": "bus_stop", "route_id": "mau_campidoglio_accessibile", "route_title": "MAU Borgo Campidoglio - Variante accessibile", "segment_id": "mau_campidoglio_accessibile_03", "segment_index": 3, "from_artwork_id": "mau-campidoglius", "to_artwork_id": "mau-cor-lesu", "from_title": "Campidoglius", "to_title": "Cor lesu", "profile": "wheelchair", "distance_m": 243.5, "duration_min": 2.89, "notes": "Segmento generato automaticamente con ORS tra due tappe consecutive." }, "geometry": { "type": "Point", "coordinates": [ 7.657124, 45.0853981 ] } },
{ "type": "Feature", "properties": { "full_id": "n1262209535", "osm_id": "1262209535", "name": "Tassoni Capolinea", "service_type": "transport", "service_subtype": "bus_stop", "route_id": "mau_campidoglio_accessibile", "route_title": "MAU Borgo Campidoglio - Variante accessibile", "segment_id": "mau_campidoglio_accessibile_03", "segment_index": 3, "from_artwork_id": "mau-campidoglius", "to_artwork_id": "mau-cor-lesu", "from_title": "Campidoglius", "to_title": "Cor lesu", "profile": "wheelchair", "distance_m": 243.5, "duration_min": 2.89, "notes": "Segmento generato automaticamente con ORS tra due tappe consecutive." }, "geometry": { "type": "Point", "coordinates": [ 7.6556796, 45.0847506 ] } },
{ "type": "Feature", "properties": { "full_id": "n948015819", "osm_id": "948015819", "name": "Tassoni", "service_type": "transport", "service_subtype": "tram_stop", "route_id": "mau_campidoglio_accessibile", "route_title": "MAU Borgo Campidoglio - Variante accessibile", "segment_id": "mau_campidoglio_accessibile_03", "segment_index": 3, "from_artwork_id": "mau-campidoglius", "to_artwork_id": "mau-cor-lesu", "from_title": "Campidoglius", "to_title": "Cor lesu", "profile": "wheelchair", "distance_m": 243.5, "duration_min": 2.89, "notes": "Segmento generato automaticamente con ORS tra due tappe consecutive." }, "geometry": { "type": "Point", "coordinates": [ 7.6570088, 45.0854604 ] } },
{ "type": "Feature", "properties": { "full_id": "n948015844", "osm_id": "948015844", "name": "Martinetto", "service_type": "transport", "service_subtype": "tram_stop", "route_id": "mau_campidoglio_accessibile", "route_title": "MAU Borgo Campidoglio - Variante accessibile", "segment_id": "mau_campidoglio_accessibile_03", "segment_index": 3, "from_artwork_id": "mau-campidoglius", "to_artwork_id": "mau-cor-lesu", "from_title": "Campidoglius", "to_title": "Cor lesu", "profile": "wheelchair", "distance_m": 243.5, "duration_min": 2.89, "notes": "Segmento generato automaticamente con ORS tra due tappe consecutive." }, "geometry": { "type": "Point", "coordinates": [ 7.6561034, 45.0853948 ] } },
{ "type": "Feature", "properties": { "full_id": "n948016105", "osm_id": "948016105", "name": "Tassoni", "service_type": "transport", "service_subtype": "tram_stop", "route_id": "mau_campidoglio_accessibile", "route_title": "MAU Borgo Campidoglio - Variante accessibile", "segment_id": "mau_campidoglio_accessibile_03", "segment_index": 3, "from_artwork_id": "mau-campidoglius", "to_artwork_id": "mau-cor-lesu", "from_title": "Campidoglius", "to_title": "Cor lesu", "profile": "wheelchair", "distance_m": 243.5, "duration_min": 2.89, "notes": "Segmento generato automaticamente con ORS tra due tappe consecutive." }, "geometry": { "type": "Point", "coordinates": [ 7.6567711, 45.0856796 ] } },
{ "type": "Feature", "properties": { "full_id": "n1229827566", "osm_id": "1229827566", "name": "Martinetto", "service_type": "transport", "service_subtype": "tram_stop", "route_id": "mau_campidoglio_accessibile", "route_title": "MAU Borgo Campidoglio - Variante accessibile", "segment_id": "mau_campidoglio_accessibile_03", "segment_index": 3, "from_artwork_id": "mau-campidoglius", "to_artwork_id": "mau-cor-lesu", "from_title": "Campidoglius", "to_title": "Cor lesu", "profile": "wheelchair", "distance_m": 243.5, "duration_min": 2.89, "notes": "Segmento generato automaticamente con ORS tra due tappe consecutive." }, "geometry": { "type": "Point", "coordinates": [ 7.6558892, 45.0852555 ] } }
]
}
